source_set,source_path,package_name,declaring_type,declaring_type_kind,member_name,member_kind,parameter_types,visibility,modifiers,return_type,throws_types,annotations,type_parameters,line_number
"main","app/src/main/java/de/mkalb/etpetssim/AboutDialog.java","de.mkalb.etpetssim","AboutDialog","CLASS","<init>","CONSTRUCTOR","List<Image>","public","","","","","","34"
"main","app/src/main/java/de/mkalb/etpetssim/AboutDialog.java","de.mkalb.etpetssim","AboutDialog","CLASS","showAboutDialog","METHOD","","public","","void","","","","45"
"main","app/src/main/java/de/mkalb/etpetssim/AboutDialog.java","de.mkalb.etpetssim","AboutDialog","CLASS","createTextAreaTab","METHOD","String, String","private","","Tab","","","","80"
"main","app/src/main/java/de/mkalb/etpetssim/AboutDialog.java","de.mkalb.etpetssim","AboutDialog","CLASS","buildManifestSummary","METHOD","","private","","String","","","","100"
"main","app/src/main/java/de/mkalb/etpetssim/AboutDialog.java","de.mkalb.etpetssim","AboutDialog","CLASS","readManifestInfo","METHOD","","private","","Map<String, String>","","","","125"
"main","app/src/main/java/de/mkalb/etpetssim/AboutDialog.java","de.mkalb.etpetssim","AboutDialog","CLASS","getResourceAsString","METHOD","String","private","","String","","","","158"
"main","app/src/main/java/de/mkalb/etpetssim/AppLauncher.java","de.mkalb.etpetssim","AppLauncher","CLASS","<init>","CONSTRUCTOR","","private","","","","","","22"
"main","app/src/main/java/de/mkalb/etpetssim/AppLauncher.java","de.mkalb.etpetssim","AppLauncher","CLASS","parseArgumentsAndHandleHelp","METHOD","String[]","private","static","AppArgs","","@SuppressWarnings(""CallToSystemExit"")","","35"
"main","app/src/main/java/de/mkalb/etpetssim/AppLauncher.java","de.mkalb.etpetssim","AppLauncher","CLASS","initAppLogger","METHOD","AppArgs","private","static","void","","","","51"
"main","app/src/main/java/de/mkalb/etpetssim/AppLauncher.java","de.mkalb.etpetssim","AppLauncher","CLASS","initAppLocalization","METHOD","AppArgs","private","static","void","","","","74"
"main","app/src/main/java/de/mkalb/etpetssim/AppLauncher.java","de.mkalb.etpetssim","AppLauncher","CLASS","main","METHOD","String[]","package-private","static","void","","","","87"
"main","app/src/main/java/de/mkalb/etpetssim/ExtraterrestrialPetsSimulation.java","de.mkalb.etpetssim","ExtraterrestrialPetsSimulation","CLASS","determineSimulationType","METHOD","AppArgs, boolean","private","","Optional<SimulationType>","","@SuppressWarnings(""SameParameterValue"")","","53"
"main","app/src/main/java/de/mkalb/etpetssim/ExtraterrestrialPetsSimulation.java","de.mkalb.etpetssim","ExtraterrestrialPetsSimulation","CLASS","updateStageIcons","METHOD","Stage","private","","void","","","","64"
"main","app/src/main/java/de/mkalb/etpetssim/ExtraterrestrialPetsSimulation.java","de.mkalb.etpetssim","ExtraterrestrialPetsSimulation","CLASS","switchToSimulation","METHOD","Stage, SimulationType","private","","void","","","","84"
"main","app/src/main/java/de/mkalb/etpetssim/ExtraterrestrialPetsSimulation.java","de.mkalb.etpetssim","ExtraterrestrialPetsSimulation","CLASS","shutdownCurrentSimulation","METHOD","","private","","void","","","","134"
"main","app/src/main/java/de/mkalb/etpetssim/ExtraterrestrialPetsSimulation.java","de.mkalb.etpetssim","ExtraterrestrialPetsSimulation","CLASS","awaitPendingTerminations","METHOD","","private","","void","","","","150"
"main","app/src/main/java/de/mkalb/etpetssim/ExtraterrestrialPetsSimulation.java","de.mkalb.etpetssim","ExtraterrestrialPetsSimulation","CLASS","findScreenContainingStage","METHOD","Stage","private","","Screen","","@SuppressWarnings(""MagicNumber"")","","183"
"main","app/src/main/java/de/mkalb/etpetssim/ExtraterrestrialPetsSimulation.java","de.mkalb.etpetssim","ExtraterrestrialPetsSimulation","CLASS","adjustStageLayoutToScreen","METHOD","Stage, Region","private","","void","","","","211"
"main","app/src/main/java/de/mkalb/etpetssim/ExtraterrestrialPetsSimulation.java","de.mkalb.etpetssim","ExtraterrestrialPetsSimulation","CLASS","buildSimulationHeaderNode","METHOD","Stage, SimulationInstance","private","","Node","","","","320"
"main","app/src/main/java/de/mkalb/etpetssim/ExtraterrestrialPetsSimulation.java","de.mkalb.etpetssim","ExtraterrestrialPetsSimulation","CLASS","start","METHOD","Stage","public","","void","","@Override","","373"
"main","app/src/main/java/de/mkalb/etpetssim/ExtraterrestrialPetsSimulation.java","de.mkalb.etpetssim","ExtraterrestrialPetsSimulation","CLASS","stop","METHOD","","public","","void","","@Override","","403"
"main","app/src/main/java/de/mkalb/etpetssim/SimulationType.java","de.mkalb.etpetssim","SimulationType","ENUM","<init>","CONSTRUCTOR","boolean, boolean, String, String, String, String, List<String>","private","","","","@SuppressWarnings(""SameParameterValue"")","","146"
"main","app/src/main/java/de/mkalb/etpetssim/SimulationType.java","de.mkalb.etpetssim","SimulationType","ENUM","fromCliArgument","METHOD","String, boolean","public","static","Optional<SimulationType>","","","","170"
"main","app/src/main/java/de/mkalb/etpetssim/SimulationType.java","de.mkalb.etpetssim","SimulationType","ENUM","labelResourceKey","METHOD","","public","static","String","","@SuppressWarnings(""SameReturnValue"")","","185"
"main","app/src/main/java/de/mkalb/etpetssim/SimulationType.java","de.mkalb.etpetssim","SimulationType","ENUM","isImplemented","METHOD","","public","","boolean","","","","195"
"main","app/src/main/java/de/mkalb/etpetssim/SimulationType.java","de.mkalb.etpetssim","SimulationType","ENUM","isShownOnStartScreen","METHOD","","public","","boolean","","","","204"
"main","app/src/main/java/de/mkalb/etpetssim/SimulationType.java","de.mkalb.etpetssim","SimulationType","ENUM","titleKey","METHOD","","public","","String","","","","213"
"main","app/src/main/java/de/mkalb/etpetssim/SimulationType.java","de.mkalb.etpetssim","SimulationType","ENUM","subtitleKey","METHOD","","public","","String","","","","222"
"main","app/src/main/java/de/mkalb/etpetssim/SimulationType.java","de.mkalb.etpetssim","SimulationType","ENUM","urlKey","METHOD","","public","","String","","","","231"
"main","app/src/main/java/de/mkalb/etpetssim/SimulationType.java","de.mkalb.etpetssim","SimulationType","ENUM","cssPath","METHOD","","public","","String","","","","240"
"main","app/src/main/java/de/mkalb/etpetssim/SimulationType.java","de.mkalb.etpetssim","SimulationType","ENUM","cliArguments","METHOD","","public","","List<String>","","","","249"
"main","app/src/main/java/de/mkalb/etpetssim/SimulationType.java","de.mkalb.etpetssim","SimulationType","ENUM","title","METHOD","","public","","String","","","","258"
"main","app/src/main/java/de/mkalb/etpetssim/SimulationType.java","de.mkalb.etpetssim","SimulationType","ENUM","subtitle","METHOD","","public","","Optional<String>","","","","267"
"main","app/src/main/java/de/mkalb/etpetssim/SimulationType.java","de.mkalb.etpetssim","SimulationType","ENUM","url","METHOD","","public","","Optional<String>","","","","276"
"main","app/src/main/java/de/mkalb/etpetssim/SimulationType.java","de.mkalb.etpetssim","SimulationType","ENUM","urlAsURI","METHOD","","public","","Optional<URI>","","","","285"
"main","app/src/main/java/de/mkalb/etpetssim/SimulationType.java","de.mkalb.etpetssim","SimulationType","ENUM","cssUrl","METHOD","","public","","Optional<String>","","","","302"
"main","app/src/main/java/de/mkalb/etpetssim/core/AppArgs.java","de.mkalb.etpetssim.core","AppArgs","CLASS","<init>","CONSTRUCTOR","String[]","public","","","","","","31"
"main","app/src/main/java/de/mkalb/etpetssim/core/AppArgs.java","de.mkalb.etpetssim.core","AppArgs","CLASS","parseBooleanValue","METHOD","String, boolean","package-private","static","boolean","","","","73"
"main","app/src/main/java/de/mkalb/etpetssim/core/AppArgs.java","de.mkalb.etpetssim.core","AppArgs","CLASS","getValue","METHOD","Key","public","","Optional<String>","","","","89"
"main","app/src/main/java/de/mkalb/etpetssim/core/AppArgs.java","de.mkalb.etpetssim.core","AppArgs","CLASS","getBoolean","METHOD","Key, boolean","public","","boolean","","","","102"
"main","app/src/main/java/de/mkalb/etpetssim/core/AppArgs.java","de.mkalb.etpetssim.core","AppArgs","CLASS","getInt","METHOD","Key, int","public","","int","","","","119"
"main","app/src/main/java/de/mkalb/etpetssim/core/AppArgs.java","de.mkalb.etpetssim.core","AppArgs","CLASS","isFlagActive","METHOD","Key","public","","boolean","","","","141"
"main","app/src/main/java/de/mkalb/etpetssim/core/AppArgs.java","de.mkalb.etpetssim.core","AppArgs","CLASS","hasKey","METHOD","Key","public","","boolean","","","","156"
"main","app/src/main/java/de/mkalb/etpetssim/core/AppArgs.java","de.mkalb.etpetssim.core","AppArgs","CLASS","keys","METHOD","","public","","Set<Key>","","","","166"
"main","app/src/main/java/de/mkalb/etpetssim/core/AppArgs.java","de.mkalb.etpetssim.core","AppArgs","CLASS","argumentsAsString","METHOD","","public","","String","","","","175"
"main","app/src/main/java/de/mkalb/etpetssim/core/AppArgs.java","de.mkalb.etpetssim.core","AppArgs","CLASS","toString","METHOD","","public","","String","","@Override","","195"
"main","app/src/main/java/de/mkalb/etpetssim/core/AppArgs.java","de.mkalb.etpetssim.core","AppArgs.Key","ENUM","<init>","CONSTRUCTOR","String, String, boolean","private","","","","","","217"
"main","app/src/main/java/de/mkalb/etpetssim/core/AppArgs.java","de.mkalb.etpetssim.core","AppArgs.Key","ENUM","fromString","METHOD","String","public","static","Optional<Key>","","","","230"
"main","app/src/main/java/de/mkalb/etpetssim/core/AppArgs.java","de.mkalb.etpetssim.core","AppArgs.Key","ENUM","printHelp","METHOD","Appendable","public","static","void","","","","243"
"main","app/src/main/java/de/mkalb/etpetssim/core/AppArgs.java","de.mkalb.etpetssim.core","AppArgs.Key","ENUM","key","METHOD","","public","","String","","","","264"
"main","app/src/main/java/de/mkalb/etpetssim/core/AppArgs.java","de.mkalb.etpetssim.core","AppArgs.Key","ENUM","description","METHOD","","public","","String","","","","273"
"main","app/src/main/java/de/mkalb/etpetssim/core/AppArgs.java","de.mkalb.etpetssim.core","AppArgs.Key","ENUM","isFlag","METHOD","","public","","boolean","","","","282"
"main","app/src/main/java/de/mkalb/etpetssim/core/AppLocalization.java","de.mkalb.etpetssim.core","AppLocalization","CLASS","<init>","CONSTRUCTOR","","private","","","","","","33"
"main","app/src/main/java/de/mkalb/etpetssim/core/AppLocalization.java","de.mkalb.etpetssim.core","AppLocalization","CLASS","resetForTesting","METHOD","","package-private","static","void","","","","39"
"main","app/src/main/java/de/mkalb/etpetssim/core/AppLocalization.java","de.mkalb.etpetssim.core","AppLocalization","CLASS","supportedLocales","METHOD","","public","static","List<CountryLocale>","","","","49"
"main","app/src/main/java/de/mkalb/etpetssim/core/AppLocalization.java","de.mkalb.etpetssim.core","AppLocalization","CLASS","isInitialized","METHOD","","public","static synchronized","boolean","","","","58"
"main","app/src/main/java/de/mkalb/etpetssim/core/AppLocalization.java","de.mkalb.etpetssim.core","AppLocalization","CLASS","initialize","METHOD","String, Locale","public","static synchronized","void","","","","73"
"main","app/src/main/java/de/mkalb/etpetssim/core/AppLocalization.java","de.mkalb.etpetssim.core","AppLocalization","CLASS","initialize","METHOD","String","public","static synchronized","void","","","","94"
"main","app/src/main/java/de/mkalb/etpetssim/core/AppLocalization.java","de.mkalb.etpetssim.core","AppLocalization","CLASS","resolveLocaleFromArgument","METHOD","String","package-private","static","Optional<Locale>","","","","110"
"main","app/src/main/java/de/mkalb/etpetssim/core/AppLocalization.java","de.mkalb.etpetssim.core","AppLocalization","CLASS","resolveLocaleFromDefault","METHOD","Locale","package-private","static","Optional<Locale>","","","","143"
"main","app/src/main/java/de/mkalb/etpetssim/core/AppLocalization.java","de.mkalb.etpetssim.core","AppLocalization","CLASS","locale","METHOD","","public","static","Locale","","","","172"
"main","app/src/main/java/de/mkalb/etpetssim/core/AppLocalization.java","de.mkalb.etpetssim.core","AppLocalization","CLASS","bundle","METHOD","","public","static","ResourceBundle","","","","185"
"main","app/src/main/java/de/mkalb/etpetssim/core/AppLocalization.java","de.mkalb.etpetssim.core","AppLocalization","CLASS","getText","METHOD","String","public","static","String","","","","200"
"main","app/src/main/java/de/mkalb/etpetssim/core/AppLocalization.java","de.mkalb.etpetssim.core","AppLocalization","CLASS","getOptionalText","METHOD","String","public","static","Optional<String>","","","","221"
"main","app/src/main/java/de/mkalb/etpetssim/core/AppLocalization.java","de.mkalb.etpetssim.core","AppLocalization","CLASS","getFormattedText","METHOD","String, Object...","public","static","String","","","","248"
"main","app/src/main/java/de/mkalb/etpetssim/core/AppLocalization.java","de.mkalb.etpetssim.core","AppLocalization.CountryLocale","ENUM","<init>","CONSTRUCTOR","Locale, String","private","","","","","","290"
"main","app/src/main/java/de/mkalb/etpetssim/core/AppLocalization.java","de.mkalb.etpetssim.core","AppLocalization.CountryLocale","ENUM","countryLocale","METHOD","","public","","Locale","","","","308"
"main","app/src/main/java/de/mkalb/etpetssim/core/AppLocalization.java","de.mkalb.etpetssim.core","AppLocalization.CountryLocale","ENUM","displayName","METHOD","","public","","String","","","","317"
"main","app/src/main/java/de/mkalb/etpetssim/core/AppLocalization.java","de.mkalb.etpetssim.core","AppLocalization.CountryLocale","ENUM","languageCode","METHOD","","public","","String","","","","326"
"main","app/src/main/java/de/mkalb/etpetssim/core/AppLocalization.java","de.mkalb.etpetssim.core","AppLocalization.CountryLocale","ENUM","countryCode","METHOD","","public","","String","","","","335"
"main","app/src/main/java/de/mkalb/etpetssim/core/AppLocalization.java","de.mkalb.etpetssim.core","AppLocalization.CountryLocale","ENUM","localeCode","METHOD","","public","","String","","","","344"
"main","app/src/main/java/de/mkalb/etpetssim/core/AppLocalizationKeys.java","de.mkalb.etpetssim.core","AppLocalizationKeys","CLASS","<init>","CONSTRUCTOR","","private","","","","","","94"
"main","app/src/main/java/de/mkalb/etpetssim/core/AppLogger.java","de.mkalb.etpetssim.core","AppLogger","CLASS","<init>","CONSTRUCTOR","","private","","","","","","41"
"main","app/src/main/java/de/mkalb/etpetssim/core/AppLogger.java","de.mkalb.etpetssim.core","AppLogger","CLASS","initialize","METHOD","LogLevel, boolean, Path","public","static synchronized","void","","","","58"
"main","app/src/main/java/de/mkalb/etpetssim/core/AppLogger.java","de.mkalb.etpetssim.core","AppLogger","CLASS","isInitialized","METHOD","","public","static synchronized","boolean","","","","70"
"main","app/src/main/java/de/mkalb/etpetssim/core/AppLogger.java","de.mkalb.etpetssim.core","AppLogger","CLASS","initializeForTesting","METHOD","","public","static synchronized","void","","","","77"
"main","app/src/main/java/de/mkalb/etpetssim/core/AppLogger.java","de.mkalb.etpetssim.core","AppLogger","CLASS","resetForTesting","METHOD","","package-private","static synchronized","void","","","","87"
"main","app/src/main/java/de/mkalb/etpetssim/core/AppLogger.java","de.mkalb.etpetssim.core","AppLogger","CLASS","shutdown","METHOD","","public","static synchronized","void","","","","103"
"main","app/src/main/java/de/mkalb/etpetssim/core/AppLogger.java","de.mkalb.etpetssim.core","AppLogger","CLASS","numberOfHandlersForTesting","METHOD","","package-private","static synchronized","int","","","","117"
"main","app/src/main/java/de/mkalb/etpetssim/core/AppLogger.java","de.mkalb.etpetssim.core","AppLogger","CLASS","debug","METHOD","String","public","static","void","","","","126"
"main","app/src/main/java/de/mkalb/etpetssim/core/AppLogger.java","de.mkalb.etpetssim.core","AppLogger","CLASS","debug","METHOD","Supplier<String>","public","static","void","","","","136"
"main","app/src/main/java/de/mkalb/etpetssim/core/AppLogger.java","de.mkalb.etpetssim.core","AppLogger","CLASS","debugf","METHOD","String, Object...","public","static","void","","","","148"
"main","app/src/main/java/de/mkalb/etpetssim/core/AppLogger.java","de.mkalb.etpetssim.core","AppLogger","CLASS","info","METHOD","String","public","static","void","","","","158"
"main","app/src/main/java/de/mkalb/etpetssim/core/AppLogger.java","de.mkalb.etpetssim.core","AppLogger","CLASS","info","METHOD","Supplier<String>","public","static","void","","","","168"
"main","app/src/main/java/de/mkalb/etpetssim/core/AppLogger.java","de.mkalb.etpetssim.core","AppLogger","CLASS","infof","METHOD","String, Object...","public","static","void","","","","180"
"main","app/src/main/java/de/mkalb/etpetssim/core/AppLogger.java","de.mkalb.etpetssim.core","AppLogger","CLASS","warn","METHOD","String","public","static","void","","","","190"
"main","app/src/main/java/de/mkalb/etpetssim/core/AppLogger.java","de.mkalb.etpetssim.core","AppLogger","CLASS","warn","METHOD","Supplier<String>","public","static","void","","","","200"
"main","app/src/main/java/de/mkalb/etpetssim/core/AppLogger.java","de.mkalb.etpetssim.core","AppLogger","CLASS","warnf","METHOD","String, Object...","public","static","void","","","","212"
"main","app/src/main/java/de/mkalb/etpetssim/core/AppLogger.java","de.mkalb.etpetssim.core","AppLogger","CLASS","error","METHOD","String","public","static","void","","","","222"
"main","app/src/main/java/de/mkalb/etpetssim/core/AppLogger.java","de.mkalb.etpetssim.core","AppLogger","CLASS","error","METHOD","Supplier<String>","public","static","void","","","","232"
"main","app/src/main/java/de/mkalb/etpetssim/core/AppLogger.java","de.mkalb.etpetssim.core","AppLogger","CLASS","errorf","METHOD","String, Object...","public","static","void","","","","244"
"main","app/src/main/java/de/mkalb/etpetssim/core/AppLogger.java","de.mkalb.etpetssim.core","AppLogger","CLASS","errorf","METHOD","Throwable, String, Object...","public","static","void","","","","257"
"main","app/src/main/java/de/mkalb/etpetssim/core/AppLogger.java","de.mkalb.etpetssim.core","AppLogger","CLASS","error","METHOD","Throwable, String","public","static","void","","","","270"
"main","app/src/main/java/de/mkalb/etpetssim/core/AppLogger.java","de.mkalb.etpetssim.core","AppLogger","CLASS","initializeLogger","METHOD","LogLevel, boolean, Path","private","synchronized","void","","","","284"
"main","app/src/main/java/de/mkalb/etpetssim/core/AppLogger.java","de.mkalb.etpetssim.core","AppLogger.LogLevel","ENUM","fromString","METHOD","String","public","static","Optional<LogLevel>","","","","369"
"main","app/src/main/java/de/mkalb/etpetssim/core/AppLogger.java","de.mkalb.etpetssim.core","AppLogger.LogLevel","ENUM","toJavaLogLevel","METHOD","","package-private","","Level","","","","383"
"main","app/src/main/java/de/mkalb/etpetssim/core/AppLogger.java","de.mkalb.etpetssim.core","AppLogger.AppLogFormatter","CLASS","displayThreadName","METHOD","","private","static","String","","","","404"
"main","app/src/main/java/de/mkalb/etpetssim/core/AppLogger.java","de.mkalb.etpetssim.core","AppLogger.AppLogFormatter","CLASS","format","METHOD","LogRecord","public","","String","","@SuppressWarnings(""StringConcatenationMissingWhitespace"") | @Override","","409"
"main","app/src/main/java/de/mkalb/etpetssim/core/AppResources.java","de.mkalb.etpetssim.core","AppResources","CLASS","<init>","CONSTRUCTOR","","private","","","","","","34"
"main","app/src/main/java/de/mkalb/etpetssim/core/AppResources.java","de.mkalb.etpetssim.core","AppResources","CLASS","getBundle","METHOD","Locale","public","static","Optional<ResourceBundle>","","","","44"
"main","app/src/main/java/de/mkalb/etpetssim/core/AppResources.java","de.mkalb.etpetssim.core","AppResources","CLASS","getBundle","METHOD","String, Locale","public","static","Optional<ResourceBundle>","","","","57"
"main","app/src/main/java/de/mkalb/etpetssim/core/AppResources.java","de.mkalb.etpetssim.core","AppResources","CLASS","getCssUrl","METHOD","String","public","static","Optional<String>","","","","76"
"main","app/src/main/java/de/mkalb/etpetssim/core/AppResources.java","de.mkalb.etpetssim.core","AppResources","CLASS","getImage","METHOD","String","public","static","Optional<Image>","","","","95"
"main","app/src/main/java/de/mkalb/etpetssim/core/AppResources.java","de.mkalb.etpetssim.core","AppResources","CLASS","getImages","METHOD","String...","public","static","List<Image>","","","","122"
"main","app/src/main/java/de/mkalb/etpetssim/core/AppResources.java","de.mkalb.etpetssim.core","AppResources","CLASS","getResourceAsStream","METHOD","String","public","static","Optional<InputStream>","","","","140"
"main","app/src/main/java/de/mkalb/etpetssim/core/AppResources.java","de.mkalb.etpetssim.core","AppResources","CLASS","getResourceAsString","METHOD","String, Charset","public","static","Optional<String>","","","","158"
"main","app/src/main/java/de/mkalb/etpetssim/core/AppResources.java","de.mkalb.etpetssim.core","AppResources","CLASS","getResourceAsUrl","METHOD","String","public","static","Optional<URL>","","","","180"
"main","app/src/main/java/de/mkalb/etpetssim/core/AppStorage.java","de.mkalb.etpetssim.core","AppStorage","CLASS","<init>","CONSTRUCTOR","","private","","","","","","24"
"main","app/src/main/java/de/mkalb/etpetssim/core/AppStorage.java","de.mkalb.etpetssim.core","AppStorage","CLASS","createAndCheckDirectory","METHOD","Path","private","static","Path","IOException","","","35"
"main","app/src/main/java/de/mkalb/etpetssim/core/AppStorage.java","de.mkalb.etpetssim.core","AppStorage","CLASS","getOrCreateAppDataDir","METHOD","OperatingSystem","private","static","Path","IOException","","","57"
"main","app/src/main/java/de/mkalb/etpetssim/core/AppStorage.java","de.mkalb.etpetssim.core","AppStorage","CLASS","getOrCreateLogDir","METHOD","OperatingSystem","private","static","Path","IOException","","","75"
"main","app/src/main/java/de/mkalb/etpetssim/core/AppStorage.java","de.mkalb.etpetssim.core","AppStorage","CLASS","getOrCreateCacheDir","METHOD","OperatingSystem","private","static","Path","IOException","","","92"
"main","app/src/main/java/de/mkalb/etpetssim/core/AppStorage.java","de.mkalb.etpetssim.core","AppStorage","CLASS","resolveFileInDirectory","METHOD","Path, String","private","static","Path","IOException","","","107"
"main","app/src/main/java/de/mkalb/etpetssim/core/AppStorage.java","de.mkalb.etpetssim.core","AppStorage","CLASS","getAppDataFile","METHOD","String, OperatingSystem","public","static","Path","IOException","","","132"
"main","app/src/main/java/de/mkalb/etpetssim/core/AppStorage.java","de.mkalb.etpetssim.core","AppStorage","CLASS","createAppDataFile","METHOD","String, OperatingSystem","public","static","Path","IOException","","","148"
"main","app/src/main/java/de/mkalb/etpetssim/core/AppStorage.java","de.mkalb.etpetssim.core","AppStorage","CLASS","deleteAppDataFile","METHOD","String, OperatingSystem","public","static","boolean","IOException","","","164"
"main","app/src/main/java/de/mkalb/etpetssim/core/AppStorage.java","de.mkalb.etpetssim.core","AppStorage","CLASS","getLogFile","METHOD","String, OperatingSystem","public","static","Path","IOException","","","184"
"main","app/src/main/java/de/mkalb/etpetssim/core/AppStorage.java","de.mkalb.etpetssim.core","AppStorage","CLASS","createTempCacheFile","METHOD","String, String, OperatingSystem","public","static","Path","IOException","","","200"
"main","app/src/main/java/de/mkalb/etpetssim/core/AppStorage.java","de.mkalb.etpetssim.core","AppStorage.OperatingSystem","ENUM","detect","METHOD","","public","static","OperatingSystem","","","","222"
"main","app/src/main/java/de/mkalb/etpetssim/engine/CellShape.java","de.mkalb.etpetssim.engine","CellShape","ENUM","<init>","CONSTRUCTOR","int, String","private","","","","","","38"
"main","app/src/main/java/de/mkalb/etpetssim/engine/CellShape.java","de.mkalb.etpetssim.engine","CellShape","ENUM","labelResourceKey","METHOD","","public","static","String","","@SuppressWarnings(""SameReturnValue"")","","52"
"main","app/src/main/java/de/mkalb/etpetssim/engine/CellShape.java","de.mkalb.etpetssim.engine","CellShape","ENUM","vertexCount","METHOD","","public","","int","","","","65"
"main","app/src/main/java/de/mkalb/etpetssim/engine/CellShape.java","de.mkalb.etpetssim.engine","CellShape","ENUM","resourceKey","METHOD","","public","","String","","","","76"
"main","app/src/main/java/de/mkalb/etpetssim/engine/EdgeBehavior.java","de.mkalb.etpetssim.engine","EdgeBehavior","ENUM","<init>","CONSTRUCTOR","String","private","","","","","","33"
"main","app/src/main/java/de/mkalb/etpetssim/engine/EdgeBehavior.java","de.mkalb.etpetssim.engine","EdgeBehavior","ENUM","labelResourceKey","METHOD","","public","static","String","","@SuppressWarnings(""SameReturnValue"")","","45"
"main","app/src/main/java/de/mkalb/etpetssim/engine/EdgeBehavior.java","de.mkalb.etpetssim.engine","EdgeBehavior","ENUM","resourceKey","METHOD","","public","","String","","","","57"
"main","app/src/main/java/de/mkalb/etpetssim/engine/GridCoordinate.java","de.mkalb.etpetssim.engine","GridCoordinate","RECORD","isIllegal","METHOD","","public","","boolean","","@SuppressWarnings(""ObjectEquality"")","","46"
"main","app/src/main/java/de/mkalb/etpetssim/engine/GridCoordinate.java","de.mkalb.etpetssim.engine","GridCoordinate","RECORD","isWithinBounds","METHOD","int, int, int, int","public","","boolean","","","","62"
"main","app/src/main/java/de/mkalb/etpetssim/engine/GridCoordinate.java","de.mkalb.etpetssim.engine","GridCoordinate","RECORD","isWithinBounds","METHOD","GridCoordinate, GridCoordinate","public","","boolean","","","","74"
"main","app/src/main/java/de/mkalb/etpetssim/engine/GridCoordinate.java","de.mkalb.etpetssim.engine","GridCoordinate","RECORD","isWithinOriginBounds","METHOD","GridCoordinate","public","","boolean","","","","86"
"main","app/src/main/java/de/mkalb/etpetssim/engine/GridCoordinate.java","de.mkalb.etpetssim.engine","GridCoordinate","RECORD","isXWithinAndYOutOfOriginBounds","METHOD","GridCoordinate","public","","boolean","","","","98"
"main","app/src/main/java/de/mkalb/etpetssim/engine/GridCoordinate.java","de.mkalb.etpetssim.engine","GridCoordinate","RECORD","isYWithinAndXOutOfOriginBounds","METHOD","GridCoordinate","public","","boolean","","","","112"
"main","app/src/main/java/de/mkalb/etpetssim/engine/GridCoordinate.java","de.mkalb.etpetssim.engine","GridCoordinate","RECORD","isXAndYOutOfOriginBounds","METHOD","GridCoordinate","public","","boolean","","","","126"
"main","app/src/main/java/de/mkalb/etpetssim/engine/GridCoordinate.java","de.mkalb.etpetssim.engine","GridCoordinate","RECORD","isEvenColumn","METHOD","","public","","boolean","","","","137"
"main","app/src/main/java/de/mkalb/etpetssim/engine/GridCoordinate.java","de.mkalb.etpetssim.engine","GridCoordinate","RECORD","isOddColumn","METHOD","","public","","boolean","","","","146"
"main","app/src/main/java/de/mkalb/etpetssim/engine/GridCoordinate.java","de.mkalb.etpetssim.engine","GridCoordinate","RECORD","isEvenRow","METHOD","","public","","boolean","","","","155"
"main","app/src/main/java/de/mkalb/etpetssim/engine/GridCoordinate.java","de.mkalb.etpetssim.engine","GridCoordinate","RECORD","isOddRow","METHOD","","public","","boolean","","","","164"
"main","app/src/main/java/de/mkalb/etpetssim/engine/GridCoordinate.java","de.mkalb.etpetssim.engine","GridCoordinate","RECORD","isTriangleCellPointingDown","METHOD","","public","","boolean","","","","175"
"main","app/src/main/java/de/mkalb/etpetssim/engine/GridCoordinate.java","de.mkalb.etpetssim.engine","GridCoordinate","RECORD","hasHexagonCellYOffset","METHOD","","public","","boolean","","","","186"
"main","app/src/main/java/de/mkalb/etpetssim/engine/GridCoordinate.java","de.mkalb.etpetssim.engine","GridCoordinate","RECORD","clampToBounds","METHOD","int, int, int, int","public","","GridCoordinate","","","","201"
"main","app/src/main/java/de/mkalb/etpetssim/engine/GridCoordinate.java","de.mkalb.etpetssim.engine","GridCoordinate","RECORD","clampToBounds","METHOD","GridCoordinate, GridCoordinate","public","","GridCoordinate","","","","215"
"main","app/src/main/java/de/mkalb/etpetssim/engine/GridCoordinate.java","de.mkalb.etpetssim.engine","GridCoordinate","RECORD","clampToOriginBounds","METHOD","GridCoordinate","public","","GridCoordinate","","","","228"
"main","app/src/main/java/de/mkalb/etpetssim/engine/GridCoordinate.java","de.mkalb.etpetssim.engine","GridCoordinate","RECORD","incremented","METHOD","","public","","GridCoordinate","","","","238"
"main","app/src/main/java/de/mkalb/etpetssim/engine/GridCoordinate.java","de.mkalb.etpetssim.engine","GridCoordinate","RECORD","decremented","METHOD","","public","","GridCoordinate","","","","248"
"main","app/src/main/java/de/mkalb/etpetssim/engine/GridCoordinate.java","de.mkalb.etpetssim.engine","GridCoordinate","RECORD","offset","METHOD","int, int","public","","GridCoordinate","","","","260"
"main","app/src/main/java/de/mkalb/etpetssim/engine/GridCoordinate.java","de.mkalb.etpetssim.engine","GridCoordinate","RECORD","offset","METHOD","GridOffset","public","","GridCoordinate","","","","271"
"main","app/src/main/java/de/mkalb/etpetssim/engine/GridCoordinate.java","de.mkalb.etpetssim.engine","GridCoordinate","RECORD","offsetTo","METHOD","GridCoordinate","public","","GridOffset","","","","284"
"main","app/src/main/java/de/mkalb/etpetssim/engine/GridCoordinate.java","de.mkalb.etpetssim.engine","GridCoordinate","RECORD","compareTo","METHOD","GridCoordinate","public","","int","","@Override","","296"
"main","app/src/main/java/de/mkalb/etpetssim/engine/GridCoordinate.java","de.mkalb.etpetssim.engine","GridCoordinate","RECORD","toDisplayString","METHOD","","public","","String","","@SuppressWarnings(""ObjectEquality"")","","316"
"main","app/src/main/java/de/mkalb/etpetssim/engine/GridEdgeBehavior.java","de.mkalb.etpetssim.engine","GridEdgeBehavior","ENUM","<init>","CONSTRUCTOR","EdgeBehavior, EdgeBehavior, String","private","","","","","","43"
"main","app/src/main/java/de/mkalb/etpetssim/engine/GridEdgeBehavior.java","de.mkalb.etpetssim.engine","GridEdgeBehavior","ENUM","labelResourceKey","METHOD","","public","static","String","","@SuppressWarnings(""SameReturnValue"")","","59"
"main","app/src/main/java/de/mkalb/etpetssim/engine/GridEdgeBehavior.java","de.mkalb.etpetssim.engine","GridEdgeBehavior","ENUM","edgeBehaviorX","METHOD","","public","","EdgeBehavior","","","","69"
"main","app/src/main/java/de/mkalb/etpetssim/engine/GridEdgeBehavior.java","de.mkalb.etpetssim.engine","GridEdgeBehavior","ENUM","edgeBehaviorY","METHOD","","public","","EdgeBehavior","","","","78"
"main","app/src/main/java/de/mkalb/etpetssim/engine/GridEdgeBehavior.java","de.mkalb.etpetssim.engine","GridEdgeBehavior","ENUM","hasEqualEdgeBehaviors","METHOD","","public","","boolean","","","","87"
"main","app/src/main/java/de/mkalb/etpetssim/engine/GridEdgeBehavior.java","de.mkalb.etpetssim.engine","GridEdgeBehavior","ENUM","resourceKey","METHOD","","public","","String","","","","98"
"main","app/src/main/java/de/mkalb/etpetssim/engine/GridOffset.java","de.mkalb.etpetssim.engine","GridOffset","RECORD","between","METHOD","GridCoordinate, GridCoordinate","public","static","GridOffset","","","","29"
"main","app/src/main/java/de/mkalb/etpetssim/engine/GridOffset.java","de.mkalb.etpetssim.engine","GridOffset","RECORD","add","METHOD","GridOffset","public","","GridOffset","","","","39"
"main","app/src/main/java/de/mkalb/etpetssim/engine/GridOffset.java","de.mkalb.etpetssim.engine","GridOffset","RECORD","subtract","METHOD","GridOffset","public","","GridOffset","","","","49"
"main","app/src/main/java/de/mkalb/etpetssim/engine/GridOffset.java","de.mkalb.etpetssim.engine","GridOffset","RECORD","negate","METHOD","","public","","GridOffset","","","","58"
"main","app/src/main/java/de/mkalb/etpetssim/engine/GridOffset.java","de.mkalb.etpetssim.engine","GridOffset","RECORD","scale","METHOD","int","public","","GridOffset","","","","68"
"main","app/src/main/java/de/mkalb/etpetssim/engine/GridOffset.java","de.mkalb.etpetssim.engine","GridOffset","RECORD","isZero","METHOD","","public","","boolean","","","","77"
"main","app/src/main/java/de/mkalb/etpetssim/engine/GridOffset.java","de.mkalb.etpetssim.engine","GridOffset","RECORD","manhattanLength","METHOD","","public","","int","","","","88"
"main","app/src/main/java/de/mkalb/etpetssim/engine/GridOffset.java","de.mkalb.etpetssim.engine","GridOffset","RECORD","euclideanLength","METHOD","","public","","double","","","","99"
"main","app/src/main/java/de/mkalb/etpetssim/engine/GridOffset.java","de.mkalb.etpetssim.engine","GridOffset","RECORD","toDisplayString","METHOD","","public","","String","","","","112"
"main","app/src/main/java/de/mkalb/etpetssim/engine/GridSize.java","de.mkalb.etpetssim.engine","GridSize","RECORD","<init>","COMPACT_CONSTRUCTOR","","public","","","","","","57"
"main","app/src/main/java/de/mkalb/etpetssim/engine/GridSize.java","de.mkalb.etpetssim.engine","GridSize","RECORD","isInvalidSize","METHOD","int","public","static","boolean","","","","73"
"main","app/src/main/java/de/mkalb/etpetssim/engine/GridSize.java","de.mkalb.etpetssim.engine","GridSize","RECORD","square","METHOD","int","public","static","GridSize","","","","84"
"main","app/src/main/java/de/mkalb/etpetssim/engine/GridSize.java","de.mkalb.etpetssim.engine","GridSize","RECORD","perimeter","METHOD","","public","","int","","","","93"
"main","app/src/main/java/de/mkalb/etpetssim/engine/GridSize.java","de.mkalb.etpetssim.engine","GridSize","RECORD","area","METHOD","","public","","int","","","","102"
"main","app/src/main/java/de/mkalb/etpetssim/engine/GridSize.java","de.mkalb.etpetssim.engine","GridSize","RECORD","isSquare","METHOD","","public","","boolean","","","","111"
"main","app/src/main/java/de/mkalb/etpetssim/engine/GridSize.java","de.mkalb.etpetssim.engine","GridSize","RECORD","isLandscape","METHOD","","public","","boolean","","","","120"
"main","app/src/main/java/de/mkalb/etpetssim/engine/GridSize.java","de.mkalb.etpetssim.engine","GridSize","RECORD","isPortrait","METHOD","","public","","boolean","","","","129"
"main","app/src/main/java/de/mkalb/etpetssim/engine/GridSize.java","de.mkalb.etpetssim.engine","GridSize","RECORD","aspectRatio","METHOD","","public","","double","","","","141"
"main","app/src/main/java/de/mkalb/etpetssim/engine/GridSize.java","de.mkalb.etpetssim.engine","GridSize","RECORD","toDisplayString","METHOD","","public","","String","","","","154"
"main","app/src/main/java/de/mkalb/etpetssim/engine/GridStructure.java","de.mkalb.etpetssim.engine","GridStructure","RECORD","<init>","COMPACT_CONSTRUCTOR","","public","","","","","","36"
"main","app/src/main/java/de/mkalb/etpetssim/engine/GridStructure.java","de.mkalb.etpetssim.engine","GridStructure","RECORD","isValid","METHOD","GridTopology, GridSize","public","static","boolean","","","","61"
"main","app/src/main/java/de/mkalb/etpetssim/engine/GridStructure.java","de.mkalb.etpetssim.engine","GridStructure","RECORD","cellShape","METHOD","","public","","CellShape","","","","72"
"main","app/src/main/java/de/mkalb/etpetssim/engine/GridStructure.java","de.mkalb.etpetssim.engine","GridStructure","RECORD","cellCount","METHOD","","public","","int","","","","83"
"main","app/src/main/java/de/mkalb/etpetssim/engine/GridStructure.java","de.mkalb.etpetssim.engine","GridStructure","RECORD","edgeBehaviorX","METHOD","","public","","EdgeBehavior","","","","92"
"main","app/src/main/java/de/mkalb/etpetssim/engine/GridStructure.java","de.mkalb.etpetssim.engine","GridStructure","RECORD","edgeBehaviorY","METHOD","","public","","EdgeBehavior","","","","101"
"main","app/src/main/java/de/mkalb/etpetssim/engine/GridStructure.java","de.mkalb.etpetssim.engine","GridStructure","RECORD","minCoordinateInclusive","METHOD","","public","","GridCoordinate","","@SuppressWarnings(""SameReturnValue"")","","111"
"main","app/src/main/java/de/mkalb/etpetssim/engine/GridStructure.java","de.mkalb.etpetssim.engine","GridStructure","RECORD","maxCoordinateExclusive","METHOD","","public","","GridCoordinate","","","","122"
"main","app/src/main/java/de/mkalb/etpetssim/engine/GridStructure.java","de.mkalb.etpetssim.engine","GridStructure","RECORD","maxCoordinateInclusive","METHOD","","public","","GridCoordinate","","","","132"
"main","app/src/main/java/de/mkalb/etpetssim/engine/GridStructure.java","de.mkalb.etpetssim.engine","GridStructure","RECORD","isCoordinateValid","METHOD","GridCoordinate","public","","boolean","","","","143"
"main","app/src/main/java/de/mkalb/etpetssim/engine/GridStructure.java","de.mkalb.etpetssim.engine","GridStructure","RECORD","coordinatesStream","METHOD","","public","","Stream<GridCoordinate>","","","","155"
"main","app/src/main/java/de/mkalb/etpetssim/engine/GridStructure.java","de.mkalb.etpetssim.engine","GridStructure","RECORD","coordinatesList","METHOD","","public","","List<GridCoordinate>","","","","170"
"main","app/src/main/java/de/mkalb/etpetssim/engine/GridStructure.java","de.mkalb.etpetssim.engine","GridStructure","RECORD","toDisplayString","METHOD","","public","","String","","","","189"
"main","app/src/main/java/de/mkalb/etpetssim/engine/GridTopology.java","de.mkalb.etpetssim.engine","GridTopology","RECORD","requiredWidthMultiple","METHOD","CellShape, EdgeBehavior","public","static","int","","","","74"
"main","app/src/main/java/de/mkalb/etpetssim/engine/GridTopology.java","de.mkalb.etpetssim.engine","GridTopology","RECORD","requiredHeightMultiple","METHOD","CellShape, EdgeBehavior","public","static","int","","","","92"
"main","app/src/main/java/de/mkalb/etpetssim/engine/GridTopology.java","de.mkalb.etpetssim.engine","GridTopology","RECORD","requiredWidthMultiple","METHOD","","public","","int","","","","109"
"main","app/src/main/java/de/mkalb/etpetssim/engine/GridTopology.java","de.mkalb.etpetssim.engine","GridTopology","RECORD","requiredHeightMultiple","METHOD","","public","","int","","","","119"
"main","app/src/main/java/de/mkalb/etpetssim/engine/GridTopology.java","de.mkalb.etpetssim.engine","GridTopology","RECORD","edgeBehaviorX","METHOD","","public","","EdgeBehavior","","","","128"
"main","app/src/main/java/de/mkalb/etpetssim/engine/GridTopology.java","de.mkalb.etpetssim.engine","GridTopology","RECORD","edgeBehaviorY","METHOD","","public","","EdgeBehavior","","","","137"
"main","app/src/main/java/de/mkalb/etpetssim/engine/GridTopology.java","de.mkalb.etpetssim.engine","GridTopology","RECORD","cellVertexCount","METHOD","","public","","int","","","","151"
"main","app/src/main/java/de/mkalb/etpetssim/engine/GridTopology.java","de.mkalb.etpetssim.engine","GridTopology","RECORD","toDisplayString","METHOD","","public","","String","","","","165"
"main","app/src/main/java/de/mkalb/etpetssim/engine/executor/AgentStepLogic.java","de.mkalb.etpetssim.engine.executor","AgentStepLogic","INTERFACE","performAgentStep","METHOD","GridCell<T>, WritableGridModel<T>, int, C","public","","void","","","","29"
"main","app/src/main/java/de/mkalb/etpetssim/engine/executor/AsynchronousStepRunner.java","de.mkalb.etpetssim.engine.executor","AsynchronousStepRunner","CLASS","<init>","CONSTRUCTOR","WritableGridModel<T>, Predicate<T>, Function<C, Comparator<GridCell<T>>>, AgentStepLogic<T, C>","public","","","","","","37"
"main","app/src/main/java/de/mkalb/etpetssim/engine/executor/AsynchronousStepRunner.java","de.mkalb.etpetssim.engine.executor","AsynchronousStepRunner","CLASS","<init>","CONSTRUCTOR","WritableGridModel<T>, Predicate<T>, Comparator<GridCell<T>>, AgentStepLogic<T, C>","public","","","","","","56"
"main","app/src/main/java/de/mkalb/etpetssim/engine/executor/AsynchronousStepRunner.java","de.mkalb.etpetssim.engine.executor","AsynchronousStepRunner","CLASS","performStep","METHOD","int, C","public","","void","","@Override","","72"
"main","app/src/main/java/de/mkalb/etpetssim/engine/executor/AsynchronousStepRunner.java","de.mkalb.etpetssim.engine.executor","AsynchronousStepRunner","CLASS","model","METHOD","","public","","WritableGridModel<T>","","","","86"
"main","app/src/main/java/de/mkalb/etpetssim/engine/executor/DefaultSimulationExecutor.java","de.mkalb.etpetssim.engine.executor","DefaultSimulationExecutor","CLASS","<init>","CONSTRUCTOR","SimulationStepRunner<C>, Supplier<GM>, SimulationTerminationCondition<ENT, ? super GM, C>, C","public","","","","","","44"
"main","app/src/main/java/de/mkalb/etpetssim/engine/executor/DefaultSimulationExecutor.java","de.mkalb.etpetssim.engine.executor","DefaultSimulationExecutor","CLASS","currentModel","METHOD","","public","","GM","","@Override","","56"
"main","app/src/main/java/de/mkalb/etpetssim/engine/executor/DefaultSimulationExecutor.java","de.mkalb.etpetssim.engine.executor","DefaultSimulationExecutor","CLASS","stepCount","METHOD","","public","","int","","@Override","","61"
"main","app/src/main/java/de/mkalb/etpetssim/engine/executor/DefaultSimulationExecutor.java","de.mkalb.etpetssim.engine.executor","DefaultSimulationExecutor","CLASS","isFinished","METHOD","","public","","boolean","","@Override","","66"
"main","app/src/main/java/de/mkalb/etpetssim/engine/executor/DefaultSimulationExecutor.java","de.mkalb.etpetssim.engine.executor","DefaultSimulationExecutor","CLASS","executeStep","METHOD","","public","","void","","@Override","","71"
"main","app/src/main/java/de/mkalb/etpetssim/engine/executor/SimulationExecutor.java","de.mkalb.etpetssim.engine.executor","SimulationExecutor","INTERFACE","currentModel","METHOD","","public","","GM","","","","25"
"main","app/src/main/java/de/mkalb/etpetssim/engine/executor/SimulationExecutor.java","de.mkalb.etpetssim.engine.executor","SimulationExecutor","INTERFACE","stepCount","METHOD","","public","","int","","","","33"
"main","app/src/main/java/de/mkalb/etpetssim/engine/executor/SimulationExecutor.java","de.mkalb.etpetssim.engine.executor","SimulationExecutor","INTERFACE","isFinished","METHOD","","public","","boolean","","","","43"
"main","app/src/main/java/de/mkalb/etpetssim/engine/executor/SimulationExecutor.java","de.mkalb.etpetssim.engine.executor","SimulationExecutor","INTERFACE","isExecutorFinished","METHOD","","public","default","boolean","","","","56"
"main","app/src/main/java/de/mkalb/etpetssim/engine/executor/SimulationExecutor.java","de.mkalb.etpetssim.engine.executor","SimulationExecutor","INTERFACE","executeStep","METHOD","","public","","void","","","","63"
"main","app/src/main/java/de/mkalb/etpetssim/engine/executor/SimulationExecutor.java","de.mkalb.etpetssim.engine.executor","SimulationExecutor","INTERFACE","executeSteps","METHOD","int, boolean, Runnable","public","default","StepExecutionResult","","","","86"
"main","app/src/main/java/de/mkalb/etpetssim/engine/executor/SimulationStepRunner.java","de.mkalb.etpetssim.engine.executor","SimulationStepRunner","INTERFACE","performStep","METHOD","int, C","public","","void","","","","20"
"main","app/src/main/java/de/mkalb/etpetssim/engine/executor/SimulationTerminationCondition.java","de.mkalb.etpetssim.engine.executor","SimulationTerminationCondition","INTERFACE","isFinished","METHOD","GM, int, C","public","","boolean","","","","30"
"main","app/src/main/java/de/mkalb/etpetssim/engine/executor/SimulationTerminationCondition.java","de.mkalb.etpetssim.engine.executor","SimulationTerminationCondition","INTERFACE","and","METHOD","SimulationTerminationCondition<ENT, GM, C>","public","default","SimulationTerminationCondition<ENT, GM, C>","","","","39"
"main","app/src/main/java/de/mkalb/etpetssim/engine/executor/SimulationTerminationCondition.java","de.mkalb.etpetssim.engine.executor","SimulationTerminationCondition","INTERFACE","or","METHOD","SimulationTerminationCondition<ENT, GM, C>","public","default","SimulationTerminationCondition<ENT, GM, C>","","","","50"
"main","app/src/main/java/de/mkalb/etpetssim/engine/executor/SimulationTerminationCondition.java","de.mkalb.etpetssim.engine.executor","SimulationTerminationCondition","INTERFACE","negate","METHOD","","public","default","SimulationTerminationCondition<ENT, GM, C>","","","","59"
"main","app/src/main/java/de/mkalb/etpetssim/engine/executor/StepExecutionResult.java","de.mkalb.etpetssim.engine.executor","StepExecutionResult","RECORD","<init>","COMPACT_CONSTRUCTOR","","public","","","","","","22"
"main","app/src/main/java/de/mkalb/etpetssim/engine/executor/StepTimingStatistics.java","de.mkalb.etpetssim.engine.executor","StepTimingStatistics","RECORD","<init>","COMPACT_CONSTRUCTOR","","public","","","","","","23"
"main","app/src/main/java/de/mkalb/etpetssim/engine/executor/StepTimingStatistics.java","de.mkalb.etpetssim.engine.executor","StepTimingStatistics","RECORD","empty","METHOD","","public","static","StepTimingStatistics","","","","52"
"main","app/src/main/java/de/mkalb/etpetssim/engine/executor/SynchronousStepLogic.java","de.mkalb.etpetssim.engine.executor","SynchronousStepLogic","INTERFACE","performSynchronousStep","METHOD","ReadableGridModel<T>, WritableGridModel<T>, int, C","public","","void","","","","31"
"main","app/src/main/java/de/mkalb/etpetssim/engine/executor/SynchronousStepRunner.java","de.mkalb.etpetssim.engine.executor","SynchronousStepRunner","CLASS","<init>","CONSTRUCTOR","WritableGridModel<T>, SynchronousStepLogic<T, C>","public","","","","","","31"
"main","app/src/main/java/de/mkalb/etpetssim/engine/executor/SynchronousStepRunner.java","de.mkalb.etpetssim.engine.executor","SynchronousStepRunner","CLASS","performStep","METHOD","int, C","public","","void","","@Override","","47"
"main","app/src/main/java/de/mkalb/etpetssim/engine/executor/SynchronousStepRunner.java","de.mkalb.etpetssim.engine.executor","SynchronousStepRunner","CLASS","currentModel","METHOD","","public","","WritableGridModel<T>","","","","61"
"main","app/src/main/java/de/mkalb/etpetssim/engine/executor/SynchronousStepRunner.java","de.mkalb.etpetssim.engine.executor","SynchronousStepRunner","CLASS","nextModel","METHOD","","public","","WritableGridModel<T>","","","","70"
"main","app/src/main/java/de/mkalb/etpetssim/engine/executor/TimedSimulationExecutor.java","de.mkalb.etpetssim.engine.executor","TimedSimulationExecutor","CLASS","<init>","CONSTRUCTOR","SimulationExecutor<ENT, GM>","public","","","","","","33"
"main","app/src/main/java/de/mkalb/etpetssim/engine/executor/TimedSimulationExecutor.java","de.mkalb.etpetssim.engine.executor","TimedSimulationExecutor","CLASS","currentModel","METHOD","","public","","GM","","@Override","","37"
"main","app/src/main/java/de/mkalb/etpetssim/engine/executor/TimedSimulationExecutor.java","de.mkalb.etpetssim.engine.executor","TimedSimulationExecutor","CLASS","stepCount","METHOD","","public","","int","","@Override","","42"
"main","app/src/main/java/de/mkalb/etpetssim/engine/executor/TimedSimulationExecutor.java","de.mkalb.etpetssim.engine.executor","TimedSimulationExecutor","CLASS","isFinished","METHOD","","public","","boolean","","@Override","","47"
"main","app/src/main/java/de/mkalb/etpetssim/engine/executor/TimedSimulationExecutor.java","de.mkalb.etpetssim.engine.executor","TimedSimulationExecutor","CLASS","isExecutorFinished","METHOD","","public","","boolean","","@Override","","52"
"main","app/src/main/java/de/mkalb/etpetssim/engine/executor/TimedSimulationExecutor.java","de.mkalb.etpetssim.engine.executor","TimedSimulationExecutor","CLASS","executeStep","METHOD","","public","","void","","@Override","","61"
"main","app/src/main/java/de/mkalb/etpetssim/engine/executor/TimedSimulationExecutor.java","de.mkalb.etpetssim.engine.executor","TimedSimulationExecutor","CLASS","stepTimingStatistics","METHOD","","public","","StepTimingStatistics","","","","86"
"main","app/src/main/java/de/mkalb/etpetssim/engine/executor/TimedSimulationExecutor.java","de.mkalb.etpetssim.engine.executor","TimedSimulationExecutor","CLASS","currentStepNanos","METHOD","","public","","long","","","","105"
"main","app/src/main/java/de/mkalb/etpetssim/engine/model/ArrayGridModel.java","de.mkalb.etpetssim.engine.model","ArrayGridModel","CLASS","<init>","CONSTRUCTOR","GridStructure, T","public","","","","","","39"
"main","app/src/main/java/de/mkalb/etpetssim/engine/model/ArrayGridModel.java","de.mkalb.etpetssim.engine.model","ArrayGridModel","CLASS","structure","METHOD","","public","","GridStructure","","@Override","","46"
"main","app/src/main/java/de/mkalb/etpetssim/engine/model/ArrayGridModel.java","de.mkalb.etpetssim.engine.model","ArrayGridModel","CLASS","defaultEntity","METHOD","","public","","T","","@Override","","51"
"main","app/src/main/java/de/mkalb/etpetssim/engine/model/ArrayGridModel.java","de.mkalb.etpetssim.engine.model","ArrayGridModel","CLASS","getEntity","METHOD","GridCoordinate","public","","T","","@Override | @SuppressWarnings(""unchecked"")","","56"
"main","app/src/main/java/de/mkalb/etpetssim/engine/model/ArrayGridModel.java","de.mkalb.etpetssim.engine.model","ArrayGridModel","CLASS","isDefaultEntity","METHOD","GridCoordinate","public","","boolean","","@Override","","65"
"main","app/src/main/java/de/mkalb/etpetssim/engine/model/ArrayGridModel.java","de.mkalb.etpetssim.engine.model","ArrayGridModel","CLASS","isSparse","METHOD","","public","","boolean","","@Override","","73"
"main","app/src/main/java/de/mkalb/etpetssim/engine/model/ArrayGridModel.java","de.mkalb.etpetssim.engine.model","ArrayGridModel","CLASS","countEntities","METHOD","Predicate<? super T>","public","","long","","@Override","","78"
"main","app/src/main/java/de/mkalb/etpetssim/engine/model/ArrayGridModel.java","de.mkalb.etpetssim.engine.model","ArrayGridModel","CLASS","nonDefaultCoordinates","METHOD","","public","","Set<GridCoordinate>","","@Override","","95"
"main","app/src/main/java/de/mkalb/etpetssim/engine/model/ArrayGridModel.java","de.mkalb.etpetssim.engine.model","ArrayGridModel","CLASS","filteredCoordinates","METHOD","Predicate<T>","public","","List<GridCoordinate>","","@Override","","115"
"main","app/src/main/java/de/mkalb/etpetssim/engine/model/ArrayGridModel.java","de.mkalb.etpetssim.engine.model","ArrayGridModel","CLASS","findRandomDefaultCoordinate","METHOD","Random","public","","Optional<GridCoordinate>","","@Override","","134"
"main","app/src/main/java/de/mkalb/etpetssim/engine/model/ArrayGridModel.java","de.mkalb.etpetssim.engine.model","ArrayGridModel","CLASS","allCells","METHOD","","public","","List<GridCell<T>>","","@Override","","158"
"main","app/src/main/java/de/mkalb/etpetssim/engine/model/ArrayGridModel.java","de.mkalb.etpetssim.engine.model","ArrayGridModel","CLASS","nonDefaultCells","METHOD","","public","","List<GridCell<T>>","","@Override","","176"
"main","app/src/main/java/de/mkalb/etpetssim/engine/model/ArrayGridModel.java","de.mkalb.etpetssim.engine.model","ArrayGridModel","CLASS","filteredCells","METHOD","Predicate<T>","public","","List<GridCell<T>>","","@Override","","197"
"main","app/src/main/java/de/mkalb/etpetssim/engine/model/ArrayGridModel.java","de.mkalb.etpetssim.engine.model","ArrayGridModel","CLASS","filteredCellsSortedBy","METHOD","Predicate<T>, Comparator<GridCell<T>>","public","","List<GridCell<T>>","","@Override","","216"
"main","app/src/main/java/de/mkalb/etpetssim/engine/model/ArrayGridModel.java","de.mkalb.etpetssim.engine.model","ArrayGridModel","CLASS","copy","METHOD","","public","","ArrayGridModel<T>","","@Override","","223"
"main","app/src/main/java/de/mkalb/etpetssim/engine/model/ArrayGridModel.java","de.mkalb.etpetssim.engine.model","ArrayGridModel","CLASS","copyWithDefaultEntity","METHOD","","public","","ArrayGridModel<T>","","@Override","","236"
"main","app/src/main/java/de/mkalb/etpetssim/engine/model/ArrayGridModel.java","de.mkalb.etpetssim.engine.model","ArrayGridModel","CLASS","setEntity","METHOD","GridCoordinate, T","public","","void","","@Override","","241"
"main","app/src/main/java/de/mkalb/etpetssim/engine/model/ArrayGridModel.java","de.mkalb.etpetssim.engine.model","ArrayGridModel","CLASS","setEntityToDefault","METHOD","GridCoordinate","public","","void","","@Override","","249"
"main","app/src/main/java/de/mkalb/etpetssim/engine/model/ArrayGridModel.java","de.mkalb.etpetssim.engine.model","ArrayGridModel","CLASS","fill","METHOD","T","public","","void","","@Override","","257"
"main","app/src/main/java/de/mkalb/etpetssim/engine/model/ArrayGridModel.java","de.mkalb.etpetssim.engine.model","ArrayGridModel","CLASS","fill","METHOD","Supplier<T>","public","","void","","@Override","","264"
"main","app/src/main/java/de/mkalb/etpetssim/engine/model/ArrayGridModel.java","de.mkalb.etpetssim.engine.model","ArrayGridModel","CLASS","fill","METHOD","Function<GridCoordinate, T>","public","","void","","@Override","","275"
"main","app/src/main/java/de/mkalb/etpetssim/engine/model/ArrayGridModel.java","de.mkalb.etpetssim.engine.model","ArrayGridModel","CLASS","clear","METHOD","","public","","void","","@Override","","286"
"main","app/src/main/java/de/mkalb/etpetssim/engine/model/ArrayGridModel.java","de.mkalb.etpetssim.engine.model","ArrayGridModel","CLASS","swapInputCellEntities","METHOD","GridCell<T>, GridCell<T>","public","","void","","@Override","","294"
"main","app/src/main/java/de/mkalb/etpetssim/engine/model/ArrayGridModel.java","de.mkalb.etpetssim.engine.model","ArrayGridModel","CLASS","toString","METHOD","","public","","String","","@Override","","308"
"main","app/src/main/java/de/mkalb/etpetssim/engine/model/CompositeGridModel.java","de.mkalb.etpetssim.engine.model","CompositeGridModel","INTERFACE","getEntities","METHOD","GridCoordinate","public","","List<T>","","","","29"
"main","app/src/main/java/de/mkalb/etpetssim/engine/model/CompositeGridModel.java","de.mkalb.etpetssim.engine.model","CompositeGridModel","INTERFACE","layerCount","METHOD","","public","","int","","","","36"
"main","app/src/main/java/de/mkalb/etpetssim/engine/model/CompositeGridModel.java","de.mkalb.etpetssim.engine.model","CompositeGridModel","INTERFACE","isComposite","METHOD","","public","default","boolean","","@Override","","38"
"main","app/src/main/java/de/mkalb/etpetssim/engine/model/GridCellView.java","de.mkalb.etpetssim.engine.model","GridCellView","INTERFACE","coordinate","METHOD","","public","","GridCoordinate","","","","21"
"main","app/src/main/java/de/mkalb/etpetssim/engine/model/GridCellView.java","de.mkalb.etpetssim.engine.model","GridCellView","INTERFACE","entity","METHOD","","public","","T","","","","28"
"main","app/src/main/java/de/mkalb/etpetssim/engine/model/GridCellView.java","de.mkalb.etpetssim.engine.model","GridCellView","INTERFACE","descriptorId","METHOD","","public","default","String","","","","37"
"main","app/src/main/java/de/mkalb/etpetssim/engine/model/GridCellView.java","de.mkalb.etpetssim.engine.model","GridCellView","INTERFACE","toDisplayString","METHOD","","public","default","String","","","","50"
"main","app/src/main/java/de/mkalb/etpetssim/engine/model/GridModel.java","de.mkalb.etpetssim.engine.model","GridModel","INTERFACE","structure","METHOD","","public","","GridStructure","","","","19"
"main","app/src/main/java/de/mkalb/etpetssim/engine/model/GridModel.java","de.mkalb.etpetssim.engine.model","GridModel","INTERFACE","isComposite","METHOD","","public","","boolean","","","","26"
"main","app/src/main/java/de/mkalb/etpetssim/engine/model/GridModel.java","de.mkalb.etpetssim.engine.model","GridModel","INTERFACE","isCoordinateValid","METHOD","GridCoordinate","public","default","boolean","","","","34"
"main","app/src/main/java/de/mkalb/etpetssim/engine/model/ReadableGridModel.java","de.mkalb.etpetssim.engine.model","ReadableGridModel","INTERFACE","isComposite","METHOD","","public","default","boolean","","@Override","","21"
"main","app/src/main/java/de/mkalb/etpetssim/engine/model/ReadableGridModel.java","de.mkalb.etpetssim.engine.model","ReadableGridModel","INTERFACE","defaultEntity","METHOD","","public","","T","","","","31"
"main","app/src/main/java/de/mkalb/etpetssim/engine/model/ReadableGridModel.java","de.mkalb.etpetssim.engine.model","ReadableGridModel","INTERFACE","getEntity","METHOD","GridCoordinate","public","","T","","","","40"
"main","app/src/main/java/de/mkalb/etpetssim/engine/model/ReadableGridModel.java","de.mkalb.etpetssim.engine.model","ReadableGridModel","INTERFACE","getGridCell","METHOD","GridCoordinate","public","default","GridCell<T>","","","","49"
"main","app/src/main/java/de/mkalb/etpetssim/engine/model/ReadableGridModel.java","de.mkalb.etpetssim.engine.model","ReadableGridModel","INTERFACE","isDefaultEntity","METHOD","GridCoordinate","public","","boolean","","","","60"
"main","app/src/main/java/de/mkalb/etpetssim/engine/model/ReadableGridModel.java","de.mkalb.etpetssim.engine.model","ReadableGridModel","INTERFACE","isSparse","METHOD","","public","","boolean","","","","67"
"main","app/src/main/java/de/mkalb/etpetssim/engine/model/ReadableGridModel.java","de.mkalb.etpetssim.engine.model","ReadableGridModel","INTERFACE","countEntities","METHOD","Predicate<? super T>","public","","long","","","","75"
"main","app/src/main/java/de/mkalb/etpetssim/engine/model/ReadableGridModel.java","de.mkalb.etpetssim.engine.model","ReadableGridModel","INTERFACE","nonDefaultCoordinates","METHOD","","public","","Set<GridCoordinate>","","","","87"
"main","app/src/main/java/de/mkalb/etpetssim/engine/model/ReadableGridModel.java","de.mkalb.etpetssim.engine.model","ReadableGridModel","INTERFACE","filteredCoordinates","METHOD","Predicate<T>","public","","List<GridCoordinate>","","","","100"
"main","app/src/main/java/de/mkalb/etpetssim/engine/model/ReadableGridModel.java","de.mkalb.etpetssim.engine.model","ReadableGridModel","INTERFACE","findRandomDefaultCoordinate","METHOD","Random","public","","Optional<GridCoordinate>","","","","108"
"main","app/src/main/java/de/mkalb/etpetssim/engine/model/ReadableGridModel.java","de.mkalb.etpetssim.engine.model","ReadableGridModel","INTERFACE","allCells","METHOD","","public","","List<GridCell<T>>","","","","119"
"main","app/src/main/java/de/mkalb/etpetssim/engine/model/ReadableGridModel.java","de.mkalb.etpetssim.engine.model","ReadableGridModel","INTERFACE","nonDefaultCells","METHOD","","public","","List<GridCell<T>>","","","","130"
"main","app/src/main/java/de/mkalb/etpetssim/engine/model/ReadableGridModel.java","de.mkalb.etpetssim.engine.model","ReadableGridModel","INTERFACE","filteredCells","METHOD","Predicate<T>","public","","List<GridCell<T>>","","","","142"
"main","app/src/main/java/de/mkalb/etpetssim/engine/model/ReadableGridModel.java","de.mkalb.etpetssim.engine.model","ReadableGridModel","INTERFACE","filteredCellsSortedBy","METHOD","Predicate<T>, Comparator<GridCell<T>>","public","","List<GridCell<T>>","","","","155"
"main","app/src/main/java/de/mkalb/etpetssim/engine/model/SparseGridModel.java","de.mkalb.etpetssim.engine.model","SparseGridModel","CLASS","<init>","CONSTRUCTOR","GridStructure, T","public","","","","","","45"
"main","app/src/main/java/de/mkalb/etpetssim/engine/model/SparseGridModel.java","de.mkalb.etpetssim.engine.model","SparseGridModel","CLASS","structure","METHOD","","public","","GridStructure","","@Override","","51"
"main","app/src/main/java/de/mkalb/etpetssim/engine/model/SparseGridModel.java","de.mkalb.etpetssim.engine.model","SparseGridModel","CLASS","defaultEntity","METHOD","","public","","T","","@Override","","56"
"main","app/src/main/java/de/mkalb/etpetssim/engine/model/SparseGridModel.java","de.mkalb.etpetssim.engine.model","SparseGridModel","CLASS","getEntity","METHOD","GridCoordinate","public","","T","","@Override","","61"
"main","app/src/main/java/de/mkalb/etpetssim/engine/model/SparseGridModel.java","de.mkalb.etpetssim.engine.model","SparseGridModel","CLASS","isDefaultEntity","METHOD","GridCoordinate","public","","boolean","","@Override","","69"
"main","app/src/main/java/de/mkalb/etpetssim/engine/model/SparseGridModel.java","de.mkalb.etpetssim.engine.model","SparseGridModel","CLASS","isSparse","METHOD","","public","","boolean","","@Override","","77"
"main","app/src/main/java/de/mkalb/etpetssim/engine/model/SparseGridModel.java","de.mkalb.etpetssim.engine.model","SparseGridModel","CLASS","countEntities","METHOD","Predicate<? super T>","public","","long","","@Override","","82"
"main","app/src/main/java/de/mkalb/etpetssim/engine/model/SparseGridModel.java","de.mkalb.etpetssim.engine.model","SparseGridModel","CLASS","nonDefaultCoordinates","METHOD","","public","","Set<GridCoordinate>","","@Override","","99"
"main","app/src/main/java/de/mkalb/etpetssim/engine/model/SparseGridModel.java","de.mkalb.etpetssim.engine.model","SparseGridModel","CLASS","filteredCoordinates","METHOD","Predicate<T>","public","","List<GridCoordinate>","","@Override","","110"
"main","app/src/main/java/de/mkalb/etpetssim/engine/model/SparseGridModel.java","de.mkalb.etpetssim.engine.model","SparseGridModel","CLASS","findRandomDefaultCoordinate","METHOD","Random","public","","Optional<GridCoordinate>","","@Override","","148"
"main","app/src/main/java/de/mkalb/etpetssim/engine/model/SparseGridModel.java","de.mkalb.etpetssim.engine.model","SparseGridModel","CLASS","allCells","METHOD","","public","","List<GridCell<T>>","","@Override","","185"
"main","app/src/main/java/de/mkalb/etpetssim/engine/model/SparseGridModel.java","de.mkalb.etpetssim.engine.model","SparseGridModel","CLASS","nonDefaultCells","METHOD","","public","","List<GridCell<T>>","","@Override","","201"
"main","app/src/main/java/de/mkalb/etpetssim/engine/model/SparseGridModel.java","de.mkalb.etpetssim.engine.model","SparseGridModel","CLASS","filteredCells","METHOD","Predicate<T>","public","","List<GridCell<T>>","","@Override","","215"
"main","app/src/main/java/de/mkalb/etpetssim/engine/model/SparseGridModel.java","de.mkalb.etpetssim.engine.model","SparseGridModel","CLASS","filteredCellsSortedBy","METHOD","Predicate<T>, Comparator<GridCell<T>>","public","","List<GridCell<T>>","","@Override","","255"
"main","app/src/main/java/de/mkalb/etpetssim/engine/model/SparseGridModel.java","de.mkalb.etpetssim.engine.model","SparseGridModel","CLASS","copy","METHOD","","public","","SparseGridModel<T>","","@Override","","262"
"main","app/src/main/java/de/mkalb/etpetssim/engine/model/SparseGridModel.java","de.mkalb.etpetssim.engine.model","SparseGridModel","CLASS","copyWithDefaultEntity","METHOD","","public","","SparseGridModel<T>","","@Override","","269"
"main","app/src/main/java/de/mkalb/etpetssim/engine/model/SparseGridModel.java","de.mkalb.etpetssim.engine.model","SparseGridModel","CLASS","setEntity","METHOD","GridCoordinate, T","public","","void","","@Override","","274"
"main","app/src/main/java/de/mkalb/etpetssim/engine/model/SparseGridModel.java","de.mkalb.etpetssim.engine.model","SparseGridModel","CLASS","setEntityToDefault","METHOD","GridCoordinate","public","","void","","@Override","","286"
"main","app/src/main/java/de/mkalb/etpetssim/engine/model/SparseGridModel.java","de.mkalb.etpetssim.engine.model","SparseGridModel","CLASS","fill","METHOD","T","public","","void","","@Override","","294"
"main","app/src/main/java/de/mkalb/etpetssim/engine/model/SparseGridModel.java","de.mkalb.etpetssim.engine.model","SparseGridModel","CLASS","fill","METHOD","Supplier<T>","public","","void","","@Override","","302"
"main","app/src/main/java/de/mkalb/etpetssim/engine/model/SparseGridModel.java","de.mkalb.etpetssim.engine.model","SparseGridModel","CLASS","fill","METHOD","Function<GridCoordinate, T>","public","","void","","@Override","","318"
"main","app/src/main/java/de/mkalb/etpetssim/engine/model/SparseGridModel.java","de.mkalb.etpetssim.engine.model","SparseGridModel","CLASS","clear","METHOD","","public","","void","","@Override","","335"
"main","app/src/main/java/de/mkalb/etpetssim/engine/model/SparseGridModel.java","de.mkalb.etpetssim.engine.model","SparseGridModel","CLASS","swapInputCellEntities","METHOD","GridCell<T>, GridCell<T>","public","","void","","@Override","","340"
"main","app/src/main/java/de/mkalb/etpetssim/engine/model/SparseGridModel.java","de.mkalb.etpetssim.engine.model","SparseGridModel","CLASS","toString","METHOD","","public","","String","","@Override","","366"
"main","app/src/main/java/de/mkalb/etpetssim/engine/model/WritableGridModel.java","de.mkalb.etpetssim.engine.model","WritableGridModel","INTERFACE","copy","METHOD","","public","","WritableGridModel<T>","","","","28"
"main","app/src/main/java/de/mkalb/etpetssim/engine/model/WritableGridModel.java","de.mkalb.etpetssim.engine.model","WritableGridModel","INTERFACE","copyWithDefaultEntity","METHOD","","public","","WritableGridModel<T>","","","","35"
"main","app/src/main/java/de/mkalb/etpetssim/engine/model/WritableGridModel.java","de.mkalb.etpetssim.engine.model","WritableGridModel","INTERFACE","setEntity","METHOD","GridCoordinate, T","public","","void","","","","44"
"main","app/src/main/java/de/mkalb/etpetssim/engine/model/WritableGridModel.java","de.mkalb.etpetssim.engine.model","WritableGridModel","INTERFACE","setEntity","METHOD","GridCell<T>","public","default","void","","","","55"
"main","app/src/main/java/de/mkalb/etpetssim/engine/model/WritableGridModel.java","de.mkalb.etpetssim.engine.model","WritableGridModel","INTERFACE","setEntityToDefault","METHOD","GridCoordinate","public","","void","","","","65"
"main","app/src/main/java/de/mkalb/etpetssim/engine/model/WritableGridModel.java","de.mkalb.etpetssim.engine.model","WritableGridModel","INTERFACE","fill","METHOD","T","public","","void","","","","72"
"main","app/src/main/java/de/mkalb/etpetssim/engine/model/WritableGridModel.java","de.mkalb.etpetssim.engine.model","WritableGridModel","INTERFACE","fill","METHOD","Supplier<T>","public","","void","","","","80"
"main","app/src/main/java/de/mkalb/etpetssim/engine/model/WritableGridModel.java","de.mkalb.etpetssim.engine.model","WritableGridModel","INTERFACE","fill","METHOD","Function<GridCoordinate, T>","public","","void","","","","88"
"main","app/src/main/java/de/mkalb/etpetssim/engine/model/WritableGridModel.java","de.mkalb.etpetssim.engine.model","WritableGridModel","INTERFACE","clear","METHOD","","public","","void","","","","93"
"main","app/src/main/java/de/mkalb/etpetssim/engine/model/WritableGridModel.java","de.mkalb.etpetssim.engine.model","WritableGridModel","INTERFACE","swapInputCellEntities","METHOD","GridCell<T>, GridCell<T>","public","","void","","","","107"
"main","app/src/main/java/de/mkalb/etpetssim/engine/model/entity/ConstantGridEntityDescriptorProvider.java","de.mkalb.etpetssim.engine.model.entity","ConstantGridEntityDescriptorProvider","INTERFACE","descriptorId","METHOD","","public","default","String","","@Override","","15"
"main","app/src/main/java/de/mkalb/etpetssim/engine/model/entity/GridEntity.java","de.mkalb.etpetssim.engine.model.entity","GridEntity","INTERFACE","isConstant","METHOD","GridEntity","public","static","boolean","","@SuppressWarnings(""ClassReferencesSubclass"")","","18"
"main","app/src/main/java/de/mkalb/etpetssim/engine/model/entity/GridEntity.java","de.mkalb.etpetssim.engine.model.entity","GridEntity","INTERFACE","descriptorId","METHOD","","public","","String","","","","33"
"main","app/src/main/java/de/mkalb/etpetssim/engine/model/entity/GridEntity.java","de.mkalb.etpetssim.engine.model.entity","GridEntity","INTERFACE","toDisplayString","METHOD","","public","default","String","","","","48"
"main","app/src/main/java/de/mkalb/etpetssim/engine/model/entity/GridEntityDescriptor.java","de.mkalb.etpetssim.engine.model.entity","GridEntityDescriptor","RECORD","emojiAsOptional","METHOD","","public","","Optional<String>","","","","43"
"main","app/src/main/java/de/mkalb/etpetssim/engine/model/entity/GridEntityDescriptor.java","de.mkalb.etpetssim.engine.model.entity","GridEntityDescriptor","RECORD","colorAsOptional","METHOD","","public","","Optional<Color>","","","","52"
"main","app/src/main/java/de/mkalb/etpetssim/engine/model/entity/GridEntityDescriptor.java","de.mkalb.etpetssim.engine.model.entity","GridEntityDescriptor","RECORD","colorOrFallback","METHOD","","public","","Color","","","","65"
"main","app/src/main/java/de/mkalb/etpetssim/engine/model/entity/GridEntityDescriptor.java","de.mkalb.etpetssim.engine.model.entity","GridEntityDescriptor","RECORD","borderColorAsOptional","METHOD","","public","","Optional<Color>","","","","74"
"main","app/src/main/java/de/mkalb/etpetssim/engine/model/entity/GridEntityDescriptor.java","de.mkalb.etpetssim.engine.model.entity","GridEntityDescriptor","RECORD","borderColorOrFallback","METHOD","","public","","Color","","","","87"
"main","app/src/main/java/de/mkalb/etpetssim/engine/model/entity/GridEntityDescriptor.java","de.mkalb.etpetssim.engine.model.entity","GridEntityDescriptor","RECORD","toDisplayString","METHOD","","public","","String","","","","100"
"main","app/src/main/java/de/mkalb/etpetssim/engine/model/entity/GridEntityDescriptorProvider.java","de.mkalb.etpetssim.engine.model.entity","GridEntityDescriptorProvider","INTERFACE","descriptorId","METHOD","","public","","String","","","","27"
"main","app/src/main/java/de/mkalb/etpetssim/engine/model/entity/GridEntityDescriptorProvider.java","de.mkalb.etpetssim.engine.model.entity","GridEntityDescriptorProvider","INTERFACE","visible","METHOD","","public","","boolean","","","","34"
"main","app/src/main/java/de/mkalb/etpetssim/engine/model/entity/GridEntityDescriptorProvider.java","de.mkalb.etpetssim.engine.model.entity","GridEntityDescriptorProvider","INTERFACE","shortNameKey","METHOD","","public","","String","","","","41"
"main","app/src/main/java/de/mkalb/etpetssim/engine/model/entity/GridEntityDescriptorProvider.java","de.mkalb.etpetssim.engine.model.entity","GridEntityDescriptorProvider","INTERFACE","longNameKey","METHOD","","public","","String","","","","48"
"main","app/src/main/java/de/mkalb/etpetssim/engine/model/entity/GridEntityDescriptorProvider.java","de.mkalb.etpetssim.engine.model.entity","GridEntityDescriptorProvider","INTERFACE","descriptionKey","METHOD","","public","","String","","","","55"
"main","app/src/main/java/de/mkalb/etpetssim/engine/model/entity/GridEntityDescriptorProvider.java","de.mkalb.etpetssim.engine.model.entity","GridEntityDescriptorProvider","INTERFACE","emojiKey","METHOD","","public","","String","","@Nullable","","62"
"main","app/src/main/java/de/mkalb/etpetssim/engine/model/entity/GridEntityDescriptorProvider.java","de.mkalb.etpetssim.engine.model.entity","GridEntityDescriptorProvider","INTERFACE","color","METHOD","","public","","Color","","@Nullable","","70"
"main","app/src/main/java/de/mkalb/etpetssim/engine/model/entity/GridEntityDescriptorProvider.java","de.mkalb.etpetssim.engine.model.entity","GridEntityDescriptorProvider","INTERFACE","borderColor","METHOD","","public","","Color","","@Nullable","","78"
"main","app/src/main/java/de/mkalb/etpetssim/engine/model/entity/GridEntityDescriptorRegistry.java","de.mkalb.etpetssim.engine.model.entity","GridEntityDescriptorRegistry","CLASS","<init>","CONSTRUCTOR","int","public","","","","","","33"
"main","app/src/main/java/de/mkalb/etpetssim/engine/model/entity/GridEntityDescriptorRegistry.java","de.mkalb.etpetssim.engine.model.entity","GridEntityDescriptorRegistry","CLASS","of","METHOD","GridEntityDescriptorProvider...","public","static","GridEntityDescriptorRegistry","","","","44"
"main","app/src/main/java/de/mkalb/etpetssim/engine/model/entity/GridEntityDescriptorRegistry.java","de.mkalb.etpetssim.engine.model.entity","GridEntityDescriptorRegistry","CLASS","ofArray","METHOD","GridEntityDescriptorProvider[]","public","static","GridEntityDescriptorRegistry","","","","55"
"main","app/src/main/java/de/mkalb/etpetssim/engine/model/entity/GridEntityDescriptorRegistry.java","de.mkalb.etpetssim.engine.model.entity","GridEntityDescriptorRegistry","CLASS","ofCollection","METHOD","Collection<? extends GridEntityDescriptorProvider>","public","static","GridEntityDescriptorRegistry","","","","68"
"main","app/src/main/java/de/mkalb/etpetssim/engine/model/entity/GridEntityDescriptorRegistry.java","de.mkalb.etpetssim.engine.model.entity","GridEntityDescriptorRegistry","CLASS","registerProviders","METHOD","Iterable<? extends GridEntityDescriptorProvider>","private","","void","","","","74"
"main","app/src/main/java/de/mkalb/etpetssim/engine/model/entity/GridEntityDescriptorRegistry.java","de.mkalb.etpetssim.engine.model.entity","GridEntityDescriptorRegistry","CLASS","registerProvider","METHOD","GridEntityDescriptorProvider","private","","void","","","","80"
"main","app/src/main/java/de/mkalb/etpetssim/engine/model/entity/GridEntityDescriptorRegistry.java","de.mkalb.etpetssim.engine.model.entity","GridEntityDescriptorRegistry","CLASS","register","METHOD","String, boolean, String, String, String, String, Color, Color","public","","GridEntityDescriptor","","@SuppressWarnings(""UnusedReturnValue"")","","111"
"main","app/src/main/java/de/mkalb/etpetssim/engine/model/entity/GridEntityDescriptorRegistry.java","de.mkalb.etpetssim.engine.model.entity","GridEntityDescriptorRegistry","CLASS","findByDescriptorId","METHOD","String","public","","Optional<GridEntityDescriptor>","","","","142"
"main","app/src/main/java/de/mkalb/etpetssim/engine/model/entity/GridEntityDescriptorRegistry.java","de.mkalb.etpetssim.engine.model.entity","GridEntityDescriptorRegistry","CLASS","requireByDescriptorId","METHOD","String","public","","GridEntityDescriptor","","","","157"
"main","app/src/main/java/de/mkalb/etpetssim/engine/model/entity/GridEntityDescriptorRegistry.java","de.mkalb.etpetssim.engine.model.entity","GridEntityDescriptorRegistry","CLASS","toString","METHOD","","public","","String","","@Override","","165"
"main","app/src/main/java/de/mkalb/etpetssim/engine/model/entity/SpecBackedGridEntityDescriptorProvider.java","de.mkalb.etpetssim.engine.model.entity","SpecBackedGridEntityDescriptorProvider","INTERFACE","descriptorSpec","METHOD","","public","","GridEntityDescriptorSpec","","","","25"
"main","app/src/main/java/de/mkalb/etpetssim/engine/model/entity/SpecBackedGridEntityDescriptorProvider.java","de.mkalb.etpetssim.engine.model.entity","SpecBackedGridEntityDescriptorProvider","INTERFACE","descriptorId","METHOD","","public","default","String","","@Override","","27"
"main","app/src/main/java/de/mkalb/etpetssim/engine/model/entity/SpecBackedGridEntityDescriptorProvider.java","de.mkalb.etpetssim.engine.model.entity","SpecBackedGridEntityDescriptorProvider","INTERFACE","visible","METHOD","","public","default","boolean","","@Override","","32"
"main","app/src/main/java/de/mkalb/etpetssim/engine/model/entity/SpecBackedGridEntityDescriptorProvider.java","de.mkalb.etpetssim.engine.model.entity","SpecBackedGridEntityDescriptorProvider","INTERFACE","shortNameKey","METHOD","","public","default","String","","@Override","","37"
"main","app/src/main/java/de/mkalb/etpetssim/engine/model/entity/SpecBackedGridEntityDescriptorProvider.java","de.mkalb.etpetssim.engine.model.entity","SpecBackedGridEntityDescriptorProvider","INTERFACE","longNameKey","METHOD","","public","default","String","","@Override","","42"
"main","app/src/main/java/de/mkalb/etpetssim/engine/model/entity/SpecBackedGridEntityDescriptorProvider.java","de.mkalb.etpetssim.engine.model.entity","SpecBackedGridEntityDescriptorProvider","INTERFACE","descriptionKey","METHOD","","public","default","String","","@Override","","47"
"main","app/src/main/java/de/mkalb/etpetssim/engine/model/entity/SpecBackedGridEntityDescriptorProvider.java","de.mkalb.etpetssim.engine.model.entity","SpecBackedGridEntityDescriptorProvider","INTERFACE","emojiKey","METHOD","","public","default","String","","@Override | @Nullable","","52"
"main","app/src/main/java/de/mkalb/etpetssim/engine/model/entity/SpecBackedGridEntityDescriptorProvider.java","de.mkalb.etpetssim.engine.model.entity","SpecBackedGridEntityDescriptorProvider","INTERFACE","color","METHOD","","public","default","Color","","@Override | @Nullable","","57"
"main","app/src/main/java/de/mkalb/etpetssim/engine/model/entity/SpecBackedGridEntityDescriptorProvider.java","de.mkalb.etpetssim.engine.model.entity","SpecBackedGridEntityDescriptorProvider","INTERFACE","borderColor","METHOD","","public","default","Color","","@Override | @Nullable","","62"
"main","app/src/main/java/de/mkalb/etpetssim/engine/neighborhood/CellConnectionType.java","de.mkalb.etpetssim.engine.neighborhood","CellConnectionType","ENUM","<init>","CONSTRUCTOR","String","private","","","","","","28"
"main","app/src/main/java/de/mkalb/etpetssim/engine/neighborhood/CellConnectionType.java","de.mkalb.etpetssim.engine.neighborhood","CellConnectionType","ENUM","labelResourceKey","METHOD","","public","static","String","","@SuppressWarnings(""SameReturnValue"")","","40"
"main","app/src/main/java/de/mkalb/etpetssim/engine/neighborhood/CellConnectionType.java","de.mkalb.etpetssim.engine.neighborhood","CellConnectionType","ENUM","resourceKey","METHOD","","public","","String","","","","52"
"main","app/src/main/java/de/mkalb/etpetssim/engine/neighborhood/CellNeighbor.java","de.mkalb.etpetssim.engine.neighborhood","CellNeighbor","RECORD","isEdgeConnection","METHOD","","public","","boolean","","","","33"
"main","app/src/main/java/de/mkalb/etpetssim/engine/neighborhood/CellNeighbor.java","de.mkalb.etpetssim.engine.neighborhood","CellNeighbor","RECORD","isVertexConnection","METHOD","","public","","boolean","","","","42"
"main","app/src/main/java/de/mkalb/etpetssim/engine/neighborhood/CellNeighbor.java","de.mkalb.etpetssim.engine.neighborhood","CellNeighbor","RECORD","toDisplayString","METHOD","","public","","String","","","","53"
"main","app/src/main/java/de/mkalb/etpetssim/engine/neighborhood/CellNeighborWithEdgeBehavior.java","de.mkalb.etpetssim.engine.neighborhood","CellNeighborWithEdgeBehavior","RECORD","of","METHOD","CellNeighbor, EdgeBehaviorResult","public","static","CellNeighborWithEdgeBehavior","","","","47"
"main","app/src/main/java/de/mkalb/etpetssim/engine/neighborhood/CellNeighborWithEdgeBehavior.java","de.mkalb.etpetssim.engine.neighborhood","CellNeighborWithEdgeBehavior","RECORD","isEdgeConnection","METHOD","","public","","boolean","","","","63"
"main","app/src/main/java/de/mkalb/etpetssim/engine/neighborhood/CellNeighborWithEdgeBehavior.java","de.mkalb.etpetssim.engine.neighborhood","CellNeighborWithEdgeBehavior","RECORD","isVertexConnection","METHOD","","public","","boolean","","","","72"
"main","app/src/main/java/de/mkalb/etpetssim/engine/neighborhood/CellNeighborWithEdgeBehavior.java","de.mkalb.etpetssim.engine.neighborhood","CellNeighborWithEdgeBehavior","RECORD","toDisplayString","METHOD","","public","","String","","","","84"
"main","app/src/main/java/de/mkalb/etpetssim/engine/neighborhood/CellNeighborhoods.java","de.mkalb.etpetssim.engine.neighborhood","CellNeighborhoods","CLASS","<init>","CONSTRUCTOR","","private","","","","","","78"
"main","app/src/main/java/de/mkalb/etpetssim/engine/neighborhood/CellNeighborhoods.java","de.mkalb.etpetssim.engine.neighborhood","CellNeighborhoods","CLASS","maxNeighborCount","METHOD","CellShape, NeighborhoodMode","public","static","int","","","","93"
"main","app/src/main/java/de/mkalb/etpetssim/engine/neighborhood/CellNeighborhoods.java","de.mkalb.etpetssim.engine.neighborhood","CellNeighborhoods","CLASS","maxNeighborCount","METHOD","CellShape, NeighborhoodMode, int","public","static","int","","","","118"
"main","app/src/main/java/de/mkalb/etpetssim/engine/neighborhood/CellNeighborhoods.java","de.mkalb.etpetssim.engine.neighborhood","CellNeighborhoods","CLASS","isCellNeighbor","METHOD","GridCoordinate, GridCoordinate, NeighborhoodMode, CellShape","public","static","boolean","","","","160"
"main","app/src/main/java/de/mkalb/etpetssim/engine/neighborhood/CellNeighborhoods.java","de.mkalb.etpetssim.engine.neighborhood","CellNeighborhoods","CLASS","edgeActionForCoordinate","METHOD","GridCoordinate, GridStructure","public","static","EdgeBehaviorAction","","","","187"
"main","app/src/main/java/de/mkalb/etpetssim/engine/neighborhood/CellNeighborhoods.java","de.mkalb.etpetssim.engine.neighborhood","CellNeighborhoods","CLASS","isValidEdgeCoordinate","METHOD","GridCoordinate, GridStructure","public","static","boolean","","","","232"
"main","app/src/main/java/de/mkalb/etpetssim/engine/neighborhood/CellNeighborhoods.java","de.mkalb.etpetssim.engine.neighborhood","CellNeighborhoods","CLASS","applyEdgeBehaviorToCoordinate","METHOD","GridCoordinate, GridStructure","public","static","EdgeBehaviorResult","","","","252"
"main","app/src/main/java/de/mkalb/etpetssim/engine/neighborhood/CellNeighborhoods.java","de.mkalb.etpetssim.engine.neighborhood","CellNeighborhoods","CLASS","neighborEdgeResults","METHOD","GridCoordinate, NeighborhoodMode, GridStructure","public","static","Collection<EdgeBehaviorResult>","","","","290"
"main","app/src/main/java/de/mkalb/etpetssim/engine/neighborhood/CellNeighborhoods.java","de.mkalb.etpetssim.engine.neighborhood","CellNeighborhoods","CLASS","cellNeighborsIgnoringEdgeBehavior","METHOD","GridCoordinate, NeighborhoodMode, CellShape","public","static","Stream<CellNeighbor>","","","","328"
"main","app/src/main/java/de/mkalb/etpetssim/engine/neighborhood/CellNeighborhoods.java","de.mkalb.etpetssim.engine.neighborhood","CellNeighborhoods","CLASS","cellNeighborWithEdgeBehavior","METHOD","GridCoordinate, NeighborhoodMode, CompassDirection, GridStructure","public","static","Optional<CellNeighborWithEdgeBehavior>","","","","358"
"main","app/src/main/java/de/mkalb/etpetssim/engine/neighborhood/CellNeighborhoods.java","de.mkalb.etpetssim.engine.neighborhood","CellNeighborhoods","CLASS","cellNeighborsWithEdgeBehavior","METHOD","GridCoordinate, NeighborhoodMode, GridStructure","public","static","Map<GridCoordinate, List<CellNeighborWithEdgeBehavior>>","","","","402"
"main","app/src/main/java/de/mkalb/etpetssim/engine/neighborhood/CellNeighborhoods.java","de.mkalb.etpetssim.engine.neighborhood","CellNeighborhoods","CLASS","cellsByRadiusRings","METHOD","GridCoordinate, NeighborhoodMode, GridStructure, int, Function<GridCoordinate, C>","public","static","SortedMap<Integer, SortedMap<GridCoordinate, RadiusRingCell<C>>>","","","C","444"
"main","app/src/main/java/de/mkalb/etpetssim/engine/neighborhood/CellNeighborhoods.java","de.mkalb.etpetssim.engine.neighborhood","CellNeighborhoods","CLASS","coordinatesOfNeighbors","METHOD","GridCoordinate, NeighborhoodMode, CellShape, int","public","static","Set<GridCoordinate>","","","","527"
"main","app/src/main/java/de/mkalb/etpetssim/engine/neighborhood/CellNeighborhoods.java","de.mkalb.etpetssim.engine.neighborhood","CellNeighborhoods","CLASS","cellNeighborDirections","METHOD","GridCoordinate, NeighborhoodMode, CellShape","public","static","Set<CompassDirection>","","","","585"
"main","app/src/main/java/de/mkalb/etpetssim/engine/neighborhood/CellNeighborhoods.java","de.mkalb.etpetssim.engine.neighborhood","CellNeighborhoods","CLASS","getCellNeighborConnections","METHOD","GridCoordinate, NeighborhoodMode, CellShape","package-private","static","List<CellNeighborConnection>","","","","605"
"main","app/src/main/java/de/mkalb/etpetssim/engine/neighborhood/CellNeighborhoods.java","de.mkalb.etpetssim.engine.neighborhood","CellNeighborhoods","CLASS","generateCacheKey","METHOD","GridCoordinate, NeighborhoodMode, CellShape","package-private","static","String","","","","625"
"main","app/src/main/java/de/mkalb/etpetssim/engine/neighborhood/CellNeighborhoods.java","de.mkalb.etpetssim.engine.neighborhood","CellNeighborhoods","CLASS","computeCellNeighborConnections","METHOD","GridCoordinate, NeighborhoodMode, CellShape","package-private","static","List<CellNeighborConnection>","","","","646"
"main","app/src/main/java/de/mkalb/etpetssim/engine/neighborhood/CellNeighborhoods.java","de.mkalb.etpetssim.engine.neighborhood","CellNeighborhoods","CLASS","computeTriangleCellNeighborConnections","METHOD","NeighborhoodMode, boolean","package-private","static","List<CellNeighborConnection>","","","","668"
"main","app/src/main/java/de/mkalb/etpetssim/engine/neighborhood/CellNeighborhoods.java","de.mkalb.etpetssim.engine.neighborhood","CellNeighborhoods","CLASS","computeSquareCellNeighborConnections","METHOD","NeighborhoodMode","package-private","static","List<CellNeighborConnection>","","","","731"
"main","app/src/main/java/de/mkalb/etpetssim/engine/neighborhood/CellNeighborhoods.java","de.mkalb.etpetssim.engine.neighborhood","CellNeighborhoods","CLASS","computeHexagonCellNeighborConnections","METHOD","boolean","package-private","static","List<CellNeighborConnection>","","","","761"
"main","app/src/main/java/de/mkalb/etpetssim/engine/neighborhood/CompassDirection.java","de.mkalb.etpetssim.engine.neighborhood","CompassDirection","ENUM","<init>","CONSTRUCTOR","String, String, int, String","private","","","","","","118"
"main","app/src/main/java/de/mkalb/etpetssim/engine/neighborhood/CompassDirection.java","de.mkalb.etpetssim.engine.neighborhood","CompassDirection","ENUM","labelResourceKey","METHOD","","public","static","String","","@SuppressWarnings(""SameReturnValue"")","","136"
"main","app/src/main/java/de/mkalb/etpetssim/engine/neighborhood/CompassDirection.java","de.mkalb.etpetssim.engine.neighborhood","CompassDirection","ENUM","distance","METHOD","CompassDirection, CompassDirection","public","static","int","","","","153"
"main","app/src/main/java/de/mkalb/etpetssim/engine/neighborhood/CompassDirection.java","de.mkalb.etpetssim.engine.neighborhood","CompassDirection","ENUM","distanceOnRing","METHOD","CompassDirection, CompassDirection, List<CompassDirection>","public","static","int","","","","172"
"main","app/src/main/java/de/mkalb/etpetssim/engine/neighborhood/CompassDirection.java","de.mkalb.etpetssim.engine.neighborhood","CompassDirection","ENUM","abbreviationResourceKey","METHOD","","public","","String","","","","194"
"main","app/src/main/java/de/mkalb/etpetssim/engine/neighborhood/CompassDirection.java","de.mkalb.etpetssim.engine.neighborhood","CompassDirection","ENUM","nameResourceKey","METHOD","","public","","String","","","","203"
"main","app/src/main/java/de/mkalb/etpetssim/engine/neighborhood/CompassDirection.java","de.mkalb.etpetssim.engine.neighborhood","CompassDirection","ENUM","level","METHOD","","public","","int","","","","219"
"main","app/src/main/java/de/mkalb/etpetssim/engine/neighborhood/CompassDirection.java","de.mkalb.etpetssim.engine.neighborhood","CompassDirection","ENUM","arrow","METHOD","","public","","String","","","","235"
"main","app/src/main/java/de/mkalb/etpetssim/engine/neighborhood/CompassDirection.java","de.mkalb.etpetssim.engine.neighborhood","CompassDirection","ENUM","opposite","METHOD","","public","","CompassDirection","","","","244"
"main","app/src/main/java/de/mkalb/etpetssim/engine/neighborhood/CompassDirection.java","de.mkalb.etpetssim.engine.neighborhood","CompassDirection","ENUM","nextClockwise","METHOD","","public","","CompassDirection","","","","253"
"main","app/src/main/java/de/mkalb/etpetssim/engine/neighborhood/CompassDirection.java","de.mkalb.etpetssim.engine.neighborhood","CompassDirection","ENUM","nextCounterClockwise","METHOD","","public","","CompassDirection","","","","262"
"main","app/src/main/java/de/mkalb/etpetssim/engine/neighborhood/CompassDirection.java","de.mkalb.etpetssim.engine.neighborhood","CompassDirection","ENUM","listClockwise","METHOD","","public","","List<CompassDirection>","","","","272"
"main","app/src/main/java/de/mkalb/etpetssim/engine/neighborhood/CompassDirection.java","de.mkalb.etpetssim.engine.neighborhood","CompassDirection","ENUM","listCounterClockwise","METHOD","","public","","List<CompassDirection>","","","","288"
"main","app/src/main/java/de/mkalb/etpetssim/engine/neighborhood/CompassDirection.java","de.mkalb.etpetssim.engine.neighborhood","CompassDirection","ENUM","streamClockwise","METHOD","","public","","Stream<CompassDirection>","","","","304"
"main","app/src/main/java/de/mkalb/etpetssim/engine/neighborhood/CompassDirection.java","de.mkalb.etpetssim.engine.neighborhood","CompassDirection","ENUM","streamCounterClockwise","METHOD","","public","","Stream<CompassDirection>","","","","315"
"main","app/src/main/java/de/mkalb/etpetssim/engine/neighborhood/EdgeBehaviorResult.java","de.mkalb.etpetssim.engine.neighborhood","EdgeBehaviorResult","RECORD","toDisplayString","METHOD","","public","","String","","","","33"
"main","app/src/main/java/de/mkalb/etpetssim/engine/neighborhood/NeighborhoodMode.java","de.mkalb.etpetssim.engine.neighborhood","NeighborhoodMode","ENUM","<init>","CONSTRUCTOR","String","private","","","","","","26"
"main","app/src/main/java/de/mkalb/etpetssim/engine/neighborhood/NeighborhoodMode.java","de.mkalb.etpetssim.engine.neighborhood","NeighborhoodMode","ENUM","labelResourceKey","METHOD","","public","static","String","","@SuppressWarnings(""SameReturnValue"")","","38"
"main","app/src/main/java/de/mkalb/etpetssim/engine/neighborhood/NeighborhoodMode.java","de.mkalb.etpetssim.engine.neighborhood","NeighborhoodMode","ENUM","includesVertexNeighbors","METHOD","","public","","boolean","","","","48"
"main","app/src/main/java/de/mkalb/etpetssim/engine/neighborhood/NeighborhoodMode.java","de.mkalb.etpetssim.engine.neighborhood","NeighborhoodMode","ENUM","resourceKey","METHOD","","public","","String","","","","59"
"main","app/src/main/java/de/mkalb/etpetssim/engine/neighborhood/RadiusRingCell.java","de.mkalb.etpetssim.engine.neighborhood","RadiusRingCell","RECORD","<init>","COMPACT_CONSTRUCTOR","","public","","","","","","33"
"main","app/src/main/java/de/mkalb/etpetssim/engine/neighborhood/RadiusRingCell.java","de.mkalb.etpetssim.engine.neighborhood","RadiusRingCell","RECORD","equals","METHOD","Object","public","","boolean","","@Override","","43"
"main","app/src/main/java/de/mkalb/etpetssim/engine/neighborhood/RadiusRingCell.java","de.mkalb.etpetssim.engine.neighborhood","RadiusRingCell","RECORD","hashCode","METHOD","","public","","int","","@Override","","59"
"main","app/src/main/java/de/mkalb/etpetssim/engine/support/AgentOrderingStrategies.java","de.mkalb.etpetssim.engine.support","AgentOrderingStrategies","CLASS","<init>","CONSTRUCTOR","","private","","","","","","28"
"main","app/src/main/java/de/mkalb/etpetssim/engine/support/AgentOrderingStrategies.java","de.mkalb.etpetssim.engine.support","AgentOrderingStrategies","CLASS","byPosition","METHOD","","public","static","Comparator<GridCell<T>>","","","T extends GridEntity","39"
"main","app/src/main/java/de/mkalb/etpetssim/engine/support/AgentOrderingStrategies.java","de.mkalb.etpetssim.engine.support","AgentOrderingStrategies","CLASS","byEntityClass","METHOD","","public","static","Comparator<GridCell<T>>","","","T extends GridEntity","52"
"main","app/src/main/java/de/mkalb/etpetssim/engine/support/AgentOrderingStrategies.java","de.mkalb.etpetssim.engine.support","AgentOrderingStrategies","CLASS","byDescriptorId","METHOD","","public","static","Comparator<GridCell<T>>","","","T extends GridEntity","64"
"main","app/src/main/java/de/mkalb/etpetssim/engine/support/GridEntityUtils.java","de.mkalb.etpetssim.engine.support","GridEntityUtils","CLASS","<init>","CONSTRUCTOR","","private","","","","","","20"
"main","app/src/main/java/de/mkalb/etpetssim/engine/support/GridEntityUtils.java","de.mkalb.etpetssim.engine.support","GridEntityUtils","CLASS","descriptorAt","METHOD","GridCoordinate, ReadableGridModel<T>, GridEntityDescriptorRegistry","public","static","Optional<GridEntityDescriptor>","","","T extends GridEntity","33"
"main","app/src/main/java/de/mkalb/etpetssim/engine/support/GridEntityUtils.java","de.mkalb.etpetssim.engine.support","GridEntityUtils","CLASS","consumeDescriptorAt","METHOD","GridCoordinate, ReadableGridModel<T>, GridEntityDescriptorRegistry, Consumer<GridEntityDescriptor>","public","static","void","","","T extends GridEntity","53"
"main","app/src/main/java/de/mkalb/etpetssim/engine/support/GridEntityUtils.java","de.mkalb.etpetssim.engine.support","GridEntityUtils","CLASS","placePatternAt","METHOD","GridCoordinate, WritableGridModel<T>, GridPattern<T>","public","static","void","","","T extends GridEntity","74"
"main","app/src/main/java/de/mkalb/etpetssim/engine/support/GridInitializer.java","de.mkalb.etpetssim.engine.support","GridInitializer","INTERFACE","initialize","METHOD","WritableGridModel<T>","public","","void","","","","23"
"main","app/src/main/java/de/mkalb/etpetssim/engine/support/GridInitializer.java","de.mkalb.etpetssim.engine.support","GridInitializer","INTERFACE","andThen","METHOD","GridInitializer<T>","public","default","GridInitializer<T>","","","","32"
"main","app/src/main/java/de/mkalb/etpetssim/engine/support/GridInitializers.java","de.mkalb.etpetssim.engine.support","GridInitializers","CLASS","<init>","CONSTRUCTOR","","private","","","","","","22"
"main","app/src/main/java/de/mkalb/etpetssim/engine/support/GridInitializers.java","de.mkalb.etpetssim.engine.support","GridInitializers","CLASS","identity","METHOD","","public","static","GridInitializer<T>","","","T extends GridEntity","31"
"main","app/src/main/java/de/mkalb/etpetssim/engine/support/GridInitializers.java","de.mkalb.etpetssim.engine.support","GridInitializers","CLASS","clear","METHOD","","public","static","GridInitializer<T>","","","T extends GridEntity","41"
"main","app/src/main/java/de/mkalb/etpetssim/engine/support/GridInitializers.java","de.mkalb.etpetssim.engine.support","GridInitializers","CLASS","constant","METHOD","T","public","static","GridInitializer<T>","","","T extends GridEntity","52"
"main","app/src/main/java/de/mkalb/etpetssim/engine/support/GridInitializers.java","de.mkalb.etpetssim.engine.support","GridInitializers","CLASS","supplier","METHOD","Supplier<T>","public","static","GridInitializer<T>","","","T extends GridEntity","63"
"main","app/src/main/java/de/mkalb/etpetssim/engine/support/GridInitializers.java","de.mkalb.etpetssim.engine.support","GridInitializers","CLASS","border","METHOD","T","public","static","GridInitializer<T>","","","T extends GridEntity","74"
"main","app/src/main/java/de/mkalb/etpetssim/engine/support/GridInitializers.java","de.mkalb.etpetssim.engine.support","GridInitializers","CLASS","checkerboard","METHOD","T, T","public","static","GridInitializer<T>","","","T extends GridEntity","95"
"main","app/src/main/java/de/mkalb/etpetssim/engine/support/GridInitializers.java","de.mkalb.etpetssim.engine.support","GridInitializers","CLASS","fromList","METHOD","List<GridCell<T>>","public","static","GridInitializer<T>","","","T extends GridEntity","114"
"main","app/src/main/java/de/mkalb/etpetssim/engine/support/GridInitializers.java","de.mkalb.etpetssim.engine.support","GridInitializers","CLASS","fromList","METHOD","List<GridCell<T>>, Runnable","public","static","GridInitializer<T>","","","T extends GridEntity","130"
"main","app/src/main/java/de/mkalb/etpetssim/engine/support/GridInitializers.java","de.mkalb.etpetssim.engine.support","GridInitializers","CLASS","randomCoordinate","METHOD","GridSize, Random","package-private","static","GridCoordinate","","","","149"
"main","app/src/main/java/de/mkalb/etpetssim/engine/support/GridInitializers.java","de.mkalb.etpetssim.engine.support","GridInitializers","CLASS","fillRandomly","METHOD","Function<Random, T>, Random","public","static","GridInitializer<T>","","","T extends GridEntity","163"
"main","app/src/main/java/de/mkalb/etpetssim/engine/support/GridInitializers.java","de.mkalb.etpetssim.engine.support","GridInitializers","CLASS","placeAllAtRandomPositions","METHOD","List<T>, Predicate<T>, Random","public","static","GridInitializer<T>","","","T extends GridEntity","186"
"main","app/src/main/java/de/mkalb/etpetssim/engine/support/GridInitializers.java","de.mkalb.etpetssim.engine.support","GridInitializers","CLASS","placeAllAtRandomPositions","METHOD","List<T>, Predicate<T>, Random, Runnable","public","static","GridInitializer<T>","","","T extends GridEntity","214"
"main","app/src/main/java/de/mkalb/etpetssim/engine/support/GridInitializers.java","de.mkalb.etpetssim.engine.support","GridInitializers","CLASS","validatePercent","METHOD","double","private","static","void","","","","250"
"main","app/src/main/java/de/mkalb/etpetssim/engine/support/GridInitializers.java","de.mkalb.etpetssim.engine.support","GridInitializers","CLASS","placeRandomCount","METHOD","int, Supplier<T>, Predicate<T>, Random","public","static","GridInitializer<T>","","","T extends GridEntity","271"
"main","app/src/main/java/de/mkalb/etpetssim/engine/support/GridInitializers.java","de.mkalb.etpetssim.engine.support","GridInitializers","CLASS","placeRandomPercent","METHOD","Supplier<T>, Predicate<T>, double, Random","public","static","GridInitializer<T>","","@SuppressWarnings({""NumericCastThatLosesPrecision""})","T extends GridEntity","294"
"main","app/src/main/java/de/mkalb/etpetssim/engine/support/GridInitializers.java","de.mkalb.etpetssim.engine.support","GridInitializers","CLASS","placeRandomCount","METHOD","WritableGridModel<T>, int, Supplier<T>, Predicate<T>, Random, Runnable","private","static","void","","","T extends GridEntity","304"
"main","app/src/main/java/de/mkalb/etpetssim/engine/support/GridInitializers.java","de.mkalb.etpetssim.engine.support","GridInitializers","CLASS","fillRandomPercent","METHOD","Supplier<T>, double, T, Random","public","static","GridInitializer<T>","","@SuppressWarnings(""MagicNumber"")","T extends GridEntity","357"
"main","app/src/main/java/de/mkalb/etpetssim/engine/support/GridInitializers.java","de.mkalb.etpetssim.engine.support","GridInitializers","CLASS","fillRandomPercent","METHOD","Supplier<T>, double, T, Random, Runnable","public","static","GridInitializer<T>","","@SuppressWarnings({""NumericCastThatLosesPrecision"", ""MagicNumber""})","T extends GridEntity","400"
"main","app/src/main/java/de/mkalb/etpetssim/engine/support/GridInitializers.java","de.mkalb.etpetssim.engine.support","GridInitializers","CLASS","fillWithConstant","METHOD","WritableGridModel<T>, T, Runnable","private","static","void","","","T extends GridEntity","435"
"main","app/src/main/java/de/mkalb/etpetssim/engine/support/GridInitializers.java","de.mkalb.etpetssim.engine.support","GridInitializers","CLASS","fillWithSupplier","METHOD","WritableGridModel<T>, Supplier<T>, Runnable","private","static","void","","","T extends GridEntity","450"
"main","app/src/main/java/de/mkalb/etpetssim/engine/support/GridInitializers.java","de.mkalb.etpetssim.engine.support","GridInitializers","CLASS","createCoordinates","METHOD","GridSize, Runnable","private","static","List<GridCoordinate>","","","","465"
"main","app/src/main/java/de/mkalb/etpetssim/engine/support/GridInitializers.java","de.mkalb.etpetssim.engine.support","GridInitializers","CLASS","shuffleCoordinates","METHOD","List<GridCoordinate>, Random, Runnable","private","static","void","","","","480"
"main","app/src/main/java/de/mkalb/etpetssim/engine/support/GridInitializers.java","de.mkalb.etpetssim.engine.support","GridInitializers","CLASS","placeShuffledCount","METHOD","int, Supplier<T>, Predicate<T>, Random","public","static","GridInitializer<T>","","","T extends GridEntity","507"
"main","app/src/main/java/de/mkalb/etpetssim/engine/support/GridInitializers.java","de.mkalb.etpetssim.engine.support","GridInitializers","CLASS","placeShuffledCount","METHOD","int, Supplier<T>, Predicate<T>, Random, Runnable","public","static","GridInitializer<T>","","","T extends GridEntity","546"
"main","app/src/main/java/de/mkalb/etpetssim/engine/support/GridInitializers.java","de.mkalb.etpetssim.engine.support","GridInitializers","CLASS","placeWithProbability","METHOD","T, double, T, Random","public","static","GridInitializer<T>","","","T extends GridEntity","590"
"main","app/src/main/java/de/mkalb/etpetssim/engine/support/GridInitializers.java","de.mkalb.etpetssim.engine.support","GridInitializers","CLASS","placeWithProbability","METHOD","Supplier<T>, double, Random","public","static","GridInitializer<T>","","","T extends GridEntity","604"
"main","app/src/main/java/de/mkalb/etpetssim/engine/support/GridPattern.java","de.mkalb.etpetssim.engine.support","GridPattern","INTERFACE","offsetMap","METHOD","","public","","Map<GridOffset, T>","","","","32"
"main","app/src/main/java/de/mkalb/etpetssim/engine/support/GridPattern.java","de.mkalb.etpetssim.engine.support","GridPattern","INTERFACE","size","METHOD","","public","default","int","","","","39"
"main","app/src/main/java/de/mkalb/etpetssim/engine/support/GridPattern.java","de.mkalb.etpetssim.engine.support","GridPattern","INTERFACE","isEmpty","METHOD","","public","default","boolean","","","","48"
"main","app/src/main/java/de/mkalb/etpetssim/engine/support/GridPattern.java","de.mkalb.etpetssim.engine.support","GridPattern","INTERFACE","width","METHOD","","public","default","int","","","","57"
"main","app/src/main/java/de/mkalb/etpetssim/engine/support/GridPattern.java","de.mkalb.etpetssim.engine.support","GridPattern","INTERFACE","height","METHOD","","public","default","int","","","","71"
"main","app/src/main/java/de/mkalb/etpetssim/engine/support/GridPattern.java","de.mkalb.etpetssim.engine.support","GridPattern","INTERFACE","shifted","METHOD","GridOffset","public","default","GridPattern<T>","","","","86"
"main","app/src/main/java/de/mkalb/etpetssim/engine/support/GridPattern.java","de.mkalb.etpetssim.engine.support","GridPattern","INTERFACE","isTopLeftAtOrigin","METHOD","","public","default","boolean","","","","103"
"main","app/src/main/java/de/mkalb/etpetssim/engine/support/GridPattern.java","de.mkalb.etpetssim.engine.support","GridPattern","INTERFACE","normalized","METHOD","","public","default","GridPattern<T>","","","","117"
"main","app/src/main/java/de/mkalb/etpetssim/engine/support/GridPattern.java","de.mkalb.etpetssim.engine.support","GridPattern","INTERFACE","flipX","METHOD","","public","default","GridPattern<T>","","","","133"
"main","app/src/main/java/de/mkalb/etpetssim/engine/support/GridPattern.java","de.mkalb.etpetssim.engine.support","GridPattern","INTERFACE","flipY","METHOD","","public","default","GridPattern<T>","","","","153"
"main","app/src/main/java/de/mkalb/etpetssim/engine/support/GridPattern.java","de.mkalb.etpetssim.engine.support","GridPattern","INTERFACE","rotate90","METHOD","","public","default","GridPattern<T>","","","","175"
"main","app/src/main/java/de/mkalb/etpetssim/engine/support/GridPattern.java","de.mkalb.etpetssim.engine.support","GridPattern","INTERFACE","rotate180","METHOD","","public","default","GridPattern<T>","","","","199"
"main","app/src/main/java/de/mkalb/etpetssim/engine/support/GridPattern.java","de.mkalb.etpetssim.engine.support","GridPattern","INTERFACE","rotate270","METHOD","","public","default","GridPattern<T>","","","","226"
"main","app/src/main/java/de/mkalb/etpetssim/engine/support/GridPattern.java","de.mkalb.etpetssim.engine.support","GridPattern","INTERFACE","mapValues","METHOD","Function<T, R>","public","default","GridPattern<R>","","","R extends GridEntity","253"
"main","app/src/main/java/de/mkalb/etpetssim/engine/support/GridPatterns.java","de.mkalb.etpetssim.engine.support","GridPatterns","CLASS","<init>","CONSTRUCTOR","","private","","","","","","23"
"main","app/src/main/java/de/mkalb/etpetssim/engine/support/GridPatterns.java","de.mkalb.etpetssim.engine.support","GridPatterns","CLASS","empty","METHOD","","public","static","GridPattern<T>","","","T extends GridEntity","32"
"main","app/src/main/java/de/mkalb/etpetssim/engine/support/GridPatterns.java","de.mkalb.etpetssim.engine.support","GridPatterns","CLASS","of","METHOD","Map<GridOffset, T>","public","static","GridPattern<T>","","","T extends GridEntity","48"
"main","app/src/main/java/de/mkalb/etpetssim/engine/support/GridPatterns.java","de.mkalb.etpetssim.engine.support","GridPatterns","CLASS","of","METHOD","T, Collection<GridOffset>","public","static","GridPattern<T>","","","T extends GridEntity","66"
"main","app/src/main/java/de/mkalb/etpetssim/engine/support/GridPatterns.java","de.mkalb.etpetssim.engine.support","GridPatterns","CLASS","singleton","METHOD","T, GridOffset","public","static","GridPattern<T>","","","T extends GridEntity","86"
"main","app/src/main/java/de/mkalb/etpetssim/engine/support/GridPatterns.java","de.mkalb.etpetssim.engine.support","GridPatterns","CLASS","combine","METHOD","GridPattern<T>...","public","static","GridPattern<T>","","@SafeVarargs","T extends GridEntity","102"
"main","app/src/main/java/de/mkalb/etpetssim/engine/support/GridPatterns.java","de.mkalb.etpetssim.engine.support","GridPatterns","CLASS","horizontalLine","METHOD","T, int","public","static","GridPattern<T>","","","T extends GridEntity","124"
"main","app/src/main/java/de/mkalb/etpetssim/engine/support/GridPatterns.java","de.mkalb.etpetssim.engine.support","GridPatterns","CLASS","verticalLine","METHOD","T, int","public","static","GridPattern<T>","","","T extends GridEntity","145"
"main","app/src/main/java/de/mkalb/etpetssim/engine/support/GridPatterns.java","de.mkalb.etpetssim.engine.support","GridPatterns","CLASS","rectangle","METHOD","T, int, int","public","static","GridPattern<T>","","","T extends GridEntity","168"
"main","app/src/main/java/de/mkalb/etpetssim/engine/support/GridPatterns.java","de.mkalb.etpetssim.engine.support","GridPatterns","CLASS","circle","METHOD","T, int","public","static","GridPattern<T>","","","T extends GridEntity","194"
"main","app/src/main/java/de/mkalb/etpetssim/engine/support/WorkCheckpoints.java","de.mkalb.etpetssim.engine.support","WorkCheckpoints","CLASS","<init>","CONSTRUCTOR","","private","","","","","","21"
"main","app/src/main/java/de/mkalb/etpetssim/simulations/conway/ConwayFactory.java","de.mkalb.etpetssim.simulations.conway","ConwayFactory","CLASS","<init>","CONSTRUCTOR","","private","","","","","","19"
"main","app/src/main/java/de/mkalb/etpetssim/simulations/conway/ConwayFactory.java","de.mkalb.etpetssim.simulations.conway","ConwayFactory","CLASS","createMainView","METHOD","","public","static","SimulationMainView","","@SuppressWarnings(""UnnecessaryLocalVariable"")","","22"
"main","app/src/main/java/de/mkalb/etpetssim/simulations/conway/model/ConwayConfig.java","de.mkalb.etpetssim.simulations.conway.model","ConwayConfig","RECORD","hasValidRanges","METHOD","","private","","boolean","","","","42"
"main","app/src/main/java/de/mkalb/etpetssim/simulations/conway/model/ConwayConfig.java","de.mkalb.etpetssim.simulations.conway.model","ConwayConfig","RECORD","hasValidTransitionRules","METHOD","","private","","boolean","","","","46"
"main","app/src/main/java/de/mkalb/etpetssim/simulations/conway/model/ConwayConfig.java","de.mkalb.etpetssim.simulations.conway.model","ConwayConfig","RECORD","isValid","METHOD","","public","","boolean","","@Override","","58"
"main","app/src/main/java/de/mkalb/etpetssim/simulations/conway/model/ConwayConstraints.java","de.mkalb.etpetssim.simulations.conway.model","ConwayConstraints","CLASS","<init>","CONSTRUCTOR","","private","","","","","","62"
"main","app/src/main/java/de/mkalb/etpetssim/simulations/conway/model/ConwayPatternChoice.java","de.mkalb.etpetssim.simulations.conway.model","ConwayPatternChoice","RECORD","<init>","COMPACT_CONSTRUCTOR","","public","","","","","","14"
"main","app/src/main/java/de/mkalb/etpetssim/simulations/conway/model/ConwayPatternChoice.java","de.mkalb.etpetssim.simulations.conway.model","ConwayPatternChoice","RECORD","pattern","METHOD","","public","","GridPattern<ConwayEntity>","","","","26"
"main","app/src/main/java/de/mkalb/etpetssim/simulations/conway/model/ConwayPatternChoice.java","de.mkalb.etpetssim.simulations.conway.model","ConwayPatternChoice","RECORD","availableFor","METHOD","ConwayConfig","public","","boolean","","","","30"
"main","app/src/main/java/de/mkalb/etpetssim/simulations/conway/model/ConwayPatterns.java","de.mkalb.etpetssim.simulations.conway.model","ConwayPatterns","CLASS","<init>","CONSTRUCTOR","","private","","","","","","145"
"main","app/src/main/java/de/mkalb/etpetssim/simulations/conway/model/ConwayPatterns.java","de.mkalb.etpetssim.simulations.conway.model","ConwayPatterns","CLASS","isAvailableForClassicSquareRules","METHOD","ConwayConfig","private","static","boolean","","","","148"
"main","app/src/main/java/de/mkalb/etpetssim/simulations/conway/model/ConwayPatterns.java","de.mkalb.etpetssim.simulations.conway.model","ConwayPatterns","CLASS","isAvailableForHighLifeSquareRules","METHOD","ConwayConfig","private","static","boolean","","","","153"
"main","app/src/main/java/de/mkalb/etpetssim/simulations/conway/model/ConwayPatterns.java","de.mkalb.etpetssim.simulations.conway.model","ConwayPatterns","CLASS","choices","METHOD","","public","static","List<ConwayPatternChoice>","","","","166"
"main","app/src/main/java/de/mkalb/etpetssim/simulations/conway/model/ConwayPatterns.java","de.mkalb.etpetssim.simulations.conway.model","ConwayPatterns","CLASS","availableChoices","METHOD","ConwayConfig","public","static","List<ConwayPatternChoice>","","","","179"
"main","app/src/main/java/de/mkalb/etpetssim/simulations/conway/model/ConwayPatterns.java","de.mkalb.etpetssim.simulations.conway.model","ConwayPatterns","CLASS","createPattern","METHOD","String...","private","static","GridPattern<ConwayEntity>","","","","185"
"main","app/src/main/java/de/mkalb/etpetssim/simulations/conway/model/ConwayPatterns.java","de.mkalb.etpetssim.simulations.conway.model","ConwayPatterns","CLASS","beehive","METHOD","","public","static","GridPattern<ConwayEntity>","","","","221"
"main","app/src/main/java/de/mkalb/etpetssim/simulations/conway/model/ConwayPatterns.java","de.mkalb.etpetssim.simulations.conway.model","ConwayPatterns","CLASS","block","METHOD","","public","static","GridPattern<ConwayEntity>","","","","249"
"main","app/src/main/java/de/mkalb/etpetssim/simulations/conway/model/ConwayPatterns.java","de.mkalb.etpetssim.simulations.conway.model","ConwayPatterns","CLASS","boat","METHOD","","public","static","GridPattern<ConwayEntity>","","","","277"
"main","app/src/main/java/de/mkalb/etpetssim/simulations/conway/model/ConwayPatterns.java","de.mkalb.etpetssim.simulations.conway.model","ConwayPatterns","CLASS","loaf","METHOD","","public","static","GridPattern<ConwayEntity>","","","","307"
"main","app/src/main/java/de/mkalb/etpetssim/simulations/conway/model/ConwayPatterns.java","de.mkalb.etpetssim.simulations.conway.model","ConwayPatterns","CLASS","tub","METHOD","","public","static","GridPattern<ConwayEntity>","","","","337"
"main","app/src/main/java/de/mkalb/etpetssim/simulations/conway/model/ConwayPatterns.java","de.mkalb.etpetssim.simulations.conway.model","ConwayPatterns","CLASS","beacon","METHOD","","public","static","GridPattern<ConwayEntity>","","","","367"
"main","app/src/main/java/de/mkalb/etpetssim/simulations/conway/model/ConwayPatterns.java","de.mkalb.etpetssim.simulations.conway.model","ConwayPatterns","CLASS","blinker","METHOD","","public","static","GridPattern<ConwayEntity>","","","","398"
"main","app/src/main/java/de/mkalb/etpetssim/simulations/conway/model/ConwayPatterns.java","de.mkalb.etpetssim.simulations.conway.model","ConwayPatterns","CLASS","pentadecathlon","METHOD","","public","static","GridPattern<ConwayEntity>","","","","427"
"main","app/src/main/java/de/mkalb/etpetssim/simulations/conway/model/ConwayPatterns.java","de.mkalb.etpetssim.simulations.conway.model","ConwayPatterns","CLASS","pulsar","METHOD","","public","static","GridPattern<ConwayEntity>","","","","466"
"main","app/src/main/java/de/mkalb/etpetssim/simulations/conway/model/ConwayPatterns.java","de.mkalb.etpetssim.simulations.conway.model","ConwayPatterns","CLASS","toad","METHOD","","public","static","GridPattern<ConwayEntity>","","","","504"
"main","app/src/main/java/de/mkalb/etpetssim/simulations/conway/model/ConwayPatterns.java","de.mkalb.etpetssim.simulations.conway.model","ConwayPatterns","CLASS","acorn","METHOD","","public","static","GridPattern<ConwayEntity>","","","","532"
"main","app/src/main/java/de/mkalb/etpetssim/simulations/conway/model/ConwayPatterns.java","de.mkalb.etpetssim.simulations.conway.model","ConwayPatterns","CLASS","rPentomino","METHOD","","public","static","GridPattern<ConwayEntity>","","","","561"
"main","app/src/main/java/de/mkalb/etpetssim/simulations/conway/model/ConwayPatterns.java","de.mkalb.etpetssim.simulations.conway.model","ConwayPatterns","CLASS","highlifeReplicator","METHOD","","public","static","GridPattern<ConwayEntity>","","","","593"
"main","app/src/main/java/de/mkalb/etpetssim/simulations/conway/model/ConwayPatterns.java","de.mkalb.etpetssim.simulations.conway.model","ConwayPatterns","CLASS","glider","METHOD","","public","static","GridPattern<ConwayEntity>","","","","625"
"main","app/src/main/java/de/mkalb/etpetssim/simulations/conway/model/ConwayPatterns.java","de.mkalb.etpetssim.simulations.conway.model","ConwayPatterns","CLASS","lightweightSpaceship","METHOD","","public","static","GridPattern<ConwayEntity>","","","","656"
"main","app/src/main/java/de/mkalb/etpetssim/simulations/conway/model/ConwaySimulationManager.java","de.mkalb.etpetssim.simulations.conway.model","ConwaySimulationManager","CLASS","<init>","CONSTRUCTOR","ConwayConfig","public","","","","","","20"
"main","app/src/main/java/de/mkalb/etpetssim/simulations/conway/model/ConwaySimulationManager.java","de.mkalb.etpetssim.simulations.conway.model","ConwaySimulationManager","CLASS","<init>","CONSTRUCTOR","ConwayConfig, SimulationInitializationCancellation","public","","","","","","24"
"main","app/src/main/java/de/mkalb/etpetssim/simulations/conway/model/ConwaySimulationManager.java","de.mkalb.etpetssim.simulations.conway.model","ConwaySimulationManager","CLASS","initializeGrid","METHOD","ConwayConfig, WritableGridModel<ConwayEntity>, Random, SimulationInitializationCancellation","private","","void","","","","43"
"main","app/src/main/java/de/mkalb/etpetssim/simulations/conway/model/ConwaySimulationManager.java","de.mkalb.etpetssim.simulations.conway.model","ConwaySimulationManager","CLASS","structure","METHOD","","public","","GridStructure","","@Override","","56"
"main","app/src/main/java/de/mkalb/etpetssim/simulations/conway/model/ConwaySimulationManager.java","de.mkalb.etpetssim.simulations.conway.model","ConwaySimulationManager","CLASS","statistics","METHOD","","public","","ConwayStatistics","","@Override","","61"
"main","app/src/main/java/de/mkalb/etpetssim/simulations/conway/model/ConwaySimulationManager.java","de.mkalb.etpetssim.simulations.conway.model","ConwaySimulationManager","CLASS","updateStatistics","METHOD","","protected","","void","","@Override","","66"
"main","app/src/main/java/de/mkalb/etpetssim/simulations/conway/model/ConwaySimulationManager.java","de.mkalb.etpetssim.simulations.conway.model","ConwaySimulationManager","CLASS","initializeStatistics","METHOD","ReadableGridModel<ConwayEntity>","private","","void","","","","73"
"main","app/src/main/java/de/mkalb/etpetssim/simulations/conway/model/ConwaySimulationManager.java","de.mkalb.etpetssim.simulations.conway.model","ConwaySimulationManager","CLASS","executor","METHOD","","protected","","TimedSimulationExecutor<ConwayEntity, WritableGridModel<ConwayEntity>>","","@Override","","78"
"main","app/src/main/java/de/mkalb/etpetssim/simulations/conway/model/ConwayStatistics.java","de.mkalb.etpetssim.simulations.conway.model","ConwayStatistics","CLASS","<init>","CONSTRUCTOR","GridStructure","public","","","","","","27"
"main","app/src/main/java/de/mkalb/etpetssim/simulations/conway/model/ConwayStatistics.java","de.mkalb.etpetssim.simulations.conway.model","ConwayStatistics","CLASS","metrics","METHOD","","public","static","List<StatisticMetric<ConwayStatistics>>","","","","34"
"main","app/src/main/java/de/mkalb/etpetssim/simulations/conway/model/ConwayStatistics.java","de.mkalb.etpetssim.simulations.conway.model","ConwayStatistics","CLASS","initializeStartupCellCounts","METHOD","int","package-private","","void","","","","48"
"main","app/src/main/java/de/mkalb/etpetssim/simulations/conway/model/ConwayStatistics.java","de.mkalb.etpetssim.simulations.conway.model","ConwayStatistics","CLASS","updateCellCounts","METHOD","int, int","package-private","","void","","","","53"
"main","app/src/main/java/de/mkalb/etpetssim/simulations/conway/model/ConwayStatistics.java","de.mkalb.etpetssim.simulations.conway.model","ConwayStatistics","CLASS","adjustCellCounts","METHOD","int, int","public","","void","","","","60"
"main","app/src/main/java/de/mkalb/etpetssim/simulations/conway/model/ConwayStatistics.java","de.mkalb.etpetssim.simulations.conway.model","ConwayStatistics","CLASS","getAliveCells","METHOD","","public","","int","","","","68"
"main","app/src/main/java/de/mkalb/etpetssim/simulations/conway/model/ConwayStatistics.java","de.mkalb.etpetssim.simulations.conway.model","ConwayStatistics","CLASS","getDeadCells","METHOD","","public","","int","","","","72"
"main","app/src/main/java/de/mkalb/etpetssim/simulations/conway/model/ConwayStatistics.java","de.mkalb.etpetssim.simulations.conway.model","ConwayStatistics","CLASS","getChangedCells","METHOD","","public","","int","","","","76"
"main","app/src/main/java/de/mkalb/etpetssim/simulations/conway/model/ConwayStatistics.java","de.mkalb.etpetssim.simulations.conway.model","ConwayStatistics","CLASS","toString","METHOD","","public","","String","","@Override","","80"
"main","app/src/main/java/de/mkalb/etpetssim/simulations/conway/model/ConwayTerminationCondition.java","de.mkalb.etpetssim.simulations.conway.model","ConwayTerminationCondition","CLASS","isFinished","METHOD","ReadableGridModel<ConwayEntity>, int, ConwayStatistics","public","","boolean","","@Override","","10"
"main","app/src/main/java/de/mkalb/etpetssim/simulations/conway/model/ConwayUpdateStrategy.java","de.mkalb.etpetssim.simulations.conway.model","ConwayUpdateStrategy","CLASS","<init>","CONSTRUCTOR","GridStructure, ConwayConfig","public","","","","","","16"
"main","app/src/main/java/de/mkalb/etpetssim/simulations/conway/model/ConwayUpdateStrategy.java","de.mkalb.etpetssim.simulations.conway.model","ConwayUpdateStrategy","CLASS","performSynchronousStep","METHOD","ReadableGridModel<ConwayEntity>, WritableGridModel<ConwayEntity>, int, ConwayStatistics","public","","void","","@Override","","21"
"main","app/src/main/java/de/mkalb/etpetssim/simulations/conway/model/ConwayUserAction.java","de.mkalb.etpetssim.simulations.conway.model","ConwayUserAction","CLASS","apply","METHOD","ConwaySimulationManager, ConwayUserActionContext, GridCellView<ConwayEntity>","public","","void","","@Override","","19"
"main","app/src/main/java/de/mkalb/etpetssim/simulations/conway/model/ConwayUserAction.java","de.mkalb.etpetssim.simulations.conway.model","ConwayUserAction","CLASS","applyFixedAction","METHOD","WritableGridModel<ConwayEntity>, ConwayStatistics, GridCellView<ConwayEntity>, ConwayUserActionContext.FixedAction","private","","void","","","","41"
"main","app/src/main/java/de/mkalb/etpetssim/simulations/conway/model/ConwayUserAction.java","de.mkalb.etpetssim.simulations.conway.model","ConwayUserAction","CLASS","applyClearGrid","METHOD","WritableGridModel<ConwayEntity>, ConwayStatistics","private","","void","","","","61"
"main","app/src/main/java/de/mkalb/etpetssim/simulations/conway/model/ConwayUserAction.java","de.mkalb.etpetssim.simulations.conway.model","ConwayUserAction","CLASS","applyPattern","METHOD","WritableGridModel<ConwayEntity>, ConwayStatistics, GridCoordinate, GridPattern<ConwayEntity>","private","","void","","","","71"
"main","app/src/main/java/de/mkalb/etpetssim/simulations/conway/model/ConwayUserAction.java","de.mkalb.etpetssim.simulations.conway.model","ConwayUserAction","CLASS","canPlacePatternAt","METHOD","WritableGridModel<ConwayEntity>, GridCoordinate, GridPattern<ConwayEntity>","private","","boolean","","","","101"
"main","app/src/main/java/de/mkalb/etpetssim/simulations/conway/model/entity/ConwayEntity.java","de.mkalb.etpetssim.simulations.conway.model.entity","ConwayEntity","ENUM","<init>","CONSTRUCTOR","String, boolean, String, String, String, String, Color, Color","private","","","","","","39"
"main","app/src/main/java/de/mkalb/etpetssim/simulations/conway/model/entity/ConwayEntity.java","de.mkalb.etpetssim.simulations.conway.model.entity","ConwayEntity","ENUM","descriptorSpec","METHOD","","public","","GridEntityDescriptorSpec","","@Override","","58"
"main","app/src/main/java/de/mkalb/etpetssim/simulations/conway/model/entity/ConwayEntity.java","de.mkalb.etpetssim.simulations.conway.model.entity","ConwayEntity","ENUM","isDead","METHOD","","public","","boolean","","","","68"
"main","app/src/main/java/de/mkalb/etpetssim/simulations/conway/model/entity/ConwayEntity.java","de.mkalb.etpetssim.simulations.conway.model.entity","ConwayEntity","ENUM","isAlive","METHOD","","public","","boolean","","","","77"
"main","app/src/main/java/de/mkalb/etpetssim/simulations/conway/shared/ConwayPreset.java","de.mkalb.etpetssim.simulations.conway.shared","ConwayPreset","INTERFACE","displayName","METHOD","","public","","String","","","","19"
"main","app/src/main/java/de/mkalb/etpetssim/simulations/conway/shared/ConwayPreset.java","de.mkalb.etpetssim.simulations.conway.shared","ConwayPreset","INTERFACE","recommendedDensityPercent","METHOD","","public","","int","","","","28"
"main","app/src/main/java/de/mkalb/etpetssim/simulations/conway/shared/ConwayPreset.java","de.mkalb.etpetssim.simulations.conway.shared","ConwayPreset","INTERFACE","toString","METHOD","","public","","String","","@Override","","35"
"main","app/src/main/java/de/mkalb/etpetssim/simulations/conway/shared/ConwayPresetHexagon.java","de.mkalb.etpetssim.simulations.conway.shared","ConwayPresetHexagon","ENUM","<init>","CONSTRUCTOR","String, String, int","private","","","","","","28"
"main","app/src/main/java/de/mkalb/etpetssim/simulations/conway/shared/ConwayPresetHexagon.java","de.mkalb.etpetssim.simulations.conway.shared","ConwayPresetHexagon","ENUM","displayName","METHOD","","public","","String","","@Override","","39"
"main","app/src/main/java/de/mkalb/etpetssim/simulations/conway/shared/ConwayPresetHexagon.java","de.mkalb.etpetssim.simulations.conway.shared","ConwayPresetHexagon","ENUM","toString","METHOD","","public","","String","","@Override","","49"
"main","app/src/main/java/de/mkalb/etpetssim/simulations/conway/shared/ConwayPresetHexagon.java","de.mkalb.etpetssim.simulations.conway.shared","ConwayPresetHexagon","ENUM","recommendedDensityPercent","METHOD","","public","","int","","@Override","","61"
"main","app/src/main/java/de/mkalb/etpetssim/simulations/conway/shared/ConwayPresetSquare.java","de.mkalb.etpetssim.simulations.conway.shared","ConwayPresetSquare","ENUM","<init>","CONSTRUCTOR","String, String, int","private","","","","","","39"
"main","app/src/main/java/de/mkalb/etpetssim/simulations/conway/shared/ConwayPresetSquare.java","de.mkalb.etpetssim.simulations.conway.shared","ConwayPresetSquare","ENUM","displayName","METHOD","","public","","String","","@Override","","50"
"main","app/src/main/java/de/mkalb/etpetssim/simulations/conway/shared/ConwayPresetSquare.java","de.mkalb.etpetssim.simulations.conway.shared","ConwayPresetSquare","ENUM","toString","METHOD","","public","","String","","@Override","","60"
"main","app/src/main/java/de/mkalb/etpetssim/simulations/conway/shared/ConwayPresetSquare.java","de.mkalb.etpetssim.simulations.conway.shared","ConwayPresetSquare","ENUM","recommendedDensityPercent","METHOD","","public","","int","","@Override","","72"
"main","app/src/main/java/de/mkalb/etpetssim/simulations/conway/shared/ConwayPresetTriangle.java","de.mkalb.etpetssim.simulations.conway.shared","ConwayPresetTriangle","ENUM","<init>","CONSTRUCTOR","String, String, int","private","","","","","","33"
"main","app/src/main/java/de/mkalb/etpetssim/simulations/conway/shared/ConwayPresetTriangle.java","de.mkalb.etpetssim.simulations.conway.shared","ConwayPresetTriangle","ENUM","displayName","METHOD","","public","","String","","@Override","","44"
"main","app/src/main/java/de/mkalb/etpetssim/simulations/conway/shared/ConwayPresetTriangle.java","de.mkalb.etpetssim.simulations.conway.shared","ConwayPresetTriangle","ENUM","toString","METHOD","","public","","String","","@Override","","54"
"main","app/src/main/java/de/mkalb/etpetssim/simulations/conway/shared/ConwayPresetTriangle.java","de.mkalb.etpetssim.simulations.conway.shared","ConwayPresetTriangle","ENUM","recommendedDensityPercent","METHOD","","public","","int","","@Override","","66"
"main","app/src/main/java/de/mkalb/etpetssim/simulations/conway/shared/ConwayTransitionRules.java","de.mkalb.etpetssim.simulations.conway.shared","ConwayTransitionRules","RECORD","<init>","CONSTRUCTOR","SortedSet<Integer>, SortedSet<Integer>","public","","","","","","49"
"main","app/src/main/java/de/mkalb/etpetssim/simulations/conway/shared/ConwayTransitionRules.java","de.mkalb.etpetssim.simulations.conway.shared","ConwayTransitionRules","RECORD","of","METHOD","Collection<Integer>, Collection<Integer>","public","static","ConwayTransitionRules","","","","75"
"main","app/src/main/java/de/mkalb/etpetssim/simulations/conway/shared/ConwayTransitionRules.java","de.mkalb.etpetssim.simulations.conway.shared","ConwayTransitionRules","RECORD","of","METHOD","String","public","static","ConwayTransitionRules","","","","99"
"main","app/src/main/java/de/mkalb/etpetssim/simulations/conway/shared/ConwayTransitionRules.java","de.mkalb.etpetssim.simulations.conway.shared","ConwayTransitionRules","RECORD","shouldSurvive","METHOD","int","public","","boolean","","","","128"
"main","app/src/main/java/de/mkalb/etpetssim/simulations/conway/shared/ConwayTransitionRules.java","de.mkalb.etpetssim.simulations.conway.shared","ConwayTransitionRules","RECORD","shouldBeBorn","METHOD","int","public","","boolean","","","","138"
"main","app/src/main/java/de/mkalb/etpetssim/simulations/conway/shared/ConwayTransitionRules.java","de.mkalb.etpetssim.simulations.conway.shared","ConwayTransitionRules","RECORD","toDisplayString","METHOD","","public","","String","","","","160"
"main","app/src/main/java/de/mkalb/etpetssim/simulations/conway/view/ConwayConfigView.java","de.mkalb.etpetssim.simulations.conway.view","ConwayConfigView","CLASS","<init>","CONSTRUCTOR","ConwayConfigViewModel","public","","","","","","44"
"main","app/src/main/java/de/mkalb/etpetssim/simulations/conway/view/ConwayConfigView.java","de.mkalb.etpetssim.simulations.conway.view","ConwayConfigView","CLASS","buildConfigRegion","METHOD","","public","","Region","","@Override","","48"
"main","app/src/main/java/de/mkalb/etpetssim/simulations/conway/view/ConwayConfigView.java","de.mkalb.etpetssim.simulations.conway.view","ConwayConfigView","CLASS","createRulesLabel","METHOD","String, Tooltip, HPos, String","private","","Label","","","","145"
"main","app/src/main/java/de/mkalb/etpetssim/simulations/conway/view/ConwayConfigView.java","de.mkalb.etpetssim.simulations.conway.view","ConwayConfigView","CLASS","createTransitionRulesControl","METHOD","List<BooleanProperty>, List<BooleanProperty>, ObjectProperty<ConwayTransitionRules>, IntegerProperty, String, String","private","","FXComponentFactory.LabeledControl<GridPane>","","","","154"
"main","app/src/main/java/de/mkalb/etpetssim/simulations/conway/view/ConwayConfigView.java","de.mkalb.etpetssim.simulations.conway.view","ConwayConfigView","CLASS","setupPresetControlBindings","METHOD","Label, Region, CellShape","private","","void","","","","224"
"main","app/src/main/java/de/mkalb/etpetssim/simulations/conway/view/ConwayMainView.java","de.mkalb.etpetssim.simulations.conway.view","ConwayMainView","CLASS","<init>","CONSTRUCTOR","DefaultMainViewModel<ConwayEntity, GridCell<ConwayEntity>, WritableGridModel<ConwayEntity>, ConwayConfig, ConwayStatistics, ConwaySimulationManager, ConwayUserActionContext>, ConwayEditToolBarViewModel, GridEntityDescriptorRegistry, ConwayConfigView, DefaultControlView, ConwayObservationView","public","","","","","","58"
"main","app/src/main/java/de/mkalb/etpetssim/simulations/conway/view/ConwayMainView.java","de.mkalb.etpetssim.simulations.conway.view","ConwayMainView","CLASS","initSimulation","METHOD","ConwayConfig, CellDimension, WritableGridModel<ConwayEntity>","protected","","void","","@Override","","72"
"main","app/src/main/java/de/mkalb/etpetssim/simulations/conway/view/ConwayMainView.java","de.mkalb.etpetssim.simulations.conway.view","ConwayMainView","CLASS","handleGridCellSelected","METHOD","FXGridCanvasPainter, GridCell<ConwayEntity>, GridCell<ConwayEntity>","protected","","void","","@Override","","121"
"main","app/src/main/java/de/mkalb/etpetssim/simulations/conway/view/ConwayMainView.java","de.mkalb.etpetssim.simulations.conway.view","ConwayMainView","CLASS","drawSimulation","METHOD","WritableGridModel<ConwayEntity>, int, int","protected","","void","","@Override","","135"
"main","app/src/main/java/de/mkalb/etpetssim/simulations/conway/view/ConwayMainView.java","de.mkalb.etpetssim.simulations.conway.view","ConwayMainView","CLASS","createUserActionDescriptors","METHOD","","protected","","List<SimulationUserActionDescriptor<ConwayUserActionContext>>","","@Override","","153"
"main","app/src/main/java/de/mkalb/etpetssim/simulations/conway/view/ConwayMainView.java","de.mkalb.etpetssim.simulations.conway.view","ConwayMainView","CLASS","createEditToolBarOptionPanel","METHOD","ObjectProperty<String>","protected","","Node","","@Override","","177"
"main","app/src/main/java/de/mkalb/etpetssim/simulations/conway/view/ConwayMainView.java","de.mkalb.etpetssim.simulations.conway.view","ConwayMainView","CLASS","createPatternChoiceCell","METHOD","","private","","ListCell<ConwayPatternChoice>","","","","245"
"main","app/src/main/java/de/mkalb/etpetssim/simulations/conway/view/ConwayObservationView.java","de.mkalb.etpetssim.simulations.conway.view","ConwayObservationView","CLASS","<init>","CONSTRUCTOR","DefaultObservationViewModel<ConwayEntity, GridCell<ConwayEntity>, ConwayStatistics>, GridEntityDescriptorRegistry","public","","","","","","20"
"main","app/src/main/java/de/mkalb/etpetssim/simulations/conway/view/ConwayObservationView.java","de.mkalb.etpetssim.simulations.conway.view","ConwayObservationView","CLASS","buildObservationRegion","METHOD","","public","","Region","","@Override","","27"
"main","app/src/main/java/de/mkalb/etpetssim/simulations/conway/view/ConwayObservationView.java","de.mkalb.etpetssim.simulations.conway.view","ConwayObservationView","CLASS","updateObservationLabels","METHOD","","protected","","void","","@Override","","46"
"main","app/src/main/java/de/mkalb/etpetssim/simulations/conway/view/ConwayStyleClasses.java","de.mkalb.etpetssim.simulations.conway.view","ConwayStyleClasses","CLASS","<init>","CONSTRUCTOR","","private","","","","","","14"
"main","app/src/main/java/de/mkalb/etpetssim/simulations/conway/viewmodel/ConwayConfigViewModel.java","de.mkalb.etpetssim.simulations.conway.viewmodel","ConwayConfigViewModel","CLASS","<init>","CONSTRUCTOR","ReadOnlyObjectProperty<SimulationState>","public","","","","","","55"
"main","app/src/main/java/de/mkalb/etpetssim/simulations/conway/viewmodel/ConwayConfigViewModel.java","de.mkalb.etpetssim.simulations.conway.viewmodel","ConwayConfigViewModel","CLASS","updateMaxNeighborCount","METHOD","","private","","void","","","","76"
"main","app/src/main/java/de/mkalb/etpetssim/simulations/conway/viewmodel/ConwayConfigViewModel.java","de.mkalb.etpetssim.simulations.conway.viewmodel","ConwayConfigViewModel","CLASS","disableUnusedNeighborProperties","METHOD","","private","","void","","","","85"
"main","app/src/main/java/de/mkalb/etpetssim/simulations/conway/viewmodel/ConwayConfigViewModel.java","de.mkalb.etpetssim.simulations.conway.viewmodel","ConwayConfigViewModel","CLASS","updateTransitionRules","METHOD","","private","","void","","","","95"
"main","app/src/main/java/de/mkalb/etpetssim/simulations/conway/viewmodel/ConwayConfigViewModel.java","de.mkalb.etpetssim.simulations.conway.viewmodel","ConwayConfigViewModel","CLASS","updateCheckboxesFromRules","METHOD","ConwayTransitionRules","private","","void","","","","109"
"main","app/src/main/java/de/mkalb/etpetssim/simulations/conway/viewmodel/ConwayConfigViewModel.java","de.mkalb.etpetssim.simulations.conway.viewmodel","ConwayConfigViewModel","CLASS","getConfig","METHOD","","public","","ConwayConfig","","@Override","","117"
"main","app/src/main/java/de/mkalb/etpetssim/simulations/conway/viewmodel/ConwayConfigViewModel.java","de.mkalb.etpetssim.simulations.conway.viewmodel","ConwayConfigViewModel","CLASS","alivePercentProperty","METHOD","","public","","InputDoubleProperty","","","","133"
"main","app/src/main/java/de/mkalb/etpetssim/simulations/conway/viewmodel/ConwayConfigViewModel.java","de.mkalb.etpetssim.simulations.conway.viewmodel","ConwayConfigViewModel","CLASS","ruleProperty","METHOD","","public","","ConwayRuleProperty","","","","137"
"main","app/src/main/java/de/mkalb/etpetssim/simulations/conway/viewmodel/ConwayConfigViewModel.java","de.mkalb.etpetssim.simulations.conway.viewmodel","ConwayConfigViewModel","CLASS","getSurviveProperties","METHOD","","public","","List<BooleanProperty>","","","","141"
"main","app/src/main/java/de/mkalb/etpetssim/simulations/conway/viewmodel/ConwayConfigViewModel.java","de.mkalb.etpetssim.simulations.conway.viewmodel","ConwayConfigViewModel","CLASS","getBirthProperties","METHOD","","public","","List<BooleanProperty>","","","","145"
"main","app/src/main/java/de/mkalb/etpetssim/simulations/conway/viewmodel/ConwayConfigViewModel.java","de.mkalb.etpetssim.simulations.conway.viewmodel","ConwayConfigViewModel","CLASS","transitionRulesProperty","METHOD","","public","","ObjectProperty<ConwayTransitionRules>","","","","149"
"main","app/src/main/java/de/mkalb/etpetssim/simulations/conway/viewmodel/ConwayConfigViewModel.java","de.mkalb.etpetssim.simulations.conway.viewmodel","ConwayConfigViewModel","CLASS","maxNeighborCountProperty","METHOD","","public","","IntegerProperty","","","","153"
"main","app/src/main/java/de/mkalb/etpetssim/simulations/conway/viewmodel/ConwayEditToolBarViewModel.java","de.mkalb.etpetssim.simulations.conway.viewmodel","ConwayEditToolBarViewModel","CLASS","availablePatternChoices","METHOD","","public","","ObservableList<ConwayPatternChoice>","","","","15"
"main","app/src/main/java/de/mkalb/etpetssim/simulations/conway/viewmodel/ConwayEditToolBarViewModel.java","de.mkalb.etpetssim.simulations.conway.viewmodel","ConwayEditToolBarViewModel","CLASS","selectedPatternChoiceProperty","METHOD","","public","","ObjectProperty<@Nullable ConwayPatternChoice>","","","","19"
"main","app/src/main/java/de/mkalb/etpetssim/simulations/conway/viewmodel/ConwayEditToolBarViewModel.java","de.mkalb.etpetssim.simulations.conway.viewmodel","ConwayEditToolBarViewModel","CLASS","getSelectedPatternChoice","METHOD","","public","","ConwayPatternChoice","","@Nullable","","23"
"main","app/src/main/java/de/mkalb/etpetssim/simulations/conway/viewmodel/ConwayEditToolBarViewModel.java","de.mkalb.etpetssim.simulations.conway.viewmodel","ConwayEditToolBarViewModel","CLASS","setSelectedPatternChoice","METHOD","ConwayPatternChoice","public","","void","","","","27"
"main","app/src/main/java/de/mkalb/etpetssim/simulations/conway/viewmodel/ConwayEditToolBarViewModel.java","de.mkalb.etpetssim.simulations.conway.viewmodel","ConwayEditToolBarViewModel","CLASS","updateAvailablePatternChoices","METHOD","ConwayConfig","public","","void","","","","33"
"main","app/src/main/java/de/mkalb/etpetssim/simulations/conway/viewmodel/ConwayEditToolBarViewModel.java","de.mkalb.etpetssim.simulations.conway.viewmodel","ConwayEditToolBarViewModel","CLASS","resolveSelectedPatternContext","METHOD","","public","","Optional<ConwayUserActionContext.PlacePattern>","","","","39"
"main","app/src/main/java/de/mkalb/etpetssim/simulations/conway/viewmodel/ConwayEditToolBarViewModel.java","de.mkalb.etpetssim.simulations.conway.viewmodel","ConwayEditToolBarViewModel","CLASS","containsChoiceId","METHOD","String","private","","boolean","","","","47"
"main","app/src/main/java/de/mkalb/etpetssim/simulations/conway/viewmodel/ConwayRuleProperty.java","de.mkalb.etpetssim.simulations.conway.viewmodel","ConwayRuleProperty","CLASS","<init>","CONSTRUCTOR","","public","","","","","","37"
"main","app/src/main/java/de/mkalb/etpetssim/simulations/conway/viewmodel/ConwayRuleProperty.java","de.mkalb.etpetssim.simulations.conway.viewmodel","ConwayRuleProperty","CLASS","setOnRulesChanged","METHOD","Consumer<ConwayTransitionRules>","public","","void","","","","73"
"main","app/src/main/java/de/mkalb/etpetssim/simulations/conway/viewmodel/ConwayRuleProperty.java","de.mkalb.etpetssim.simulations.conway.viewmodel","ConwayRuleProperty","CLASS","stringProperty","METHOD","","public","","StringProperty","","","","82"
"main","app/src/main/java/de/mkalb/etpetssim/simulations/conway/viewmodel/ConwayRuleProperty.java","de.mkalb.etpetssim.simulations.conway.viewmodel","ConwayRuleProperty","CLASS","labelProperty","METHOD","","public","","StringProperty","","","","91"
"main","app/src/main/java/de/mkalb/etpetssim/simulations/conway/viewmodel/ConwayRuleProperty.java","de.mkalb.etpetssim.simulations.conway.viewmodel","ConwayRuleProperty","CLASS","presetTriangleProperty","METHOD","","public","","InputChoiceProperty<ConwayPresetTriangle>","","","","95"
"main","app/src/main/java/de/mkalb/etpetssim/simulations/conway/viewmodel/ConwayRuleProperty.java","de.mkalb.etpetssim.simulations.conway.viewmodel","ConwayRuleProperty","CLASS","presetSquareProperty","METHOD","","public","","InputChoiceProperty<ConwayPresetSquare>","","","","99"
"main","app/src/main/java/de/mkalb/etpetssim/simulations/conway/viewmodel/ConwayRuleProperty.java","de.mkalb.etpetssim.simulations.conway.viewmodel","ConwayRuleProperty","CLASS","presetHexagonProperty","METHOD","","public","","InputChoiceProperty<ConwayPresetHexagon>","","","","103"
"main","app/src/main/java/de/mkalb/etpetssim/simulations/core/SimulationFactory.java","de.mkalb.etpetssim.simulations.core","SimulationFactory","CLASS","<init>","CONSTRUCTOR","","private","","","","","","26"
"main","app/src/main/java/de/mkalb/etpetssim/simulations/core/SimulationFactory.java","de.mkalb.etpetssim.simulations.core","SimulationFactory","CLASS","createInstance","METHOD","SimulationType, Stage, BiConsumer<Stage, SimulationType>","public","static","SimulationInstance","","","","41"
"main","app/src/main/java/de/mkalb/etpetssim/simulations/core/SimulationInstance.java","de.mkalb.etpetssim.simulations.core","SimulationInstance","RECORD","of","METHOD","SimulationType, SimulationMainView","package-private","static","SimulationInstance","","","","32"
"main","app/src/main/java/de/mkalb/etpetssim/simulations/core/SimulationInstance.java","de.mkalb.etpetssim.simulations.core","SimulationInstance","RECORD","toDisplayString","METHOD","","public","","String","","","","46"
"main","app/src/main/java/de/mkalb/etpetssim/simulations/core/SimulationTermination.java","de.mkalb.etpetssim.simulations.core","SimulationTermination","INTERFACE","completed","METHOD","","public","static","SimulationTermination","","","","15"
"main","app/src/main/java/de/mkalb/etpetssim/simulations/core/SimulationTermination.java","de.mkalb.etpetssim.simulations.core","SimulationTermination","INTERFACE","awaitTermination","METHOD","long, TimeUnit","public","","boolean","InterruptedException","","","27"
"main","app/src/main/java/de/mkalb/etpetssim/simulations/core/SimulationTermination.java","de.mkalb.etpetssim.simulations.core","SimulationTermination","INTERFACE","shutdownNow","METHOD","","public","","void","","","","32"
"main","app/src/main/java/de/mkalb/etpetssim/simulations/core/SimulationTermination.java","de.mkalb.etpetssim.simulations.core","SimulationTermination.CompletedSimulationTermination","ENUM","awaitTermination","METHOD","long, TimeUnit","public","","boolean","","@Override","","37"
"main","app/src/main/java/de/mkalb/etpetssim/simulations/core/SimulationTermination.java","de.mkalb.etpetssim.simulations.core","SimulationTermination.CompletedSimulationTermination","ENUM","shutdownNow","METHOD","","public","","void","","@Override","","42"
"main","app/src/main/java/de/mkalb/etpetssim/simulations/core/model/AbstractTimedSimulationManager.java","de.mkalb.etpetssim.simulations.core.model","AbstractTimedSimulationManager","CLASS","<init>","CONSTRUCTOR","CON","protected","","","","","","40"
"main","app/src/main/java/de/mkalb/etpetssim/simulations/core/model/AbstractTimedSimulationManager.java","de.mkalb.etpetssim.simulations.core.model","AbstractTimedSimulationManager","CLASS","<init>","CONSTRUCTOR","CON, List<StatisticMetric<STA>>","protected","","","","","","51"
"main","app/src/main/java/de/mkalb/etpetssim/simulations/core/model/AbstractTimedSimulationManager.java","de.mkalb.etpetssim.simulations.core.model","AbstractTimedSimulationManager","CLASS","updateStatistics","METHOD","","protected","abstract","void","","","","63"
"main","app/src/main/java/de/mkalb/etpetssim/simulations/core/model/AbstractTimedSimulationManager.java","de.mkalb.etpetssim.simulations.core.model","AbstractTimedSimulationManager","CLASS","executor","METHOD","","protected","abstract","TimedSimulationExecutor<ENT, GM>","","","","70"
"main","app/src/main/java/de/mkalb/etpetssim/simulations/core/model/AbstractTimedSimulationManager.java","de.mkalb.etpetssim.simulations.core.model","AbstractTimedSimulationManager","CLASS","config","METHOD","","public","final","CON","","@Override","","72"
"main","app/src/main/java/de/mkalb/etpetssim/simulations/core/model/AbstractTimedSimulationManager.java","de.mkalb.etpetssim.simulations.core.model","AbstractTimedSimulationManager","CLASS","executeStep","METHOD","","public","final","void","","@Override","","77"
"main","app/src/main/java/de/mkalb/etpetssim/simulations/core/model/AbstractTimedSimulationManager.java","de.mkalb.etpetssim.simulations.core.model","AbstractTimedSimulationManager","CLASS","executeSteps","METHOD","int, boolean, Runnable","public","final","StepExecutionResult","","@Override","","86"
"main","app/src/main/java/de/mkalb/etpetssim/simulations/core/model/AbstractTimedSimulationManager.java","de.mkalb.etpetssim.simulations.core.model","AbstractTimedSimulationManager","CLASS","afterStepExecuted","METHOD","","protected","","void","","@SuppressWarnings({""EmptyMethod"", ""NoopMethodInAbstractClass""})","","104"
"main","app/src/main/java/de/mkalb/etpetssim/simulations/core/model/AbstractTimedSimulationManager.java","de.mkalb.etpetssim.simulations.core.model","AbstractTimedSimulationManager","CLASS","afterStepsExecuted","METHOD","StepExecutionResult","protected","","void","","@SuppressWarnings({""EmptyMethod"", ""NoopMethodInAbstractClass"", ""unused""})","","116"
"main","app/src/main/java/de/mkalb/etpetssim/simulations/core/model/AbstractTimedSimulationManager.java","de.mkalb.etpetssim.simulations.core.model","AbstractTimedSimulationManager","CLASS","isFinished","METHOD","","public","final","boolean","","@Override","","120"
"main","app/src/main/java/de/mkalb/etpetssim/simulations/core/model/AbstractTimedSimulationManager.java","de.mkalb.etpetssim.simulations.core.model","AbstractTimedSimulationManager","CLASS","isExecutorFinished","METHOD","","public","final","boolean","","@Override","","125"
"main","app/src/main/java/de/mkalb/etpetssim/simulations/core/model/AbstractTimedSimulationManager.java","de.mkalb.etpetssim.simulations.core.model","AbstractTimedSimulationManager","CLASS","stepCount","METHOD","","public","final","int","","@Override","","130"
"main","app/src/main/java/de/mkalb/etpetssim/simulations/core/model/AbstractTimedSimulationManager.java","de.mkalb.etpetssim.simulations.core.model","AbstractTimedSimulationManager","CLASS","currentModel","METHOD","","public","final","GM","","@Override","","135"
"main","app/src/main/java/de/mkalb/etpetssim/simulations/core/model/AbstractTimedSimulationManager.java","de.mkalb.etpetssim.simulations.core.model","AbstractTimedSimulationManager","CLASS","statisticsHistory","METHOD","","public","final","List<StatisticSample>","","@Override","","140"
"main","app/src/main/java/de/mkalb/etpetssim/simulations/core/model/AbstractTimedSimulationManager.java","de.mkalb.etpetssim.simulations.core.model","AbstractTimedSimulationManager","CLASS","statisticsExtrema","METHOD","","public","final","StatisticExtrema","","@Override","","145"
"main","app/src/main/java/de/mkalb/etpetssim/simulations/core/model/AbstractTimedSimulationManager.java","de.mkalb.etpetssim.simulations.core.model","AbstractTimedSimulationManager","CLASS","stepTimingStatistics","METHOD","","public","final","StepTimingStatistics","","","","155"
"main","app/src/main/java/de/mkalb/etpetssim/simulations/core/model/AbstractTimedSimulationManager.java","de.mkalb.etpetssim.simulations.core.model","AbstractTimedSimulationManager","CLASS","recordInitialStatisticsSample","METHOD","","protected","final","void","","","","164"
"main","app/src/main/java/de/mkalb/etpetssim/simulations/core/model/AbstractTimedSimulationManager.java","de.mkalb.etpetssim.simulations.core.model","AbstractTimedSimulationManager","CLASS","recordStatisticsSample","METHOD","","private","","void","","","","169"
"main","app/src/main/java/de/mkalb/etpetssim/simulations/core/model/BaseTimedSimulationStatistics.java","de.mkalb.etpetssim.simulations.core.model","BaseTimedSimulationStatistics","CLASS","<init>","CONSTRUCTOR","GridStructure","protected","","","","","","28"
"main","app/src/main/java/de/mkalb/etpetssim/simulations/core/model/BaseTimedSimulationStatistics.java","de.mkalb.etpetssim.simulations.core.model","BaseTimedSimulationStatistics","CLASS","getStepCount","METHOD","","public","final","int","","@Override","","38"
"main","app/src/main/java/de/mkalb/etpetssim/simulations/core/model/BaseTimedSimulationStatistics.java","de.mkalb.etpetssim.simulations.core.model","BaseTimedSimulationStatistics","CLASS","getGridStructure","METHOD","","public","final","GridStructure","","@Override","","43"
"main","app/src/main/java/de/mkalb/etpetssim/simulations/core/model/BaseTimedSimulationStatistics.java","de.mkalb.etpetssim.simulations.core.model","BaseTimedSimulationStatistics","CLASS","stepTimingStatistics","METHOD","","public","final","StepTimingStatistics","","@Override","","48"
"main","app/src/main/java/de/mkalb/etpetssim/simulations/core/model/BaseTimedSimulationStatistics.java","de.mkalb.etpetssim.simulations.core.model","BaseTimedSimulationStatistics","CLASS","update","METHOD","int, StepTimingStatistics","public","final","void","","","","60"
"main","app/src/main/java/de/mkalb/etpetssim/simulations/core/model/BaseTimedSimulationStatistics.java","de.mkalb.etpetssim.simulations.core.model","BaseTimedSimulationStatistics","CLASS","baseToString","METHOD","","protected","final","String","","","","75"
"main","app/src/main/java/de/mkalb/etpetssim/simulations/core/model/NoUserAction.java","de.mkalb.etpetssim.simulations.core.model","NoUserAction","CLASS","apply","METHOD","SM, NoUserActionContext, GridCellView<ENT>","public","","void","","@Override","","28"
"main","app/src/main/java/de/mkalb/etpetssim/simulations/core/model/SimulationConfig.java","de.mkalb.etpetssim.simulations.core.model","SimulationConfig","INTERFACE","cellShape","METHOD","","public","","CellShape","","","","23"
"main","app/src/main/java/de/mkalb/etpetssim/simulations/core/model/SimulationConfig.java","de.mkalb.etpetssim.simulations.core.model","SimulationConfig","INTERFACE","gridEdgeBehavior","METHOD","","public","","GridEdgeBehavior","","","","30"
"main","app/src/main/java/de/mkalb/etpetssim/simulations/core/model/SimulationConfig.java","de.mkalb.etpetssim.simulations.core.model","SimulationConfig","INTERFACE","gridWidth","METHOD","","public","","int","","","","37"
"main","app/src/main/java/de/mkalb/etpetssim/simulations/core/model/SimulationConfig.java","de.mkalb.etpetssim.simulations.core.model","SimulationConfig","INTERFACE","gridHeight","METHOD","","public","","int","","","","44"
"main","app/src/main/java/de/mkalb/etpetssim/simulations/core/model/SimulationConfig.java","de.mkalb.etpetssim.simulations.core.model","SimulationConfig","INTERFACE","cellEdgeLength","METHOD","","public","","double","","","","51"
"main","app/src/main/java/de/mkalb/etpetssim/simulations/core/model/SimulationConfig.java","de.mkalb.etpetssim.simulations.core.model","SimulationConfig","INTERFACE","cellDisplayMode","METHOD","","public","","CellDisplayMode","","","","58"
"main","app/src/main/java/de/mkalb/etpetssim/simulations/core/model/SimulationConfig.java","de.mkalb.etpetssim.simulations.core.model","SimulationConfig","INTERFACE","seed","METHOD","","public","","long","","","","65"
"main","app/src/main/java/de/mkalb/etpetssim/simulations/core/model/SimulationConfig.java","de.mkalb.etpetssim.simulations.core.model","SimulationConfig","INTERFACE","neighborhoodMode","METHOD","","public","","NeighborhoodMode","","","","72"
"main","app/src/main/java/de/mkalb/etpetssim/simulations/core/model/SimulationConfig.java","de.mkalb.etpetssim.simulations.core.model","SimulationConfig","INTERFACE","createGridTopology","METHOD","","public","default","GridTopology","","","","79"
"main","app/src/main/java/de/mkalb/etpetssim/simulations/core/model/SimulationConfig.java","de.mkalb.etpetssim.simulations.core.model","SimulationConfig","INTERFACE","createGridSize","METHOD","","public","default","GridSize","","","","88"
"main","app/src/main/java/de/mkalb/etpetssim/simulations/core/model/SimulationConfig.java","de.mkalb.etpetssim.simulations.core.model","SimulationConfig","INTERFACE","createGridStructure","METHOD","","public","default","GridStructure","","","","97"
"main","app/src/main/java/de/mkalb/etpetssim/simulations/core/model/SimulationConfig.java","de.mkalb.etpetssim.simulations.core.model","SimulationConfig","INTERFACE","computeCellCount","METHOD","","public","default","int","","","","106"
"main","app/src/main/java/de/mkalb/etpetssim/simulations/core/model/SimulationConfig.java","de.mkalb.etpetssim.simulations.core.model","SimulationConfig","INTERFACE","isInRangeDouble","METHOD","double, double, double","public","default","boolean","","","","118"
"main","app/src/main/java/de/mkalb/etpetssim/simulations/core/model/SimulationConfig.java","de.mkalb.etpetssim.simulations.core.model","SimulationConfig","INTERFACE","isInRangeInt","METHOD","int, int, int","public","default","boolean","","","","130"
"main","app/src/main/java/de/mkalb/etpetssim/simulations/core/model/SimulationConfig.java","de.mkalb.etpetssim.simulations.core.model","SimulationConfig","INTERFACE","isAllowedSelection","METHOD","T, Collection<T>","public","default","boolean","","","T","142"
"main","app/src/main/java/de/mkalb/etpetssim/simulations/core/model/SimulationConfig.java","de.mkalb.etpetssim.simulations.core.model","SimulationConfig","INTERFACE","hasAllowedCoreSelections","METHOD","Collection<CellShape>, Collection<GridEdgeBehavior>, Collection<CellDisplayMode>","public","default","boolean","","","","154"
"main","app/src/main/java/de/mkalb/etpetssim/simulations/core/model/SimulationConfig.java","de.mkalb.etpetssim.simulations.core.model","SimulationConfig","INTERFACE","hasExpectedSelection","METHOD","T, T","public","default","boolean","","","T","170"
"main","app/src/main/java/de/mkalb/etpetssim/simulations/core/model/SimulationConfig.java","de.mkalb.etpetssim.simulations.core.model","SimulationConfig","INTERFACE","isBaseValid","METHOD","","public","default","boolean","","","","179"
"main","app/src/main/java/de/mkalb/etpetssim/simulations/core/model/SimulationConfig.java","de.mkalb.etpetssim.simulations.core.model","SimulationConfig","INTERFACE","isValid","METHOD","","public","default","boolean","","","","196"
"main","app/src/main/java/de/mkalb/etpetssim/simulations/core/model/SimulationInitializationCanceledException.java","de.mkalb.etpetssim.simulations.core.model","SimulationInitializationCanceledException","CLASS","<init>","CONSTRUCTOR","","package-private","","","","","","12"
"main","app/src/main/java/de/mkalb/etpetssim/simulations/core/model/SimulationInitializationCancellation.java","de.mkalb.etpetssim.simulations.core.model","SimulationInitializationCancellation","INTERFACE","none","METHOD","","public","static","SimulationInitializationCancellation","","","","14"
"main","app/src/main/java/de/mkalb/etpetssim/simulations/core/model/SimulationInitializationCancellation.java","de.mkalb.etpetssim.simulations.core.model","SimulationInitializationCancellation","INTERFACE","interruptionAware","METHOD","","public","static","SimulationInitializationCancellation","","","","23"
"main","app/src/main/java/de/mkalb/etpetssim/simulations/core/model/SimulationInitializationCancellation.java","de.mkalb.etpetssim.simulations.core.model","SimulationInitializationCancellation","INTERFACE","checkCanceled","METHOD","","public","","void","","","","37"
"main","app/src/main/java/de/mkalb/etpetssim/simulations/core/model/SimulationManager.java","de.mkalb.etpetssim.simulations.core.model","SimulationManager","INTERFACE","config","METHOD","","public","","CON","","","","29"
"main","app/src/main/java/de/mkalb/etpetssim/simulations/core/model/SimulationManager.java","de.mkalb.etpetssim.simulations.core.model","SimulationManager","INTERFACE","structure","METHOD","","public","","GridStructure","","","","36"
"main","app/src/main/java/de/mkalb/etpetssim/simulations/core/model/SimulationManager.java","de.mkalb.etpetssim.simulations.core.model","SimulationManager","INTERFACE","statistics","METHOD","","public","","STA","","","","43"
"main","app/src/main/java/de/mkalb/etpetssim/simulations/core/model/SimulationManager.java","de.mkalb.etpetssim.simulations.core.model","SimulationManager","INTERFACE","statisticsHistory","METHOD","","public","default","List<StatisticSample>","","","","50"
"main","app/src/main/java/de/mkalb/etpetssim/simulations/core/model/SimulationManager.java","de.mkalb.etpetssim.simulations.core.model","SimulationManager","INTERFACE","statisticsExtrema","METHOD","","public","default","StatisticExtrema","","","","59"
"main","app/src/main/java/de/mkalb/etpetssim/simulations/core/model/SimulationManager.java","de.mkalb.etpetssim.simulations.core.model","SimulationManager","INTERFACE","executeStep","METHOD","","public","","void","","","","66"
"main","app/src/main/java/de/mkalb/etpetssim/simulations/core/model/SimulationManager.java","de.mkalb.etpetssim.simulations.core.model","SimulationManager","INTERFACE","executeSteps","METHOD","int, boolean, Runnable","public","","StepExecutionResult","","","","76"
"main","app/src/main/java/de/mkalb/etpetssim/simulations/core/model/SimulationManager.java","de.mkalb.etpetssim.simulations.core.model","SimulationManager","INTERFACE","isFinished","METHOD","","public","","boolean","","","","83"
"main","app/src/main/java/de/mkalb/etpetssim/simulations/core/model/SimulationManager.java","de.mkalb.etpetssim.simulations.core.model","SimulationManager","INTERFACE","isExecutorFinished","METHOD","","public","","boolean","","","","90"
"main","app/src/main/java/de/mkalb/etpetssim/simulations/core/model/SimulationManager.java","de.mkalb.etpetssim.simulations.core.model","SimulationManager","INTERFACE","stepCount","METHOD","","public","","int","","","","97"
"main","app/src/main/java/de/mkalb/etpetssim/simulations/core/model/SimulationManager.java","de.mkalb.etpetssim.simulations.core.model","SimulationManager","INTERFACE","currentModel","METHOD","","public","","GM","","","","104"
"main","app/src/main/java/de/mkalb/etpetssim/simulations/core/model/SimulationStatistics.java","de.mkalb.etpetssim.simulations.core.model","SimulationStatistics","INTERFACE","getStepCount","METHOD","","public","","int","","","","15"
"main","app/src/main/java/de/mkalb/etpetssim/simulations/core/model/SimulationStatistics.java","de.mkalb.etpetssim.simulations.core.model","SimulationStatistics","INTERFACE","getGridStructure","METHOD","","public","","GridStructure","","","","22"
"main","app/src/main/java/de/mkalb/etpetssim/simulations/core/model/SimulationStatistics.java","de.mkalb.etpetssim.simulations.core.model","SimulationStatistics","INTERFACE","getTotalCells","METHOD","","public","default","int","","","","30"
"main","app/src/main/java/de/mkalb/etpetssim/simulations/core/model/SimulationUserAction.java","de.mkalb.etpetssim.simulations.core.model","SimulationUserAction","INTERFACE","apply","METHOD","SM, CTX, GridCellView<ENT>","public","","void","","@SuppressWarnings(""unused"")","","38"
"main","app/src/main/java/de/mkalb/etpetssim/simulations/core/model/StatisticExtrema.java","de.mkalb.etpetssim.simulations.core.model","StatisticExtrema","RECORD","<init>","COMPACT_CONSTRUCTOR","","public","","","","","","17"
"main","app/src/main/java/de/mkalb/etpetssim/simulations/core/model/StatisticExtrema.java","de.mkalb.etpetssim.simulations.core.model","StatisticExtrema","RECORD","empty","METHOD","","public","static","StatisticExtrema","","","","27"
"main","app/src/main/java/de/mkalb/etpetssim/simulations/core/model/StatisticExtremaMode.java","de.mkalb.etpetssim.simulations.core.model","StatisticExtremaMode","ENUM","<init>","CONSTRUCTOR","boolean, boolean","private","","","","","","31"
"main","app/src/main/java/de/mkalb/etpetssim/simulations/core/model/StatisticExtremaMode.java","de.mkalb.etpetssim.simulations.core.model","StatisticExtremaMode","ENUM","tracksMinimum","METHOD","","public","","boolean","","","","41"
"main","app/src/main/java/de/mkalb/etpetssim/simulations/core/model/StatisticExtremaMode.java","de.mkalb.etpetssim.simulations.core.model","StatisticExtremaMode","ENUM","tracksMaximum","METHOD","","public","","boolean","","","","50"
"main","app/src/main/java/de/mkalb/etpetssim/simulations/core/model/StatisticExtremaTracker.java","de.mkalb.etpetssim.simulations.core.model","StatisticExtremaTracker","CLASS","<init>","CONSTRUCTOR","List<? extends StatisticMetric<?>>","package-private","","","","","","14"
"main","app/src/main/java/de/mkalb/etpetssim/simulations/core/model/StatisticExtremaTracker.java","de.mkalb.etpetssim.simulations.core.model","StatisticExtremaTracker","CLASS","update","METHOD","Map<String, Double>, long","package-private","synchronized","void","","","","25"
"main","app/src/main/java/de/mkalb/etpetssim/simulations/core/model/StatisticExtremaTracker.java","de.mkalb.etpetssim.simulations.core.model","StatisticExtremaTracker","CLASS","snapshot","METHOD","","package-private","synchronized","StatisticExtrema","","","","48"
"main","app/src/main/java/de/mkalb/etpetssim/simulations/core/model/StatisticExtremum.java","de.mkalb.etpetssim.simulations.core.model","StatisticExtremum","RECORD","<init>","COMPACT_CONSTRUCTOR","","public","","","","","","11"
"main","app/src/main/java/de/mkalb/etpetssim/simulations/core/model/StatisticExtremum.java","de.mkalb.etpetssim.simulations.core.model","StatisticExtremum","RECORD","intValue","METHOD","","public","","int","","@SuppressWarnings(""NumericCastThatLosesPrecision"")","","26"
"main","app/src/main/java/de/mkalb/etpetssim/simulations/core/model/StatisticHistory.java","de.mkalb.etpetssim.simulations.core.model","StatisticHistory","CLASS","<init>","CONSTRUCTOR","","public","","","","","","25"
"main","app/src/main/java/de/mkalb/etpetssim/simulations/core/model/StatisticHistory.java","de.mkalb.etpetssim.simulations.core.model","StatisticHistory","CLASS","<init>","CONSTRUCTOR","int","public","","","","","","35"
"main","app/src/main/java/de/mkalb/etpetssim/simulations/core/model/StatisticHistory.java","de.mkalb.etpetssim.simulations.core.model","StatisticHistory","CLASS","capacity","METHOD","","public","","int","","","","48"
"main","app/src/main/java/de/mkalb/etpetssim/simulations/core/model/StatisticHistory.java","de.mkalb.etpetssim.simulations.core.model","StatisticHistory","CLASS","size","METHOD","","public","synchronized","int","","","","57"
"main","app/src/main/java/de/mkalb/etpetssim/simulations/core/model/StatisticHistory.java","de.mkalb.etpetssim.simulations.core.model","StatisticHistory","CLASS","clear","METHOD","","public","synchronized","void","","","","64"
"main","app/src/main/java/de/mkalb/etpetssim/simulations/core/model/StatisticHistory.java","de.mkalb.etpetssim.simulations.core.model","StatisticHistory","CLASS","add","METHOD","StatisticSample","public","synchronized","void","","","","73"
"main","app/src/main/java/de/mkalb/etpetssim/simulations/core/model/StatisticHistory.java","de.mkalb.etpetssim.simulations.core.model","StatisticHistory","CLASS","asList","METHOD","","public","synchronized","List<StatisticSample>","","","","85"
"main","app/src/main/java/de/mkalb/etpetssim/simulations/core/model/StatisticMetric.java","de.mkalb.etpetssim.simulations.core.model","StatisticMetric","RECORD","<init>","COMPACT_CONSTRUCTOR","","public","","","","","","33"
"main","app/src/main/java/de/mkalb/etpetssim/simulations/core/model/StatisticMetric.java","de.mkalb.etpetssim.simulations.core.model","StatisticMetric","RECORD","<init>","CONSTRUCTOR","String, String, ToDoubleFunction<STA>, StatisticExtremaMode","public","","","","","","57"
"main","app/src/main/java/de/mkalb/etpetssim/simulations/core/model/StatisticMetric.java","de.mkalb.etpetssim.simulations.core.model","StatisticMetric","RECORD","<init>","CONSTRUCTOR","String, String, ToDoubleFunction<STA>, StatisticExtremaMode, StatisticChartGroup","public","","","","","","71"
"main","app/src/main/java/de/mkalb/etpetssim/simulations/core/model/StatisticSample.java","de.mkalb.etpetssim.simulations.core.model","StatisticSample","RECORD","<init>","COMPACT_CONSTRUCTOR","","public","","","","","","20"
"main","app/src/main/java/de/mkalb/etpetssim/simulations/core/model/TimedSimulationStatistics.java","de.mkalb.etpetssim.simulations.core.model","TimedSimulationStatistics","INTERFACE","stepTimingStatistics","METHOD","","public","","StepTimingStatistics","","","","15"
"main","app/src/main/java/de/mkalb/etpetssim/simulations/core/shared/CellDisplayMode.java","de.mkalb.etpetssim.simulations.core.shared","CellDisplayMode","ENUM","<init>","CONSTRUCTOR","String","private","","","","","","47"
"main","app/src/main/java/de/mkalb/etpetssim/simulations/core/shared/CellDisplayMode.java","de.mkalb.etpetssim.simulations.core.shared","CellDisplayMode","ENUM","labelResourceKey","METHOD","","public","static","String","","@SuppressWarnings(""SameReturnValue"")","","59"
"main","app/src/main/java/de/mkalb/etpetssim/simulations/core/shared/CellDisplayMode.java","de.mkalb.etpetssim.simulations.core.shared","CellDisplayMode","ENUM","resourceKey","METHOD","","public","","String","","","","71"
"main","app/src/main/java/de/mkalb/etpetssim/simulations/core/shared/CellDisplayMode.java","de.mkalb.etpetssim.simulations.core.shared","CellDisplayMode","ENUM","hasBorder","METHOD","","public","","boolean","","","","80"
"main","app/src/main/java/de/mkalb/etpetssim/simulations/core/shared/SimulationMode.java","de.mkalb.etpetssim.simulations.core.shared","SimulationMode","ENUM","<init>","CONSTRUCTOR","String","private","","","","","","41"
"main","app/src/main/java/de/mkalb/etpetssim/simulations/core/shared/SimulationMode.java","de.mkalb.etpetssim.simulations.core.shared","SimulationMode","ENUM","labelResourceKey","METHOD","","public","static","String","","@SuppressWarnings(""SameReturnValue"")","","53"
"main","app/src/main/java/de/mkalb/etpetssim/simulations/core/shared/SimulationMode.java","de.mkalb.etpetssim.simulations.core.shared","SimulationMode","ENUM","resourceKey","METHOD","","public","","String","","","","65"
"main","app/src/main/java/de/mkalb/etpetssim/simulations/core/shared/SimulationNotificationType.java","de.mkalb.etpetssim.simulations.core.shared","SimulationNotificationType","ENUM","<init>","CONSTRUCTOR","String","private","","","","","","38"
"main","app/src/main/java/de/mkalb/etpetssim/simulations/core/shared/SimulationNotificationType.java","de.mkalb.etpetssim.simulations.core.shared","SimulationNotificationType","ENUM","resourceKey","METHOD","","public","","String","","","","49"
"main","app/src/main/java/de/mkalb/etpetssim/simulations/core/shared/SimulationState.java","de.mkalb.etpetssim.simulations.core.shared","SimulationState","ENUM","isStartable","METHOD","","public","","boolean","","","","96"
"main","app/src/main/java/de/mkalb/etpetssim/simulations/core/shared/SimulationState.java","de.mkalb.etpetssim.simulations.core.shared","SimulationState","ENUM","isRunning","METHOD","","public","","boolean","","","","109"
"main","app/src/main/java/de/mkalb/etpetssim/simulations/core/shared/SimulationState.java","de.mkalb.etpetssim.simulations.core.shared","SimulationState","ENUM","isPaused","METHOD","","public","","boolean","","","","122"
"main","app/src/main/java/de/mkalb/etpetssim/simulations/core/shared/SimulationStepEvent.java","de.mkalb.etpetssim.simulations.core.shared","SimulationStepEvent","RECORD","<init>","COMPACT_CONSTRUCTOR","","public","","","","","","12"
"main","app/src/main/java/de/mkalb/etpetssim/simulations/core/view/AbstractConfigView.java","de.mkalb.etpetssim.simulations.core.view","AbstractConfigView","CLASS","<init>","CONSTRUCTOR","VM","protected","","","","","","26"
"main","app/src/main/java/de/mkalb/etpetssim/simulations/core/view/AbstractConfigView.java","de.mkalb.etpetssim.simulations.core.view","AbstractConfigView","CLASS","createConfigMainBox","METHOD","TitledPane...","protected","final","Region","","","","30"
"main","app/src/main/java/de/mkalb/etpetssim/simulations/core/view/AbstractConfigView.java","de.mkalb.etpetssim.simulations.core.view","AbstractConfigView","CLASS","createConfigTitledPane","METHOD","String, boolean, FXComponentFactory.LabeledControl<? extends Region>...","protected","final","TitledPane","","@SafeVarargs","","55"
"main","app/src/main/java/de/mkalb/etpetssim/simulations/core/view/AbstractConfigView.java","de.mkalb.etpetssim.simulations.core.view","AbstractConfigView","CLASS","toLabeledControlArray","METHOD","List<FXComponentFactory.LabeledControl<? extends Region>>","protected","final","FXComponentFactory.LabeledControl<? extends Region>[]","","@SuppressWarnings(""unchecked"")","","78"
"main","app/src/main/java/de/mkalb/etpetssim/simulations/core/view/AbstractConfigView.java","de.mkalb.etpetssim.simulations.core.view","AbstractConfigView","CLASS","createStructurePane","METHOD","boolean","protected","final","TitledPane","","","","84"
"main","app/src/main/java/de/mkalb/etpetssim/simulations/core/view/AbstractConfigView.java","de.mkalb.etpetssim.simulations.core.view","AbstractConfigView","CLASS","createLayoutPane","METHOD","boolean, FXComponentFactory.LabeledControl<? extends Region>...","protected","final","TitledPane","","@SuppressWarnings(""unchecked"") | @SafeVarargs","","130"
"main","app/src/main/java/de/mkalb/etpetssim/simulations/core/view/AbstractConfigView.java","de.mkalb.etpetssim.simulations.core.view","AbstractConfigView","CLASS","createSeedControl","METHOD","","protected","final","FXComponentFactory.LabeledControl<? extends Region>","","","","172"
"main","app/src/main/java/de/mkalb/etpetssim/simulations/core/view/AbstractConfigView.java","de.mkalb.etpetssim.simulations.core.view","AbstractConfigView","CLASS","createNeighborhoodModeControl","METHOD","InputChoiceProperty<NeighborhoodMode>","protected","final","FXComponentFactory.LabeledControl<? extends Region>","","","","186"
"main","app/src/main/java/de/mkalb/etpetssim/simulations/core/view/AbstractConfigView.java","de.mkalb.etpetssim.simulations.core.view","AbstractConfigView","CLASS","formatPercentRangeTooltip","METHOD","String, InputDoubleProperty","protected","final","String","","","","195"
"main","app/src/main/java/de/mkalb/etpetssim/simulations/core/view/AbstractConfigView.java","de.mkalb.etpetssim.simulations.core.view","AbstractConfigView","CLASS","formatDoubleRangeTooltip","METHOD","String, InputDoubleProperty","protected","final","String","","","","201"
"main","app/src/main/java/de/mkalb/etpetssim/simulations/core/view/AbstractConfigView.java","de.mkalb.etpetssim.simulations.core.view","AbstractConfigView","CLASS","formatDoubleRangeTooltip","METHOD","String, InputDoublePropertyIntRange","protected","final","String","","@SuppressWarnings(""SameParameterValue"")","","206"
"main","app/src/main/java/de/mkalb/etpetssim/simulations/core/view/AbstractConfigView.java","de.mkalb.etpetssim.simulations.core.view","AbstractConfigView","CLASS","formatIntRangeTooltip","METHOD","String, InputIntegerProperty","protected","final","String","","","","212"
"main","app/src/main/java/de/mkalb/etpetssim/simulations/core/view/AbstractControlView.java","de.mkalb.etpetssim.simulations.core.view","AbstractControlView","CLASS","<init>","CONSTRUCTOR","VM","protected","","","","","","18"
"main","app/src/main/java/de/mkalb/etpetssim/simulations/core/view/AbstractControlView.java","de.mkalb.etpetssim.simulations.core.view","AbstractControlView","CLASS","buildControlRegion","METHOD","","public","","Region","","@Override","","22"
"main","app/src/main/java/de/mkalb/etpetssim/simulations/core/view/AbstractControlView.java","de.mkalb.etpetssim.simulations.core.view","AbstractControlView","CLASS","createControlButtonPane","METHOD","","protected","abstract","Pane","","","","54"
"main","app/src/main/java/de/mkalb/etpetssim/simulations/core/view/AbstractControlView.java","de.mkalb.etpetssim.simulations.core.view","AbstractControlView","CLASS","createControlConfigPane","METHOD","","protected","abstract","Optional<Pane>","","","","56"
"main","app/src/main/java/de/mkalb/etpetssim/simulations/core/view/AbstractControlView.java","de.mkalb.etpetssim.simulations.core.view","AbstractControlView","CLASS","createControlObservationPane","METHOD","","protected","abstract","Optional<Pane>","","","","58"
"main","app/src/main/java/de/mkalb/etpetssim/simulations/core/view/AbstractControlView.java","de.mkalb.etpetssim.simulations.core.view","AbstractControlView","CLASS","createControlButton","METHOD","String","protected","final","Button","","","","60"
"main","app/src/main/java/de/mkalb/etpetssim/simulations/core/view/AbstractDefaultMainView.java","de.mkalb.etpetssim.simulations.core.view","AbstractDefaultMainView","CLASS","<init>","CONSTRUCTOR","DefaultMainViewModel<ENT, GC, GM, CON, STA, SM, CTX>, CFV, SimulationControlView, OV, GridEntityDescriptorRegistry","protected","","","","","","67"
"main","app/src/main/java/de/mkalb/etpetssim/simulations/core/view/AbstractDefaultMainView.java","de.mkalb.etpetssim.simulations.core.view","AbstractDefaultMainView","CLASS","registerViewModelListeners","METHOD","","protected","final","void","","@Override","","73"
"main","app/src/main/java/de/mkalb/etpetssim/simulations/core/view/AbstractDefaultMainView.java","de.mkalb.etpetssim.simulations.core.view","AbstractDefaultMainView","CLASS","shutdownSimulation","METHOD","","public","","SimulationTermination","","@Override","","86"
"main","app/src/main/java/de/mkalb/etpetssim/simulations/core/view/AbstractDefaultMainView.java","de.mkalb.etpetssim.simulations.core.view","AbstractDefaultMainView","CLASS","computeStrokeLineWidth","METHOD","CellDimension","protected","final","double","","@SuppressWarnings(""MagicNumber"")","","95"
"main","app/src/main/java/de/mkalb/etpetssim/simulations/core/view/AbstractDefaultMainView.java","de.mkalb.etpetssim.simulations.core.view","AbstractDefaultMainView","CLASS","computeBrightnessVariantsMap","METHOD","GridEntityDescriptor, int, int, int, double","protected","final","Map<Integer, Color>","","@Nullable","","103"
"main","app/src/main/java/de/mkalb/etpetssim/simulations/core/view/AbstractDefaultMainView.java","de.mkalb.etpetssim.simulations.core.view","AbstractDefaultMainView","CLASS","handleMouseClickedCoordinate","METHOD","Point2D, GridCoordinate, FXGridCanvasPainter","protected","","void","","@Override","","115"
"main","app/src/main/java/de/mkalb/etpetssim/simulations/core/view/AbstractDefaultMainView.java","de.mkalb.etpetssim.simulations.core.view","AbstractDefaultMainView","CLASS","editModeActiveProperty","METHOD","","protected","final","BooleanProperty","","@Override","","121"
"main","app/src/main/java/de/mkalb/etpetssim/simulations/core/view/AbstractDefaultMainView.java","de.mkalb.etpetssim.simulations.core.view","AbstractDefaultMainView","CLASS","selectedUserActionToolIdProperty","METHOD","","protected","final","ObjectProperty<String>","","@Override","","126"
"main","app/src/main/java/de/mkalb/etpetssim/simulations/core/view/AbstractDefaultMainView.java","de.mkalb.etpetssim.simulations.core.view","AbstractDefaultMainView","CLASS","applyGlobalUserActionAndRedraw","METHOD","SimulationUserActionDescriptor<CTX>","protected","final","void","","@Override","","131"
"main","app/src/main/java/de/mkalb/etpetssim/simulations/core/view/AbstractDefaultMainView.java","de.mkalb.etpetssim.simulations.core.view","AbstractDefaultMainView","CLASS","applySelectedCellUserActionAndRedraw","METHOD","","private","","void","","","","139"
"main","app/src/main/java/de/mkalb/etpetssim/simulations/core/view/AbstractDefaultMainView.java","de.mkalb.etpetssim.simulations.core.view","AbstractDefaultMainView","CLASS","redrawAfterUserAction","METHOD","","private","","void","","","","146"
"main","app/src/main/java/de/mkalb/etpetssim/simulations/core/view/AbstractDefaultMainView.java","de.mkalb.etpetssim.simulations.core.view","AbstractDefaultMainView","CLASS","handleSimulationInitialized","METHOD","","private","","void","","","","151"
"main","app/src/main/java/de/mkalb/etpetssim/simulations/core/view/AbstractDefaultMainView.java","de.mkalb.etpetssim.simulations.core.view","AbstractDefaultMainView","CLASS","handleSimulationReset","METHOD","","private","","void","","","","174"
"main","app/src/main/java/de/mkalb/etpetssim/simulations/core/view/AbstractDefaultMainView.java","de.mkalb.etpetssim.simulations.core.view","AbstractDefaultMainView","CLASS","clearCanvasLayers","METHOD","","private","","void","","","","181"
"main","app/src/main/java/de/mkalb/etpetssim/simulations/core/view/AbstractDefaultMainView.java","de.mkalb.etpetssim.simulations.core.view","AbstractDefaultMainView","CLASS","handleSimulationStep","METHOD","SimulationStepEvent","private","","void","","","","194"
"main","app/src/main/java/de/mkalb/etpetssim/simulations/core/view/AbstractDefaultMainView.java","de.mkalb.etpetssim.simulations.core.view","AbstractDefaultMainView","CLASS","handleGridCellSelected","METHOD","FXGridCanvasPainter, GC, GC","protected","abstract","void","","","","220"
"main","app/src/main/java/de/mkalb/etpetssim/simulations/core/view/AbstractDefaultMainView.java","de.mkalb.etpetssim.simulations.core.view","AbstractDefaultMainView","CLASS","drawAndMeasureSimulationStep","METHOD","int","private","","void","","","","224"
"main","app/src/main/java/de/mkalb/etpetssim/simulations/core/view/AbstractDefaultMainView.java","de.mkalb.etpetssim.simulations.core.view","AbstractDefaultMainView","CLASS","throttleAndDrawSimulationStep","METHOD","int, boolean, long","private","","void","","","","241"
"main","app/src/main/java/de/mkalb/etpetssim/simulations/core/view/AbstractDefaultMainView.java","de.mkalb.etpetssim.simulations.core.view","AbstractDefaultMainView","CLASS","showSkipOverlay","METHOD","","private","","void","","","","257"
"main","app/src/main/java/de/mkalb/etpetssim/simulations/core/view/AbstractDefaultMainView.java","de.mkalb.etpetssim.simulations.core.view","AbstractDefaultMainView","CLASS","clearSkipOverlay","METHOD","","private","","void","","","","275"
"main","app/src/main/java/de/mkalb/etpetssim/simulations/core/view/AbstractDefaultMainView.java","de.mkalb.etpetssim.simulations.core.view","AbstractDefaultMainView","CLASS","initSimulation","METHOD","CON, CellDimension, GM","protected","abstract","void","","","","282"
"main","app/src/main/java/de/mkalb/etpetssim/simulations/core/view/AbstractDefaultMainView.java","de.mkalb.etpetssim.simulations.core.view","AbstractDefaultMainView","CLASS","drawSimulation","METHOD","GM, int, int","protected","abstract","void","","@SuppressWarnings(""ParameterHidesMemberVariable"")","","284"
"main","app/src/main/java/de/mkalb/etpetssim/simulations/core/view/AbstractMainView.java","de.mkalb.etpetssim.simulations.core.view","AbstractMainView","CLASS","<init>","CONSTRUCTOR","VM, CFV, CLV, OV, GridEntityDescriptorRegistry","protected","","","","","","66"
"main","app/src/main/java/de/mkalb/etpetssim/simulations/core/view/AbstractMainView.java","de.mkalb.etpetssim.simulations.core.view","AbstractMainView","CLASS","computeCellFontSize","METHOD","CellDimension, CellShape","protected","static","double","","@SuppressWarnings(""MagicNumber"")","","95"
"main","app/src/main/java/de/mkalb/etpetssim/simulations/core/view/AbstractMainView.java","de.mkalb.etpetssim.simulations.core.view","AbstractMainView","CLASS","computeCellEmojiFontSize","METHOD","CellDimension, CellShape","protected","static","double","","@SuppressWarnings(""MagicNumber"")","","105"
"main","app/src/main/java/de/mkalb/etpetssim/simulations/core/view/AbstractMainView.java","de.mkalb.etpetssim.simulations.core.view","AbstractMainView","CLASS","buildMainRegion","METHOD","","public","final","Region","","@Override","","115"
"main","app/src/main/java/de/mkalb/etpetssim/simulations/core/view/AbstractMainView.java","de.mkalb.etpetssim.simulations.core.view","AbstractMainView","CLASS","shutdownSimulation","METHOD","","public","","SimulationTermination","","@Override","","149"
"main","app/src/main/java/de/mkalb/etpetssim/simulations/core/view/AbstractMainView.java","de.mkalb.etpetssim.simulations.core.view","AbstractMainView","CLASS","registerViewModelListeners","METHOD","","protected","abstract","void","","","","167"
"main","app/src/main/java/de/mkalb/etpetssim/simulations/core/view/AbstractMainView.java","de.mkalb.etpetssim.simulations.core.view","AbstractMainView","CLASS","registerOverlayPrimaryClickHandler","METHOD","","private","","void","","","","169"
"main","app/src/main/java/de/mkalb/etpetssim/simulations/core/view/AbstractMainView.java","de.mkalb.etpetssim.simulations.core.view","AbstractMainView","CLASS","handleMouseClickedCoordinate","METHOD","Point2D, GridCoordinate, FXGridCanvasPainter","protected","abstract","void","","","","186"
"main","app/src/main/java/de/mkalb/etpetssim/simulations/core/view/AbstractMainView.java","de.mkalb.etpetssim.simulations.core.view","AbstractMainView","CLASS","registerNotificationListener","METHOD","","private","","void","","","","188"
"main","app/src/main/java/de/mkalb/etpetssim/simulations/core/view/AbstractMainView.java","de.mkalb.etpetssim.simulations.core.view","AbstractMainView","CLASS","updateNotification","METHOD","String","private","","void","","","","199"
"main","app/src/main/java/de/mkalb/etpetssim/simulations/core/view/AbstractMainView.java","de.mkalb.etpetssim.simulations.core.view","AbstractMainView","CLASS","clearNotification","METHOD","","private","","void","","","","205"
"main","app/src/main/java/de/mkalb/etpetssim/simulations/core/view/AbstractMainView.java","de.mkalb.etpetssim.simulations.core.view","AbstractMainView","CLASS","rebuildActionToolBar","METHOD","","protected","final","void","","","","211"
"main","app/src/main/java/de/mkalb/etpetssim/simulations/core/view/AbstractMainView.java","de.mkalb.etpetssim.simulations.core.view","AbstractMainView","CLASS","createUserActionDescriptors","METHOD","","protected","","List<SimulationUserActionDescriptor<CTX>>","","","","226"
"main","app/src/main/java/de/mkalb/etpetssim/simulations/core/view/AbstractMainView.java","de.mkalb.etpetssim.simulations.core.view","AbstractMainView","CLASS","createEditToolBarOptionPanel","METHOD","ObjectProperty<String>","protected","","Node","","@SuppressWarnings(""unused"") | @Nullable","","239"
"main","app/src/main/java/de/mkalb/etpetssim/simulations/core/view/AbstractMainView.java","de.mkalb.etpetssim.simulations.core.view","AbstractMainView","CLASS","registerActionToolBarCleanup","METHOD","Runnable","protected","final","void","","","","249"
"main","app/src/main/java/de/mkalb/etpetssim/simulations/core/view/AbstractMainView.java","de.mkalb.etpetssim.simulations.core.view","AbstractMainView","CLASS","editModeActiveProperty","METHOD","","protected","","BooleanProperty","","@Nullable","","258"
"main","app/src/main/java/de/mkalb/etpetssim/simulations/core/view/AbstractMainView.java","de.mkalb.etpetssim.simulations.core.view","AbstractMainView","CLASS","selectedUserActionToolIdProperty","METHOD","","protected","","ObjectProperty<String>","","@Nullable","","267"
"main","app/src/main/java/de/mkalb/etpetssim/simulations/core/view/AbstractMainView.java","de.mkalb.etpetssim.simulations.core.view","AbstractMainView","CLASS","applyGlobalUserActionAndRedraw","METHOD","SimulationUserActionDescriptor<CTX>","protected","abstract","void","","","","276"
"main","app/src/main/java/de/mkalb/etpetssim/simulations/core/view/AbstractMainView.java","de.mkalb.etpetssim.simulations.core.view","AbstractMainView","CLASS","createSimulationRegion","METHOD","","protected","final","Region","","","","278"
"main","app/src/main/java/de/mkalb/etpetssim/simulations/core/view/AbstractMainView.java","de.mkalb.etpetssim.simulations.core.view","AbstractMainView","CLASS","createPainterAndUpdateCanvas","METHOD","GridStructure, double","protected","final","CellDimension","","","","303"
"main","app/src/main/java/de/mkalb/etpetssim/simulations/core/view/AbstractMainView.java","de.mkalb.etpetssim.simulations.core.view","AbstractMainView","CLASS","updateCanvasBorderPane","METHOD","GridStructure","protected","final","void","","","","355"
"main","app/src/main/java/de/mkalb/etpetssim/simulations/core/view/AbstractMainView.java","de.mkalb.etpetssim.simulations.core.view","AbstractMainView","CLASS","createBorderRegion","METHOD","String","private","","Region","","","","366"
"main","app/src/main/java/de/mkalb/etpetssim/simulations/core/view/AbstractMainView.java","de.mkalb.etpetssim.simulations.core.view","AbstractMainView","CLASS","computeVisibleCanvasCenter","METHOD","Canvas","protected","final","Point2D","","@SuppressWarnings(""MagicNumber"")","","372"
"main","app/src/main/java/de/mkalb/etpetssim/simulations/core/view/AbstractMainView.java","de.mkalb.etpetssim.simulations.core.view","AbstractMainView","CLASS","getPreferredFont","METHOD","double","protected","final","Font","","","","391"
"main","app/src/main/java/de/mkalb/etpetssim/simulations/core/view/AbstractObservationView.java","de.mkalb.etpetssim.simulations.core.view","AbstractObservationView","CLASS","<init>","CONSTRUCTOR","VM, GridEntityDescriptorRegistry","protected","","","","","","52"
"main","app/src/main/java/de/mkalb/etpetssim/simulations/core/view/AbstractObservationView.java","de.mkalb.etpetssim.simulations.core.view","AbstractObservationView","CLASS","buildObservationRegion","METHOD","","public","abstract","Region","","@Override","","58"
"main","app/src/main/java/de/mkalb/etpetssim/simulations/core/view/AbstractObservationView.java","de.mkalb.etpetssim.simulations.core.view","AbstractObservationView","CLASS","createObservationScrollPane","METHOD","Region...","protected","final","ScrollPane","","","","68"
"main","app/src/main/java/de/mkalb/etpetssim/simulations/core/view/AbstractObservationView.java","de.mkalb.etpetssim.simulations.core.view","AbstractObservationView","CLASS","createGridSection","METHOD","","protected","final","VBox","","","","92"
"main","app/src/main/java/de/mkalb/etpetssim/simulations/core/view/AbstractObservationView.java","de.mkalb.etpetssim.simulations.core.view","AbstractObservationView","CLASS","createStatusSection","METHOD","","protected","final","VBox","","","","111"
"main","app/src/main/java/de/mkalb/etpetssim/simulations/core/view/AbstractObservationView.java","de.mkalb.etpetssim.simulations.core.view","AbstractObservationView","CLASS","updateGridSectionLabel","METHOD","","private","","void","","","","125"
"main","app/src/main/java/de/mkalb/etpetssim/simulations/core/view/AbstractObservationView.java","de.mkalb.etpetssim.simulations.core.view","AbstractObservationView","CLASS","initializeObservationLabels","METHOD","","public","final","void","","@Override","","134"
"main","app/src/main/java/de/mkalb/etpetssim/simulations/core/view/AbstractObservationView.java","de.mkalb.etpetssim.simulations.core.view","AbstractObservationView","CLASS","updateStatusSectionLabel","METHOD","Optional<STA>","protected","final","void","","@SuppressWarnings(""OptionalUsedAsFieldOrParameterType"")","","145"
"main","app/src/main/java/de/mkalb/etpetssim/simulations/core/view/AbstractObservationView.java","de.mkalb.etpetssim.simulations.core.view","AbstractObservationView","CLASS","createObservationSection","METHOD","String, String[], Label[]","protected","final","VBox","","","","165"
"main","app/src/main/java/de/mkalb/etpetssim/simulations/core/view/AbstractObservationView.java","de.mkalb.etpetssim.simulations.core.view","AbstractObservationView","CLASS","integerFormat","METHOD","","private","","NumberFormat","","","","205"
"main","app/src/main/java/de/mkalb/etpetssim/simulations/core/view/AbstractObservationView.java","de.mkalb.etpetssim.simulations.core.view","AbstractObservationView","CLASS","setFormattedIntegerValue","METHOD","Label, Number","protected","final","void","","","","218"
"main","app/src/main/java/de/mkalb/etpetssim/simulations/core/view/AbstractObservationView.java","de.mkalb.etpetssim.simulations.core.view","AbstractObservationView","CLASS","setUnknownValues","METHOD","Label...","protected","final","void","","","","228"
"main","app/src/main/java/de/mkalb/etpetssim/simulations/core/view/AbstractObservationView.java","de.mkalb.etpetssim.simulations.core.view","AbstractObservationView","CLASS","registerSelectedCellListener","METHOD","ReadOnlyObjectProperty<@Nullable GC>","protected","final","void","","","","242"
"main","app/src/main/java/de/mkalb/etpetssim/simulations/core/view/AbstractObservationView.java","de.mkalb.etpetssim.simulations.core.view","AbstractObservationView","CLASS","shutdownObservation","METHOD","","public","final","void","","@Override","","252"
"main","app/src/main/java/de/mkalb/etpetssim/simulations/core/view/AbstractObservationView.java","de.mkalb.etpetssim.simulations.core.view","AbstractObservationView","CLASS","onSelectedCellChanged","METHOD","GC","protected","","void","","","","275"
"main","app/src/main/java/de/mkalb/etpetssim/simulations/core/view/AbstractObservationView.java","de.mkalb.etpetssim.simulations.core.view","AbstractObservationView","CLASS","updateObservationLabels","METHOD","","protected","abstract","void","","","","295"
"main","app/src/main/java/de/mkalb/etpetssim/simulations/core/view/AbstractObservationView.java","de.mkalb.etpetssim.simulations.core.view","AbstractObservationView","CLASS","createSelectedCellSection","METHOD","","protected","final","VBox","","","","304"
"main","app/src/main/java/de/mkalb/etpetssim/simulations/core/view/AbstractObservationView.java","de.mkalb.etpetssim.simulations.core.view","AbstractObservationView","CLASS","createExtendedSelectedCellSection","METHOD","String[], Label[]","protected","final","VBox","","","","330"
"main","app/src/main/java/de/mkalb/etpetssim/simulations/core/view/AbstractObservationView.java","de.mkalb.etpetssim.simulations.core.view","AbstractObservationView","CLASS","createGenericMetricSection","METHOD","List<StatisticMetric<STA>>","protected","final","VBox","","","","360"
"main","app/src/main/java/de/mkalb/etpetssim/simulations/core/view/AbstractObservationView.java","de.mkalb.etpetssim.simulations.core.view","AbstractObservationView","CLASS","updateGenericMetricSection","METHOD","Optional<STA>, StatisticExtrema","protected","final","void","","@SuppressWarnings({""OptionalUsedAsFieldOrParameterType"", ""NumericCastThatLosesPrecision""})","","457"
"main","app/src/main/java/de/mkalb/etpetssim/simulations/core/view/AbstractObservationView.java","de.mkalb.etpetssim.simulations.core.view","AbstractObservationView","CLASS","buildChartSection","METHOD","","protected","final","TitledPane","","@Nullable","","511"
"main","app/src/main/java/de/mkalb/etpetssim/simulations/core/view/CellDrawer.java","de.mkalb.etpetssim.simulations.core.view","CellDrawer","INTERFACE","draw","METHOD","GridEntityDescriptor, FXGridCanvasPainter, GridCell<ENT>, int","public","","void","","","","21"
"main","app/src/main/java/de/mkalb/etpetssim/simulations/core/view/CoordinateDrawer.java","de.mkalb.etpetssim.simulations.core.view","CoordinateDrawer","INTERFACE","draw","METHOD","FXGridCanvasPainter, GridCoordinate, int","public","","void","","","","19"
"main","app/src/main/java/de/mkalb/etpetssim/simulations/core/view/DefaultControlView.java","de.mkalb.etpetssim.simulations.core.view","DefaultControlView","CLASS","<init>","CONSTRUCTOR","DefaultControlViewModel","public","","","","","","21"
"main","app/src/main/java/de/mkalb/etpetssim/simulations/core/view/DefaultControlView.java","de.mkalb.etpetssim.simulations.core.view","DefaultControlView","CLASS","createControlButtonPane","METHOD","","protected","","Pane","","@Override","","25"
"main","app/src/main/java/de/mkalb/etpetssim/simulations/core/view/DefaultControlView.java","de.mkalb.etpetssim.simulations.core.view","DefaultControlView","CLASS","createControlConfigPane","METHOD","","protected","","Optional<Pane>","","@Override","","59"
"main","app/src/main/java/de/mkalb/etpetssim/simulations/core/view/DefaultControlView.java","de.mkalb.etpetssim.simulations.core.view","DefaultControlView","CLASS","createControlObservationPane","METHOD","","protected","","Optional<Pane>","","@Override","","139"
"main","app/src/main/java/de/mkalb/etpetssim/simulations/core/view/DefaultControlView.java","de.mkalb.etpetssim.simulations.core.view","DefaultControlView","CLASS","updateStepCount","METHOD","int","public","","void","","@Override","","148"
"main","app/src/main/java/de/mkalb/etpetssim/simulations/core/view/DefaultControlView.java","de.mkalb.etpetssim.simulations.core.view","DefaultControlView","CLASS","bindActionButtonDisabled","METHOD","Button","private","","void","","","","153"
"main","app/src/main/java/de/mkalb/etpetssim/simulations/core/view/DefaultControlView.java","de.mkalb.etpetssim.simulations.core.view","DefaultControlView","CLASS","bindCancelButtonDisabled","METHOD","Button","private","","void","","","","162"
"main","app/src/main/java/de/mkalb/etpetssim/simulations/core/view/DefaultControlView.java","de.mkalb.etpetssim.simulations.core.view","DefaultControlView","CLASS","bindControlConfigDisabled","METHOD","Region","private","","void","","","","170"
"main","app/src/main/java/de/mkalb/etpetssim/simulations/core/view/DefaultControlView.java","de.mkalb.etpetssim.simulations.core.view","DefaultControlView","CLASS","bindNotStartableDisabled","METHOD","Region","private","","void","","","","177"
"main","app/src/main/java/de/mkalb/etpetssim/simulations/core/view/DrawCallThrottler.java","de.mkalb.etpetssim.simulations.core.view","DrawCallThrottler","CLASS","<init>","CONSTRUCTOR","int, int","package-private","","","","","","17"
"main","app/src/main/java/de/mkalb/etpetssim/simulations/core/view/DrawCallThrottler.java","de.mkalb.etpetssim.simulations.core.view","DrawCallThrottler","CLASS","shouldSkip","METHOD","long","package-private","","boolean","","","","32"
"main","app/src/main/java/de/mkalb/etpetssim/simulations/core/view/DrawCallThrottler.java","de.mkalb.etpetssim.simulations.core.view","DrawCallThrottler","CLASS","recordDurationMillis","METHOD","long","package-private","","void","","","","48"
"main","app/src/main/java/de/mkalb/etpetssim/simulations/core/view/DrawCallThrottler.java","de.mkalb.etpetssim.simulations.core.view","DrawCallThrottler","CLASS","getAverageDurationMillis","METHOD","","package-private","","long","","","","63"
"main","app/src/main/java/de/mkalb/etpetssim/simulations/core/view/SimulationConfigView.java","de.mkalb.etpetssim.simulations.core.view","SimulationConfigView","INTERFACE","buildConfigRegion","METHOD","","public","","Region","","","","16"
"main","app/src/main/java/de/mkalb/etpetssim/simulations/core/view/SimulationControlView.java","de.mkalb.etpetssim.simulations.core.view","SimulationControlView","INTERFACE","buildControlRegion","METHOD","","public","","Region","","","","15"
"main","app/src/main/java/de/mkalb/etpetssim/simulations/core/view/SimulationControlView.java","de.mkalb.etpetssim.simulations.core.view","SimulationControlView","INTERFACE","updateStepCount","METHOD","int","public","","void","","","","26"
"main","app/src/main/java/de/mkalb/etpetssim/simulations/core/view/SimulationEditToolBarView.java","de.mkalb.etpetssim.simulations.core.view","SimulationEditToolBarView","CLASS","<init>","CONSTRUCTOR","","package-private","","","","","","29"
"main","app/src/main/java/de/mkalb/etpetssim/simulations/core/view/SimulationEditToolBarView.java","de.mkalb.etpetssim.simulations.core.view","SimulationEditToolBarView","CLASS","clampZeroToOne","METHOD","double","private","static","double","","","","46"
"main","app/src/main/java/de/mkalb/etpetssim/simulations/core/view/SimulationEditToolBarView.java","de.mkalb.etpetssim.simulations.core.view","SimulationEditToolBarView","CLASS","getNode","METHOD","","package-private","","Region","","","","50"
"main","app/src/main/java/de/mkalb/etpetssim/simulations/core/view/SimulationEditToolBarView.java","de.mkalb.etpetssim.simulations.core.view","SimulationEditToolBarView","CLASS","registerCleanup","METHOD","Runnable","package-private","","void","","","","54"
"main","app/src/main/java/de/mkalb/etpetssim/simulations/core/view/SimulationEditToolBarView.java","de.mkalb.etpetssim.simulations.core.view","SimulationEditToolBarView","CLASS","clear","METHOD","","package-private","","void","","","","58"
"main","app/src/main/java/de/mkalb/etpetssim/simulations/core/view/SimulationEditToolBarView.java","de.mkalb.etpetssim.simulations.core.view","SimulationEditToolBarView","CLASS","rebuild","METHOD","List<SimulationUserActionDescriptor<CTX>>, BooleanProperty, ObjectProperty<String>, ReadOnlyObjectProperty<SimulationState>, Function<@Nullable ObjectProperty<String>, @Nullable Node>, Consumer<SimulationUserActionDescriptor<CTX>>","package-private","","void","","","","63"
"main","app/src/main/java/de/mkalb/etpetssim/simulations/core/view/SimulationEditToolBarView.java","de.mkalb.etpetssim.simulations.core.view","SimulationEditToolBarView","CLASS","registerEditAffordanceWheelScroll","METHOD","","private","","void","","","","104"
"main","app/src/main/java/de/mkalb/etpetssim/simulations/core/view/SimulationEditToolBarView.java","de.mkalb.etpetssim.simulations.core.view","SimulationEditToolBarView","CLASS","createEditToolBarNodes","METHOD","List<SimulationUserActionDescriptor<CTX>>, BooleanProperty, ObjectProperty<String>, Function<@Nullable ObjectProperty<String>, @Nullable Node>, Consumer<SimulationUserActionDescriptor<CTX>>","private","","List<Node>","","","","129"
"main","app/src/main/java/de/mkalb/etpetssim/simulations/core/view/SimulationEditToolBarView.java","de.mkalb.etpetssim.simulations.core.view","SimulationEditToolBarView","CLASS","configureEditToolBarButton","METHOD","ButtonBase","private","","void","","","","219"
"main","app/src/main/java/de/mkalb/etpetssim/simulations/core/view/SimulationEditToolBarView.java","de.mkalb.etpetssim.simulations.core.view","SimulationEditToolBarView","CLASS","clearActionToolBar","METHOD","","private","","void","","","","223"
"main","app/src/main/java/de/mkalb/etpetssim/simulations/core/view/SimulationEditToolBarView.java","de.mkalb.etpetssim.simulations.core.view","SimulationEditToolBarView","CLASS","clearEditAffordanceToolBar","METHOD","","private","","void","","","","240"
"main","app/src/main/java/de/mkalb/etpetssim/simulations/core/view/SimulationMainView.java","de.mkalb.etpetssim.simulations.core.view","SimulationMainView","INTERFACE","buildMainRegion","METHOD","","public","","Region","","","","18"
"main","app/src/main/java/de/mkalb/etpetssim/simulations/core/view/SimulationMainView.java","de.mkalb.etpetssim.simulations.core.view","SimulationMainView","INTERFACE","shutdownSimulation","METHOD","","public","","SimulationTermination","","","","25"
"main","app/src/main/java/de/mkalb/etpetssim/simulations/core/view/SimulationObservationView.java","de.mkalb.etpetssim.simulations.core.view","SimulationObservationView","INTERFACE","buildObservationRegion","METHOD","","public","","Region","","","","15"
"main","app/src/main/java/de/mkalb/etpetssim/simulations/core/view/SimulationObservationView.java","de.mkalb.etpetssim.simulations.core.view","SimulationObservationView","INTERFACE","initializeObservationLabels","METHOD","","public","","void","","","","20"
"main","app/src/main/java/de/mkalb/etpetssim/simulations/core/view/SimulationObservationView.java","de.mkalb.etpetssim.simulations.core.view","SimulationObservationView","INTERFACE","shutdownObservation","METHOD","","public","","void","","","","25"
"main","app/src/main/java/de/mkalb/etpetssim/simulations/core/view/StatisticHistoryChartView.java","de.mkalb.etpetssim.simulations.core.view","StatisticHistoryChartView","CLASS","<init>","CONSTRUCTOR","List<? extends StatisticMetric<?>>, ReadOnlyObjectProperty<List<StatisticSample>>","package-private","","","","","","37"
"main","app/src/main/java/de/mkalb/etpetssim/simulations/core/view/StatisticHistoryChartView.java","de.mkalb.etpetssim.simulations.core.view","StatisticHistoryChartView","CLASS","tickUnit","METHOD","double","private","static","double","","","","124"
"main","app/src/main/java/de/mkalb/etpetssim/simulations/core/view/StatisticHistoryChartView.java","de.mkalb.etpetssim.simulations.core.view","StatisticHistoryChartView","CLASS","niceCeiling","METHOD","double","private","static","double","","@SuppressWarnings(""MagicNumber"")","","134"
"main","app/src/main/java/de/mkalb/etpetssim/simulations/core/view/StatisticHistoryChartView.java","de.mkalb.etpetssim.simulations.core.view","StatisticHistoryChartView","CLASS","maxValueAcrossKeys","METHOD","StatisticSample, List<String>","private","static","double","","","","153"
"main","app/src/main/java/de/mkalb/etpetssim/simulations/core/view/StatisticHistoryChartView.java","de.mkalb.etpetssim.simulations.core.view","StatisticHistoryChartView","CLASS","shutdown","METHOD","","package-private","","void","","","","163"
"main","app/src/main/java/de/mkalb/etpetssim/simulations/core/view/StatisticHistoryChartView.java","de.mkalb.etpetssim.simulations.core.view","StatisticHistoryChartView","CLASS","titledPane","METHOD","","package-private","","TitledPane","","","","167"
"main","app/src/main/java/de/mkalb/etpetssim/simulations/core/view/StatisticHistoryChartView.java","de.mkalb.etpetssim.simulations.core.view","StatisticHistoryChartView","CLASS","chartsForTest","METHOD","","package-private","","List<LineChart<Number, Number>>","","","","174"
"main","app/src/main/java/de/mkalb/etpetssim/simulations/core/view/StatisticHistoryChartView.java","de.mkalb.etpetssim.simulations.core.view","StatisticHistoryChartView","CLASS","updateCharts","METHOD","List<StatisticSample>","private","","void","","","","178"
"main","app/src/main/java/de/mkalb/etpetssim/simulations/core/viewmodel/AbstractConfigViewModel.java","de.mkalb.etpetssim.simulations.core.viewmodel","AbstractConfigViewModel","CLASS","<init>","CONSTRUCTOR","ReadOnlyObjectProperty<SimulationState>, CommonConfigSettings","protected","","","","","","34"
"main","app/src/main/java/de/mkalb/etpetssim/simulations/core/viewmodel/AbstractConfigViewModel.java","de.mkalb.etpetssim.simulations.core.viewmodel","AbstractConfigViewModel","CLASS","simulationStateProperty","METHOD","","public","final","ReadOnlyObjectProperty<SimulationState>","","@Override","","67"
"main","app/src/main/java/de/mkalb/etpetssim/simulations/core/viewmodel/AbstractConfigViewModel.java","de.mkalb.etpetssim.simulations.core.viewmodel","AbstractConfigViewModel","CLASS","getSimulationState","METHOD","","public","final","SimulationState","","@Override","","72"
"main","app/src/main/java/de/mkalb/etpetssim/simulations/core/viewmodel/AbstractConfigViewModel.java","de.mkalb.etpetssim.simulations.core.viewmodel","AbstractConfigViewModel","CLASS","cellShapeProperty","METHOD","","public","final","InputChoiceProperty<CellShape>","","","","82"
"main","app/src/main/java/de/mkalb/etpetssim/simulations/core/viewmodel/AbstractConfigViewModel.java","de.mkalb.etpetssim.simulations.core.viewmodel","AbstractConfigViewModel","CLASS","gridEdgeBehaviorProperty","METHOD","","public","final","InputChoiceProperty<GridEdgeBehavior>","","","","91"
"main","app/src/main/java/de/mkalb/etpetssim/simulations/core/viewmodel/AbstractConfigViewModel.java","de.mkalb.etpetssim.simulations.core.viewmodel","AbstractConfigViewModel","CLASS","gridWidthProperty","METHOD","","public","final","InputIntegerProperty","","","","100"
"main","app/src/main/java/de/mkalb/etpetssim/simulations/core/viewmodel/AbstractConfigViewModel.java","de.mkalb.etpetssim.simulations.core.viewmodel","AbstractConfigViewModel","CLASS","gridHeightProperty","METHOD","","public","final","InputIntegerProperty","","","","109"
"main","app/src/main/java/de/mkalb/etpetssim/simulations/core/viewmodel/AbstractConfigViewModel.java","de.mkalb.etpetssim.simulations.core.viewmodel","AbstractConfigViewModel","CLASS","cellEdgeLengthProperty","METHOD","","public","final","InputDoublePropertyIntRange","","","","118"
"main","app/src/main/java/de/mkalb/etpetssim/simulations/core/viewmodel/AbstractConfigViewModel.java","de.mkalb.etpetssim.simulations.core.viewmodel","AbstractConfigViewModel","CLASS","cellDisplayModeProperty","METHOD","","public","final","InputChoiceProperty<CellDisplayMode>","","","","127"
"main","app/src/main/java/de/mkalb/etpetssim/simulations/core/viewmodel/AbstractConfigViewModel.java","de.mkalb.etpetssim.simulations.core.viewmodel","AbstractConfigViewModel","CLASS","seedProperty","METHOD","","public","final","SeedProperty","","","","136"
"main","app/src/main/java/de/mkalb/etpetssim/simulations/core/viewmodel/AbstractConfigViewModel.java","de.mkalb.etpetssim.simulations.core.viewmodel","AbstractConfigViewModel","CLASS","addConfigValidationRule","METHOD","ObservableBooleanValue, Supplier<String>","protected","final","void","","","","146"
"main","app/src/main/java/de/mkalb/etpetssim/simulations/core/viewmodel/AbstractConfigViewModel.java","de.mkalb.etpetssim.simulations.core.viewmodel","AbstractConfigViewModel","CLASS","hasConfigValidationIssuesProperty","METHOD","","public","final","ReadOnlyBooleanProperty","","","","153"
"main","app/src/main/java/de/mkalb/etpetssim/simulations/core/viewmodel/AbstractConfigViewModel.java","de.mkalb.etpetssim.simulations.core.viewmodel","AbstractConfigViewModel","CLASS","configValidationMessageProperty","METHOD","","public","final","ReadOnlyStringProperty","","","","157"
"main","app/src/main/java/de/mkalb/etpetssim/simulations/core/viewmodel/AbstractConfigViewModel.java","de.mkalb.etpetssim.simulations.core.viewmodel","AbstractConfigViewModel","CLASS","updateConfigValidationState","METHOD","","private","","void","","","","161"
"main","app/src/main/java/de/mkalb/etpetssim/simulations/core/viewmodel/AbstractConfigViewModel.java","de.mkalb.etpetssim.simulations.core.viewmodel","AbstractConfigViewModel.CommonConfigSettings","RECORD","<init>","COMPACT_CONSTRUCTOR","","public","","","","","","217"
"main","app/src/main/java/de/mkalb/etpetssim/simulations/core/viewmodel/AbstractMainViewModel.java","de.mkalb.etpetssim.simulations.core.viewmodel","AbstractMainViewModel","CLASS","<init>","CONSTRUCTOR","ObjectProperty<SimulationState>, SimulationConfigViewModel<CON>, SimulationObservationViewModel<STA>","protected","","","","","","37"
"main","app/src/main/java/de/mkalb/etpetssim/simulations/core/viewmodel/AbstractMainViewModel.java","de.mkalb.etpetssim.simulations.core.viewmodel","AbstractMainViewModel","CLASS","bindObservationBindings","METHOD","","private","","void","","","","47"
"main","app/src/main/java/de/mkalb/etpetssim/simulations/core/viewmodel/AbstractMainViewModel.java","de.mkalb.etpetssim.simulations.core.viewmodel","AbstractMainViewModel","CLASS","simulationStateProperty","METHOD","","public","final","ReadOnlyObjectProperty<SimulationState>","","@Override","","51"
"main","app/src/main/java/de/mkalb/etpetssim/simulations/core/viewmodel/AbstractMainViewModel.java","de.mkalb.etpetssim.simulations.core.viewmodel","AbstractMainViewModel","CLASS","getSimulationState","METHOD","","public","final","SimulationState","","@Override","","56"
"main","app/src/main/java/de/mkalb/etpetssim/simulations/core/viewmodel/AbstractMainViewModel.java","de.mkalb.etpetssim.simulations.core.viewmodel","AbstractMainViewModel","CLASS","setSimulationState","METHOD","SimulationState","protected","final","void","","","","66"
"main","app/src/main/java/de/mkalb/etpetssim/simulations/core/viewmodel/AbstractMainViewModel.java","de.mkalb.etpetssim.simulations.core.viewmodel","AbstractMainViewModel","CLASS","notificationTypeProperty","METHOD","","public","final","ObjectProperty<SimulationNotificationType>","","@Override","","70"
"main","app/src/main/java/de/mkalb/etpetssim/simulations/core/viewmodel/AbstractMainViewModel.java","de.mkalb.etpetssim.simulations.core.viewmodel","AbstractMainViewModel","CLASS","setNotificationType","METHOD","SimulationNotificationType","public","final","void","","@Override","","75"
"main","app/src/main/java/de/mkalb/etpetssim/simulations/core/viewmodel/AbstractMainViewModel.java","de.mkalb.etpetssim.simulations.core.viewmodel","AbstractMainViewModel","CLASS","getCurrentConfig","METHOD","","protected","abstract","CON","","","","85"
"main","app/src/main/java/de/mkalb/etpetssim/simulations/core/viewmodel/AbstractMainViewModel.java","de.mkalb.etpetssim.simulations.core.viewmodel","AbstractMainViewModel","CLASS","hasSimulationManager","METHOD","","public","abstract","boolean","","","","92"
"main","app/src/main/java/de/mkalb/etpetssim/simulations/core/viewmodel/AbstractMainViewModel.java","de.mkalb.etpetssim.simulations.core.viewmodel","AbstractMainViewModel","CLASS","getCurrentModel","METHOD","","public","abstract","GM","","","","99"
"main","app/src/main/java/de/mkalb/etpetssim/simulations/core/viewmodel/AbstractMainViewModel.java","de.mkalb.etpetssim.simulations.core.viewmodel","AbstractMainViewModel","CLASS","lastClickedCoordinateProperty","METHOD","","public","final","ObjectProperty<@Nullable GridCoordinate>","","","","106"
"main","app/src/main/java/de/mkalb/etpetssim/simulations/core/viewmodel/AbstractMainViewModel.java","de.mkalb.etpetssim.simulations.core.viewmodel","AbstractMainViewModel","CLASS","previousClickedCoordinateProperty","METHOD","","public","final","ObjectProperty<@Nullable GridCoordinate>","","","","115"
"main","app/src/main/java/de/mkalb/etpetssim/simulations/core/viewmodel/AbstractMainViewModel.java","de.mkalb.etpetssim.simulations.core.viewmodel","AbstractMainViewModel","CLASS","getLastClickedCoordinate","METHOD","","public","","Optional<GridCoordinate>","","","","124"
"main","app/src/main/java/de/mkalb/etpetssim/simulations/core/viewmodel/AbstractMainViewModel.java","de.mkalb.etpetssim.simulations.core.viewmodel","AbstractMainViewModel","CLASS","getPreviousClickedCoordinate","METHOD","","public","","Optional<GridCoordinate>","","","","133"
"main","app/src/main/java/de/mkalb/etpetssim/simulations/core/viewmodel/AbstractMainViewModel.java","de.mkalb.etpetssim.simulations.core.viewmodel","AbstractMainViewModel","CLASS","updateClickedCoordinateProperties","METHOD","GridCoordinate","public","final","void","","","","142"
"main","app/src/main/java/de/mkalb/etpetssim/simulations/core/viewmodel/AbstractMainViewModel.java","de.mkalb.etpetssim.simulations.core.viewmodel","AbstractMainViewModel","CLASS","resetClickedCoordinateProperties","METHOD","","public","final","void","","","","150"
"main","app/src/main/java/de/mkalb/etpetssim/simulations/core/viewmodel/AbstractMainViewModel.java","de.mkalb.etpetssim.simulations.core.viewmodel","AbstractMainViewModel","CLASS","unbindObservationBindings","METHOD","","protected","final","void","","","","162"
"main","app/src/main/java/de/mkalb/etpetssim/simulations/core/viewmodel/DefaultControlViewModel.java","de.mkalb.etpetssim.simulations.core.viewmodel","DefaultControlViewModel","CLASS","<init>","CONSTRUCTOR","ReadOnlyObjectProperty<SimulationState>","public","","","","","","36"
"main","app/src/main/java/de/mkalb/etpetssim/simulations/core/viewmodel/DefaultControlViewModel.java","de.mkalb.etpetssim.simulations.core.viewmodel","DefaultControlViewModel","CLASS","withMinStepDuration","METHOD","ReadOnlyObjectProperty<SimulationState>","public","static","DefaultControlViewModel","","","","46"
"main","app/src/main/java/de/mkalb/etpetssim/simulations/core/viewmodel/DefaultControlViewModel.java","de.mkalb.etpetssim.simulations.core.viewmodel","DefaultControlViewModel","CLASS","simulationStateProperty","METHOD","","public","","ReadOnlyObjectProperty<SimulationState>","","@Override","","52"
"main","app/src/main/java/de/mkalb/etpetssim/simulations/core/viewmodel/DefaultControlViewModel.java","de.mkalb.etpetssim.simulations.core.viewmodel","DefaultControlViewModel","CLASS","getSimulationState","METHOD","","public","","SimulationState","","@Override","","57"
"main","app/src/main/java/de/mkalb/etpetssim/simulations/core/viewmodel/DefaultControlViewModel.java","de.mkalb.etpetssim.simulations.core.viewmodel","DefaultControlViewModel","CLASS","actionButtonRequestedProperty","METHOD","","public","","BooleanProperty","","","","67"
"main","app/src/main/java/de/mkalb/etpetssim/simulations/core/viewmodel/DefaultControlViewModel.java","de.mkalb.etpetssim.simulations.core.viewmodel","DefaultControlViewModel","CLASS","cancelButtonRequestedProperty","METHOD","","public","","BooleanProperty","","","","76"
"main","app/src/main/java/de/mkalb/etpetssim/simulations/core/viewmodel/DefaultControlViewModel.java","de.mkalb.etpetssim.simulations.core.viewmodel","DefaultControlViewModel","CLASS","requestActionButton","METHOD","","public","","void","","","","83"
"main","app/src/main/java/de/mkalb/etpetssim/simulations/core/viewmodel/DefaultControlViewModel.java","de.mkalb.etpetssim.simulations.core.viewmodel","DefaultControlViewModel","CLASS","requestCancelButton","METHOD","","public","","void","","","","90"
"main","app/src/main/java/de/mkalb/etpetssim/simulations/core/viewmodel/DefaultControlViewModel.java","de.mkalb.etpetssim.simulations.core.viewmodel","DefaultControlViewModel","CLASS","simulationModeProperty","METHOD","","public","","InputEnumProperty<SimulationMode>","","","","99"
"main","app/src/main/java/de/mkalb/etpetssim/simulations/core/viewmodel/DefaultControlViewModel.java","de.mkalb.etpetssim.simulations.core.viewmodel","DefaultControlViewModel","CLASS","stepDurationProperty","METHOD","","public","","InputDoublePropertyIntRange","","","","108"
"main","app/src/main/java/de/mkalb/etpetssim/simulations/core/viewmodel/DefaultControlViewModel.java","de.mkalb.etpetssim.simulations.core.viewmodel","DefaultControlViewModel","CLASS","stepCountProperty","METHOD","","public","","InputIntegerProperty","","","","117"
"main","app/src/main/java/de/mkalb/etpetssim/simulations/core/viewmodel/DefaultControlViewModel.java","de.mkalb.etpetssim.simulations.core.viewmodel","DefaultControlViewModel","CLASS","startModeProperty","METHOD","","public","","InputEnumProperty<SimulationStartMode>","","","","126"
"main","app/src/main/java/de/mkalb/etpetssim/simulations/core/viewmodel/DefaultControlViewModel.java","de.mkalb.etpetssim.simulations.core.viewmodel","DefaultControlViewModel","CLASS","terminationCheckProperty","METHOD","","public","","InputEnumProperty<SimulationTerminationCheck>","","","","135"
"main","app/src/main/java/de/mkalb/etpetssim/simulations/core/viewmodel/DefaultControlViewModel.java","de.mkalb.etpetssim.simulations.core.viewmodel","DefaultControlViewModel","CLASS","isControlConfigDisabled","METHOD","","public","","boolean","","","","144"
"main","app/src/main/java/de/mkalb/etpetssim/simulations/core/viewmodel/DefaultControlViewModel.java","de.mkalb.etpetssim.simulations.core.viewmodel","DefaultControlViewModel","CLASS","isModeTimed","METHOD","","public","","boolean","","","","156"
"main","app/src/main/java/de/mkalb/etpetssim/simulations/core/viewmodel/DefaultControlViewModel.java","de.mkalb.etpetssim.simulations.core.viewmodel","DefaultControlViewModel","CLASS","isModeBatch","METHOD","","public","","boolean","","","","165"
"main","app/src/main/java/de/mkalb/etpetssim/simulations/core/viewmodel/DefaultControlViewModel.java","de.mkalb.etpetssim.simulations.core.viewmodel","DefaultControlViewModel","CLASS","isModeBatchSingle","METHOD","","public","","boolean","","","","174"
"main","app/src/main/java/de/mkalb/etpetssim/simulations/core/viewmodel/DefaultControlViewModel.java","de.mkalb.etpetssim.simulations.core.viewmodel","DefaultControlViewModel","CLASS","isModeBatchContinuous","METHOD","","public","","boolean","","","","183"
"main","app/src/main/java/de/mkalb/etpetssim/simulations/core/viewmodel/DefaultControlViewModel.java","de.mkalb.etpetssim.simulations.core.viewmodel","DefaultControlViewModel","CLASS","isStartPaused","METHOD","","public","","boolean","","","","192"
"main","app/src/main/java/de/mkalb/etpetssim/simulations/core/viewmodel/DefaultControlViewModel.java","de.mkalb.etpetssim.simulations.core.viewmodel","DefaultControlViewModel","CLASS","isTerminationChecked","METHOD","","public","","boolean","","","","201"
"main","app/src/main/java/de/mkalb/etpetssim/simulations/core/viewmodel/DefaultMainViewModel.java","de.mkalb.etpetssim.simulations.core.viewmodel","DefaultMainViewModel","CLASS","<init>","CONSTRUCTOR","ObjectProperty<SimulationState>, SimulationConfigViewModel<CON>, DefaultControlViewModel, DefaultObservationViewModel<ENT, GC, STA>, BiFunction<CON, SimulationInitializationCancellation, SM>, BiFunction<GM, GridCoordinate, GC>, SimulationUserAction<ENT, GM, CON, STA, SM, CTX>","public","","","","","","89"
"main","app/src/main/java/de/mkalb/etpetssim/simulations/core/viewmodel/DefaultMainViewModel.java","de.mkalb.etpetssim.simulations.core.viewmodel","DefaultMainViewModel","CLASS","<init>","CONSTRUCTOR","ObjectProperty<SimulationState>, SimulationConfigViewModel<CON>, DefaultControlViewModel, DefaultObservationViewModel<ENT, GC, STA>, BiFunction<CON, SimulationInitializationCancellation, SM>, BiFunction<GM, GridCoordinate, GC>, SimulationUserAction<ENT, GM, CON, STA, SM, CTX>, ExecutorService","package-private","","","","","","100"
"main","app/src/main/java/de/mkalb/etpetssim/simulations/core/viewmodel/DefaultMainViewModel.java","de.mkalb.etpetssim.simulations.core.viewmodel","DefaultMainViewModel","CLASS","createLifecycleExecutor","METHOD","","private","static","ExecutorService","","","","156"
"main","app/src/main/java/de/mkalb/etpetssim/simulations/core/viewmodel/DefaultMainViewModel.java","de.mkalb.etpetssim.simulations.core.viewmodel","DefaultMainViewModel","CLASS","isSelectionState","METHOD","SimulationState","private","static","boolean","","","","164"
"main","app/src/main/java/de/mkalb/etpetssim/simulations/core/viewmodel/DefaultMainViewModel.java","de.mkalb.etpetssim.simulations.core.viewmodel","DefaultMainViewModel","CLASS","refreshSelectedGridCell","METHOD","GM, GridCoordinate","private","","void","","","","172"
"main","app/src/main/java/de/mkalb/etpetssim/simulations/core/viewmodel/DefaultMainViewModel.java","de.mkalb.etpetssim.simulations.core.viewmodel","DefaultMainViewModel","CLASS","selectedGridCellProperty","METHOD","","public","","ObjectProperty<@Nullable GC>","","","","190"
"main","app/src/main/java/de/mkalb/etpetssim/simulations/core/viewmodel/DefaultMainViewModel.java","de.mkalb.etpetssim.simulations.core.viewmodel","DefaultMainViewModel","CLASS","lastSelectedCoordinateProperty","METHOD","","public","","ObjectProperty<@Nullable GridCoordinate>","","","","199"
"main","app/src/main/java/de/mkalb/etpetssim/simulations/core/viewmodel/DefaultMainViewModel.java","de.mkalb.etpetssim.simulations.core.viewmodel","DefaultMainViewModel","CLASS","lastSelectedEntityProperty","METHOD","","public","","ObjectProperty<@Nullable ENT>","","","","208"
"main","app/src/main/java/de/mkalb/etpetssim/simulations/core/viewmodel/DefaultMainViewModel.java","de.mkalb.etpetssim.simulations.core.viewmodel","DefaultMainViewModel","CLASS","editModeActiveProperty","METHOD","","public","","BooleanProperty","","","","217"
"main","app/src/main/java/de/mkalb/etpetssim/simulations/core/viewmodel/DefaultMainViewModel.java","de.mkalb.etpetssim.simulations.core.viewmodel","DefaultMainViewModel","CLASS","selectedUserActionToolIdProperty","METHOD","","public","","ObjectProperty<String>","","","","226"
"main","app/src/main/java/de/mkalb/etpetssim/simulations/core/viewmodel/DefaultMainViewModel.java","de.mkalb.etpetssim.simulations.core.viewmodel","DefaultMainViewModel","CLASS","resetSelectedProperties","METHOD","","public","","void","","","","233"
"main","app/src/main/java/de/mkalb/etpetssim/simulations/core/viewmodel/DefaultMainViewModel.java","de.mkalb.etpetssim.simulations.core.viewmodel","DefaultMainViewModel","CLASS","setSimulationInitializedListener","METHOD","Runnable","public","","void","","","","244"
"main","app/src/main/java/de/mkalb/etpetssim/simulations/core/viewmodel/DefaultMainViewModel.java","de.mkalb.etpetssim.simulations.core.viewmodel","DefaultMainViewModel","CLASS","setSimulationStepListener","METHOD","Consumer<SimulationStepEvent>","public","","void","","","","253"
"main","app/src/main/java/de/mkalb/etpetssim/simulations/core/viewmodel/DefaultMainViewModel.java","de.mkalb.etpetssim.simulations.core.viewmodel","DefaultMainViewModel","CLASS","setSimulationResetListener","METHOD","Runnable","public","","void","","","","266"
"main","app/src/main/java/de/mkalb/etpetssim/simulations/core/viewmodel/DefaultMainViewModel.java","de.mkalb.etpetssim.simulations.core.viewmodel","DefaultMainViewModel","CLASS","getStructure","METHOD","","public","","GridStructure","","@Override","","270"
"main","app/src/main/java/de/mkalb/etpetssim/simulations/core/viewmodel/DefaultMainViewModel.java","de.mkalb.etpetssim.simulations.core.viewmodel","DefaultMainViewModel","CLASS","getCellEdgeLength","METHOD","","public","","double","","@Override","","276"
"main","app/src/main/java/de/mkalb/etpetssim/simulations/core/viewmodel/DefaultMainViewModel.java","de.mkalb.etpetssim.simulations.core.viewmodel","DefaultMainViewModel","CLASS","shutdownSimulation","METHOD","","public","","SimulationTermination","","@Override","","282"
"main","app/src/main/java/de/mkalb/etpetssim/simulations/core/viewmodel/DefaultMainViewModel.java","de.mkalb.etpetssim.simulations.core.viewmodel","DefaultMainViewModel","CLASS","getCurrentConfig","METHOD","","public","","CON","","@Override","","322"
"main","app/src/main/java/de/mkalb/etpetssim/simulations/core/viewmodel/DefaultMainViewModel.java","de.mkalb.etpetssim.simulations.core.viewmodel","DefaultMainViewModel","CLASS","hasSimulationManager","METHOD","","public","","boolean","","@Override","","328"
"main","app/src/main/java/de/mkalb/etpetssim/simulations/core/viewmodel/DefaultMainViewModel.java","de.mkalb.etpetssim.simulations.core.viewmodel","DefaultMainViewModel","CLASS","getCurrentModel","METHOD","","public","","GM","","@Override","","333"
"main","app/src/main/java/de/mkalb/etpetssim/simulations/core/viewmodel/DefaultMainViewModel.java","de.mkalb.etpetssim.simulations.core.viewmodel","DefaultMainViewModel","CLASS","getStepCount","METHOD","","public","","int","","","","339"
"main","app/src/main/java/de/mkalb/etpetssim/simulations/core/viewmodel/DefaultMainViewModel.java","de.mkalb.etpetssim.simulations.core.viewmodel","DefaultMainViewModel","CLASS","getThrottleDrawMillis","METHOD","","public","","long","","","","349"
"main","app/src/main/java/de/mkalb/etpetssim/simulations/core/viewmodel/DefaultMainViewModel.java","de.mkalb.etpetssim.simulations.core.viewmodel","DefaultMainViewModel","CLASS","handleActionButton","METHOD","","private","","void","","","","353"
"main","app/src/main/java/de/mkalb/etpetssim/simulations/core/viewmodel/DefaultMainViewModel.java","de.mkalb.etpetssim.simulations.core.viewmodel","DefaultMainViewModel","CLASS","handleCancelButton","METHOD","","private","","void","","","","369"
"main","app/src/main/java/de/mkalb/etpetssim/simulations/core/viewmodel/DefaultMainViewModel.java","de.mkalb.etpetssim.simulations.core.viewmodel","DefaultMainViewModel","CLASS","handleStartAction","METHOD","","private","","void","","","","399"
"main","app/src/main/java/de/mkalb/etpetssim/simulations/core/viewmodel/DefaultMainViewModel.java","de.mkalb.etpetssim.simulations.core.viewmodel","DefaultMainViewModel","CLASS","handlePauseAction","METHOD","","private","","void","","","","429"
"main","app/src/main/java/de/mkalb/etpetssim/simulations/core/viewmodel/DefaultMainViewModel.java","de.mkalb.etpetssim.simulations.core.viewmodel","DefaultMainViewModel","CLASS","handleResumeAction","METHOD","","private","","void","","","","445"
"main","app/src/main/java/de/mkalb/etpetssim/simulations/core/viewmodel/DefaultMainViewModel.java","de.mkalb.etpetssim.simulations.core.viewmodel","DefaultMainViewModel","CLASS","createValidConfig","METHOD","","private","","Optional<CON>","","","","464"
"main","app/src/main/java/de/mkalb/etpetssim/simulations/core/viewmodel/DefaultMainViewModel.java","de.mkalb.etpetssim.simulations.core.viewmodel","DefaultMainViewModel","CLASS","initializeSimulation","METHOD","SimulationStartRequest<CON>, long, long","private","","void","","","","472"
"main","app/src/main/java/de/mkalb/etpetssim/simulations/core/viewmodel/DefaultMainViewModel.java","de.mkalb.etpetssim.simulations.core.viewmodel","DefaultMainViewModel","CLASS","completeInitialization","METHOD","SimulationStartRequest<CON>, long, long, SM","private","","void","","","","488"
"main","app/src/main/java/de/mkalb/etpetssim/simulations/core/viewmodel/DefaultMainViewModel.java","de.mkalb.etpetssim.simulations.core.viewmodel","DefaultMainViewModel","CLASS","failInitialization","METHOD","SimulationStartRequest<CON>, long, RuntimeException","private","","void","","","","523"
"main","app/src/main/java/de/mkalb/etpetssim/simulations/core/viewmodel/DefaultMainViewModel.java","de.mkalb.etpetssim.simulations.core.viewmodel","DefaultMainViewModel","CLASS","isInitializationActive","METHOD","long","private","","boolean","","","","535"
"main","app/src/main/java/de/mkalb/etpetssim/simulations/core/viewmodel/DefaultMainViewModel.java","de.mkalb.etpetssim.simulations.core.viewmodel","DefaultMainViewModel","CLASS","isActiveTask","METHOD","long","private","","boolean","","","","539"
"main","app/src/main/java/de/mkalb/etpetssim/simulations/core/viewmodel/DefaultMainViewModel.java","de.mkalb.etpetssim.simulations.core.viewmodel","DefaultMainViewModel","CLASS","configureSimulationTimeout","METHOD","boolean, double","private","","void","","@SuppressWarnings(""NumericCastThatLosesPrecision"")","","543"
"main","app/src/main/java/de/mkalb/etpetssim/simulations/core/viewmodel/DefaultMainViewModel.java","de.mkalb.etpetssim.simulations.core.viewmodel","DefaultMainViewModel","CLASS","runTimerStep","METHOD","","private","","void","","","","553"
"main","app/src/main/java/de/mkalb/etpetssim/simulations/core/viewmodel/DefaultMainViewModel.java","de.mkalb.etpetssim.simulations.core.viewmodel","DefaultMainViewModel","CLASS","runBatchSteps","METHOD","int, boolean, boolean","private","","void","","","","631"
"main","app/src/main/java/de/mkalb/etpetssim/simulations/core/viewmodel/DefaultMainViewModel.java","de.mkalb.etpetssim.simulations.core.viewmodel","DefaultMainViewModel","CLASS","isTimerRunning","METHOD","","private","","boolean","","","","729"
"main","app/src/main/java/de/mkalb/etpetssim/simulations/core/viewmodel/DefaultMainViewModel.java","de.mkalb.etpetssim.simulations.core.viewmodel","DefaultMainViewModel","CLASS","isBatchRunning","METHOD","","private","","boolean","","","","733"
"main","app/src/main/java/de/mkalb/etpetssim/simulations/core/viewmodel/DefaultMainViewModel.java","de.mkalb.etpetssim.simulations.core.viewmodel","DefaultMainViewModel","CLASS","startTimer","METHOD","double","private","","void","","","","738"
"main","app/src/main/java/de/mkalb/etpetssim/simulations/core/viewmodel/DefaultMainViewModel.java","de.mkalb.etpetssim.simulations.core.viewmodel","DefaultMainViewModel","CLASS","stopTimer","METHOD","","private","","void","","","","742"
"main","app/src/main/java/de/mkalb/etpetssim/simulations/core/viewmodel/DefaultMainViewModel.java","de.mkalb.etpetssim.simulations.core.viewmodel","DefaultMainViewModel","CLASS","notifyFinalStepAndStopTimer","METHOD","","private","","void","","","","746"
"main","app/src/main/java/de/mkalb/etpetssim/simulations/core/viewmodel/DefaultMainViewModel.java","de.mkalb.etpetssim.simulations.core.viewmodel","DefaultMainViewModel","CLASS","cancelBatch","METHOD","","private","","void","","","","753"
"main","app/src/main/java/de/mkalb/etpetssim/simulations/core/viewmodel/DefaultMainViewModel.java","de.mkalb.etpetssim.simulations.core.viewmodel","DefaultMainViewModel","CLASS","cancelInitialization","METHOD","","private","","void","","","","761"
"main","app/src/main/java/de/mkalb/etpetssim/simulations/core/viewmodel/DefaultMainViewModel.java","de.mkalb.etpetssim.simulations.core.viewmodel","DefaultMainViewModel","CLASS","shutdownLifecycleExecutor","METHOD","","private","","void","","","","771"
"main","app/src/main/java/de/mkalb/etpetssim/simulations/core/viewmodel/DefaultMainViewModel.java","de.mkalb.etpetssim.simulations.core.viewmodel","DefaultMainViewModel","CLASS","updateObservationStatistics","METHOD","STA","private","","void","","","","775"
"main","app/src/main/java/de/mkalb/etpetssim/simulations/core/viewmodel/DefaultMainViewModel.java","de.mkalb.etpetssim.simulations.core.viewmodel","DefaultMainViewModel","CLASS","applyUserAction","METHOD","CTX","public","","boolean","","@SuppressWarnings(""DataFlowIssue"")","","813"
"main","app/src/main/java/de/mkalb/etpetssim/simulations/core/viewmodel/DefaultMainViewModel.java","de.mkalb.etpetssim.simulations.core.viewmodel","DefaultMainViewModel","CLASS","applyUserAction","METHOD","SimulationUserActionDescriptor<CTX>","public","","boolean","","","","842"
"main","app/src/main/java/de/mkalb/etpetssim/simulations/core/viewmodel/DefaultMainViewModel.java","de.mkalb.etpetssim.simulations.core.viewmodel","DefaultMainViewModel","CLASS","applySelectedCellUserAction","METHOD","List<SimulationUserActionDescriptor<CTX>>","public","","boolean","","","","857"
"main","app/src/main/java/de/mkalb/etpetssim/simulations/core/viewmodel/DefaultMainViewModel.java","de.mkalb.etpetssim.simulations.core.viewmodel","DefaultMainViewModel","CLASS","logSimulationInfo","METHOD","String","private","","void","","","","872"
"main","app/src/main/java/de/mkalb/etpetssim/simulations/core/viewmodel/DefaultMainViewModel.java","de.mkalb.etpetssim.simulations.core.viewmodel","DefaultMainViewModel.ExecutorSimulationTermination","RECORD","awaitTermination","METHOD","long, TimeUnit","public","","boolean","InterruptedException","@Override","","886"
"main","app/src/main/java/de/mkalb/etpetssim/simulations/core/viewmodel/DefaultMainViewModel.java","de.mkalb.etpetssim.simulations.core.viewmodel","DefaultMainViewModel.ExecutorSimulationTermination","RECORD","shutdownNow","METHOD","","public","","void","","@Override","","891"
"main","app/src/main/java/de/mkalb/etpetssim/simulations/core/viewmodel/DefaultObservationViewModel.java","de.mkalb.etpetssim.simulations.core.viewmodel","DefaultObservationViewModel","CLASS","<init>","CONSTRUCTOR","ReadOnlyObjectProperty<SimulationState>","public","","","","","","36"
"main","app/src/main/java/de/mkalb/etpetssim/simulations/core/viewmodel/DefaultObservationViewModel.java","de.mkalb.etpetssim.simulations.core.viewmodel","DefaultObservationViewModel","CLASS","simulationStateProperty","METHOD","","public","","ReadOnlyObjectProperty<SimulationState>","","@Override","","41"
"main","app/src/main/java/de/mkalb/etpetssim/simulations/core/viewmodel/DefaultObservationViewModel.java","de.mkalb.etpetssim.simulations.core.viewmodel","DefaultObservationViewModel","CLASS","getSimulationState","METHOD","","public","","SimulationState","","@Override","","46"
"main","app/src/main/java/de/mkalb/etpetssim/simulations/core/viewmodel/DefaultObservationViewModel.java","de.mkalb.etpetssim.simulations.core.viewmodel","DefaultObservationViewModel","CLASS","statisticsProperty","METHOD","","public","","ReadOnlyObjectProperty<@Nullable STA>","","@Override","","51"
"main","app/src/main/java/de/mkalb/etpetssim/simulations/core/viewmodel/DefaultObservationViewModel.java","de.mkalb.etpetssim.simulations.core.viewmodel","DefaultObservationViewModel","CLASS","getStatistics","METHOD","","public","","Optional<STA>","","@Override","","56"
"main","app/src/main/java/de/mkalb/etpetssim/simulations/core/viewmodel/DefaultObservationViewModel.java","de.mkalb.etpetssim.simulations.core.viewmodel","DefaultObservationViewModel","CLASS","setStatistics","METHOD","STA","public","","void","","@Override","","61"
"main","app/src/main/java/de/mkalb/etpetssim/simulations/core/viewmodel/DefaultObservationViewModel.java","de.mkalb.etpetssim.simulations.core.viewmodel","DefaultObservationViewModel","CLASS","statisticsExtremaProperty","METHOD","","public","","ReadOnlyObjectProperty<StatisticExtrema>","","@Override","","71"
"main","app/src/main/java/de/mkalb/etpetssim/simulations/core/viewmodel/DefaultObservationViewModel.java","de.mkalb.etpetssim.simulations.core.viewmodel","DefaultObservationViewModel","CLASS","getStatisticsExtrema","METHOD","","public","","StatisticExtrema","","","","81"
"main","app/src/main/java/de/mkalb/etpetssim/simulations/core/viewmodel/DefaultObservationViewModel.java","de.mkalb.etpetssim.simulations.core.viewmodel","DefaultObservationViewModel","CLASS","setStatisticsExtrema","METHOD","StatisticExtrema","public","","void","","","","90"
"main","app/src/main/java/de/mkalb/etpetssim/simulations/core/viewmodel/DefaultObservationViewModel.java","de.mkalb.etpetssim.simulations.core.viewmodel","DefaultObservationViewModel","CLASS","statisticsHistoryProperty","METHOD","","public","","ReadOnlyObjectProperty<List<StatisticSample>>","","@Override","","99"
"main","app/src/main/java/de/mkalb/etpetssim/simulations/core/viewmodel/DefaultObservationViewModel.java","de.mkalb.etpetssim.simulations.core.viewmodel","DefaultObservationViewModel","CLASS","getStatisticsHistory","METHOD","","public","","List<StatisticSample>","","","","109"
"main","app/src/main/java/de/mkalb/etpetssim/simulations/core/viewmodel/DefaultObservationViewModel.java","de.mkalb.etpetssim.simulations.core.viewmodel","DefaultObservationViewModel","CLASS","setStatisticsHistory","METHOD","List<StatisticSample>","public","","void","","","","120"
"main","app/src/main/java/de/mkalb/etpetssim/simulations/core/viewmodel/DefaultObservationViewModel.java","de.mkalb.etpetssim.simulations.core.viewmodel","DefaultObservationViewModel","CLASS","resetStatistics","METHOD","","public","","void","","","","131"
"main","app/src/main/java/de/mkalb/etpetssim/simulations/core/viewmodel/DefaultObservationViewModel.java","de.mkalb.etpetssim.simulations.core.viewmodel","DefaultObservationViewModel","CLASS","bindSelectedGridCellProperty","METHOD","ObjectProperty<@Nullable GC>","public","","void","","","","142"
"main","app/src/main/java/de/mkalb/etpetssim/simulations/core/viewmodel/DefaultObservationViewModel.java","de.mkalb.etpetssim.simulations.core.viewmodel","DefaultObservationViewModel","CLASS","selectedGridCellProperty","METHOD","","public","","ObjectProperty<@Nullable GC>","","","","154"
"main","app/src/main/java/de/mkalb/etpetssim/simulations/core/viewmodel/DefaultObservationViewModel.java","de.mkalb.etpetssim.simulations.core.viewmodel","DefaultObservationViewModel","CLASS","lastClickedCoordinateProperty","METHOD","","public","","ObjectProperty<@Nullable GridCoordinate>","","@Override","","158"
"main","app/src/main/java/de/mkalb/etpetssim/simulations/core/viewmodel/SeedProperty.java","de.mkalb.etpetssim.simulations.core.viewmodel","SeedProperty","CLASS","<init>","CONSTRUCTOR","String","public","","","","","","34"
"main","app/src/main/java/de/mkalb/etpetssim/simulations/core/viewmodel/SeedProperty.java","de.mkalb.etpetssim.simulations.core.viewmodel","SeedProperty","CLASS","isRandomSeed","METHOD","String","package-private","static","boolean","","","","45"
"main","app/src/main/java/de/mkalb/etpetssim/simulations/core/viewmodel/SeedProperty.java","de.mkalb.etpetssim.simulations.core.viewmodel","SeedProperty","CLASS","isNumericSeed","METHOD","String","package-private","static","boolean","","","","55"
"main","app/src/main/java/de/mkalb/etpetssim/simulations/core/viewmodel/SeedProperty.java","de.mkalb.etpetssim.simulations.core.viewmodel","SeedProperty","CLASS","parseNumericSeed","METHOD","String","package-private","static","long","","","","74"
"main","app/src/main/java/de/mkalb/etpetssim/simulations/core/viewmodel/SeedProperty.java","de.mkalb.etpetssim.simulations.core.viewmodel","SeedProperty","CLASS","hashSeed","METHOD","String","package-private","static","long","NoSuchAlgorithmException","","","85"
"main","app/src/main/java/de/mkalb/etpetssim/simulations/core/viewmodel/SeedProperty.java","de.mkalb.etpetssim.simulations.core.viewmodel","SeedProperty","CLASS","fallbackHashSeed","METHOD","String","package-private","static","long","","","","99"
"main","app/src/main/java/de/mkalb/etpetssim/simulations/core/viewmodel/SeedProperty.java","de.mkalb.etpetssim.simulations.core.viewmodel","SeedProperty","CLASS","computeSeed","METHOD","String","package-private","static","long","","","","116"
"main","app/src/main/java/de/mkalb/etpetssim/simulations/core/viewmodel/SeedProperty.java","de.mkalb.etpetssim.simulations.core.viewmodel","SeedProperty","CLASS","stringProperty","METHOD","","public","","StringProperty","","","","136"
"main","app/src/main/java/de/mkalb/etpetssim/simulations/core/viewmodel/SeedProperty.java","de.mkalb.etpetssim.simulations.core.viewmodel","SeedProperty","CLASS","labelProperty","METHOD","","public","","StringProperty","","","","145"
"main","app/src/main/java/de/mkalb/etpetssim/simulations/core/viewmodel/SeedProperty.java","de.mkalb.etpetssim.simulations.core.viewmodel","SeedProperty","CLASS","computeSeedAndUpdateLabel","METHOD","","public","","long","","","","155"
"main","app/src/main/java/de/mkalb/etpetssim/simulations/core/viewmodel/SimulationConfigViewModel.java","de.mkalb.etpetssim.simulations.core.viewmodel","SimulationConfigViewModel","INTERFACE","simulationStateProperty","METHOD","","public","","ReadOnlyObjectProperty<SimulationState>","","","","17"
"main","app/src/main/java/de/mkalb/etpetssim/simulations/core/viewmodel/SimulationConfigViewModel.java","de.mkalb.etpetssim.simulations.core.viewmodel","SimulationConfigViewModel","INTERFACE","getSimulationState","METHOD","","public","","SimulationState","","","","24"
"main","app/src/main/java/de/mkalb/etpetssim/simulations/core/viewmodel/SimulationConfigViewModel.java","de.mkalb.etpetssim.simulations.core.viewmodel","SimulationConfigViewModel","INTERFACE","getConfig","METHOD","","public","","CON","","","","31"
"main","app/src/main/java/de/mkalb/etpetssim/simulations/core/viewmodel/SimulationControlViewModel.java","de.mkalb.etpetssim.simulations.core.viewmodel","SimulationControlViewModel","INTERFACE","simulationStateProperty","METHOD","","public","","ReadOnlyObjectProperty<SimulationState>","","","","16"
"main","app/src/main/java/de/mkalb/etpetssim/simulations/core/viewmodel/SimulationControlViewModel.java","de.mkalb.etpetssim.simulations.core.viewmodel","SimulationControlViewModel","INTERFACE","getSimulationState","METHOD","","public","","SimulationState","","","","23"
"main","app/src/main/java/de/mkalb/etpetssim/simulations/core/viewmodel/SimulationEditToolBarViewModel.java","de.mkalb.etpetssim.simulations.core.viewmodel","SimulationEditToolBarViewModel","CLASS","editModeActiveProperty","METHOD","","package-private","","BooleanProperty","","","","19"
"main","app/src/main/java/de/mkalb/etpetssim/simulations/core/viewmodel/SimulationEditToolBarViewModel.java","de.mkalb.etpetssim.simulations.core.viewmodel","SimulationEditToolBarViewModel","CLASS","selectedUserActionToolIdProperty","METHOD","","package-private","","ObjectProperty<String>","","","","23"
"main","app/src/main/java/de/mkalb/etpetssim/simulations/core/viewmodel/SimulationEditToolBarViewModel.java","de.mkalb.etpetssim.simulations.core.viewmodel","SimulationEditToolBarViewModel","CLASS","isEditModeActive","METHOD","","package-private","","boolean","","","","27"
"main","app/src/main/java/de/mkalb/etpetssim/simulations/core/viewmodel/SimulationEditToolBarViewModel.java","de.mkalb.etpetssim.simulations.core.viewmodel","SimulationEditToolBarViewModel","CLASS","resetToSelectMode","METHOD","","package-private","","void","","","","31"
"main","app/src/main/java/de/mkalb/etpetssim/simulations/core/viewmodel/SimulationEditToolBarViewModel.java","de.mkalb.etpetssim.simulations.core.viewmodel","SimulationEditToolBarViewModel","CLASS","getSelectedUserActionDescriptor","METHOD","List<SimulationUserActionDescriptor<CTX>>","package-private","","Optional<SimulationUserActionDescriptor<CTX>>","","","","36"
"main","app/src/main/java/de/mkalb/etpetssim/simulations/core/viewmodel/SimulationEditToolBarViewModel.java","de.mkalb.etpetssim.simulations.core.viewmodel","SimulationEditToolBarViewModel","CLASS","getSelectedCellActionDescriptor","METHOD","List<SimulationUserActionDescriptor<CTX>>","package-private","","Optional<SimulationUserActionDescriptor<CTX>>","","","","42"
"main","app/src/main/java/de/mkalb/etpetssim/simulations/core/viewmodel/SimulationMainViewModel.java","de.mkalb.etpetssim.simulations.core.viewmodel","SimulationMainViewModel","INTERFACE","simulationStateProperty","METHOD","","public","","ReadOnlyObjectProperty<SimulationState>","","","","18"
"main","app/src/main/java/de/mkalb/etpetssim/simulations/core/viewmodel/SimulationMainViewModel.java","de.mkalb.etpetssim.simulations.core.viewmodel","SimulationMainViewModel","INTERFACE","getSimulationState","METHOD","","public","","SimulationState","","","","25"
"main","app/src/main/java/de/mkalb/etpetssim/simulations/core/viewmodel/SimulationMainViewModel.java","de.mkalb.etpetssim.simulations.core.viewmodel","SimulationMainViewModel","INTERFACE","notificationTypeProperty","METHOD","","public","","ObjectProperty<SimulationNotificationType>","","","","32"
"main","app/src/main/java/de/mkalb/etpetssim/simulations/core/viewmodel/SimulationMainViewModel.java","de.mkalb.etpetssim.simulations.core.viewmodel","SimulationMainViewModel","INTERFACE","setNotificationType","METHOD","SimulationNotificationType","public","","void","","","","39"
"main","app/src/main/java/de/mkalb/etpetssim/simulations/core/viewmodel/SimulationMainViewModel.java","de.mkalb.etpetssim.simulations.core.viewmodel","SimulationMainViewModel","INTERFACE","getStructure","METHOD","","public","","GridStructure","","","","46"
"main","app/src/main/java/de/mkalb/etpetssim/simulations/core/viewmodel/SimulationMainViewModel.java","de.mkalb.etpetssim.simulations.core.viewmodel","SimulationMainViewModel","INTERFACE","getCellEdgeLength","METHOD","","public","","double","","","","53"
"main","app/src/main/java/de/mkalb/etpetssim/simulations/core/viewmodel/SimulationMainViewModel.java","de.mkalb.etpetssim.simulations.core.viewmodel","SimulationMainViewModel","INTERFACE","shutdownSimulation","METHOD","","public","","SimulationTermination","","","","62"
"main","app/src/main/java/de/mkalb/etpetssim/simulations/core/viewmodel/SimulationObservationViewModel.java","de.mkalb.etpetssim.simulations.core.viewmodel","SimulationObservationViewModel","INTERFACE","simulationStateProperty","METHOD","","public","","ReadOnlyObjectProperty<SimulationState>","","","","23"
"main","app/src/main/java/de/mkalb/etpetssim/simulations/core/viewmodel/SimulationObservationViewModel.java","de.mkalb.etpetssim.simulations.core.viewmodel","SimulationObservationViewModel","INTERFACE","getSimulationState","METHOD","","public","","SimulationState","","","","30"
"main","app/src/main/java/de/mkalb/etpetssim/simulations/core/viewmodel/SimulationObservationViewModel.java","de.mkalb.etpetssim.simulations.core.viewmodel","SimulationObservationViewModel","INTERFACE","statisticsProperty","METHOD","","public","","ReadOnlyObjectProperty<@Nullable STA>","","","","39"
"main","app/src/main/java/de/mkalb/etpetssim/simulations/core/viewmodel/SimulationObservationViewModel.java","de.mkalb.etpetssim.simulations.core.viewmodel","SimulationObservationViewModel","INTERFACE","getStatistics","METHOD","","public","","Optional<STA>","","","","46"
"main","app/src/main/java/de/mkalb/etpetssim/simulations/core/viewmodel/SimulationObservationViewModel.java","de.mkalb.etpetssim.simulations.core.viewmodel","SimulationObservationViewModel","INTERFACE","setStatistics","METHOD","STA","public","","void","","","","53"
"main","app/src/main/java/de/mkalb/etpetssim/simulations/core/viewmodel/SimulationObservationViewModel.java","de.mkalb.etpetssim.simulations.core.viewmodel","SimulationObservationViewModel","INTERFACE","lastClickedCoordinateProperty","METHOD","","public","","ObjectProperty<@Nullable GridCoordinate>","","","","60"
"main","app/src/main/java/de/mkalb/etpetssim/simulations/core/viewmodel/SimulationObservationViewModel.java","de.mkalb.etpetssim.simulations.core.viewmodel","SimulationObservationViewModel","INTERFACE","statisticsExtremaProperty","METHOD","","public","","ReadOnlyObjectProperty<StatisticExtrema>","","","","67"
"main","app/src/main/java/de/mkalb/etpetssim/simulations/core/viewmodel/SimulationObservationViewModel.java","de.mkalb.etpetssim.simulations.core.viewmodel","SimulationObservationViewModel","INTERFACE","statisticsHistoryProperty","METHOD","","public","","ReadOnlyObjectProperty<List<StatisticSample>>","","","","74"
"main","app/src/main/java/de/mkalb/etpetssim/simulations/core/viewmodel/SimulationUserActionDescriptor.java","de.mkalb.etpetssim.simulations.core.viewmodel","SimulationUserActionDescriptor","RECORD","<init>","CONSTRUCTOR","String, CTX, SimulationUserActionScope, String, String","public","","","","","","39"
"main","app/src/main/java/de/mkalb/etpetssim/simulations/core/viewmodel/SimulationUserActionDescriptor.java","de.mkalb.etpetssim.simulations.core.viewmodel","SimulationUserActionDescriptor","RECORD","<init>","COMPACT_CONSTRUCTOR","","public","","","","","","47"
"main","app/src/main/java/de/mkalb/etpetssim/simulations/core/viewmodel/SimulationUserActionDescriptor.java","de.mkalb.etpetssim.simulations.core.viewmodel","SimulationUserActionDescriptor","RECORD","resolveContext","METHOD","","public","","Optional<CTX>","","","","67"
"main","app/src/main/java/de/mkalb/etpetssim/simulations/etpets/EtpetsFactory.java","de.mkalb.etpetssim.simulations.etpets","EtpetsFactory","CLASS","<init>","CONSTRUCTOR","","private","","","","","","18"
"main","app/src/main/java/de/mkalb/etpetssim/simulations/etpets/EtpetsFactory.java","de.mkalb.etpetssim.simulations.etpets","EtpetsFactory","CLASS","createMainView","METHOD","","public","static","SimulationMainView","","@SuppressWarnings(""UnnecessaryLocalVariable"")","","21"
"main","app/src/main/java/de/mkalb/etpetssim/simulations/etpets/model/EtpetsAgentLogic.java","de.mkalb.etpetssim.simulations.etpets.model","EtpetsAgentLogic","CLASS","<init>","CONSTRUCTOR","","private","","","","","","21"
"main","app/src/main/java/de/mkalb/etpetssim/simulations/etpets/model/EtpetsAgentLogic.java","de.mkalb.etpetssim.simulations.etpets.model","EtpetsAgentLogic","CLASS","apply","METHOD","Random, EtpetsGridModel, EtpetsIdSequence, int, EtpetsStatistics","public","static","void","","","","24"
"main","app/src/main/java/de/mkalb/etpetssim/simulations/etpets/model/EtpetsAgentLogic.java","de.mkalb.etpetssim.simulations.etpets.model","EtpetsAgentLogic","CLASS","selectAndExecuteAction","METHOD","Pet, GridCoordinate, EtpetsGridModel, GridStructure, int, Random, EtpetsIdSequence","private","static","ActionEffect","","","","107"
"main","app/src/main/java/de/mkalb/etpetssim/simulations/etpets/model/EtpetsAgentLogic.java","de.mkalb.etpetssim.simulations.etpets.model","EtpetsAgentLogic","CLASS","collectActionCandidates","METHOD","Pet, GridCoordinate, EtpetsGridModel, GridStructure, int, Random","private","static","List<ActionCandidate>","","","","141"
"main","app/src/main/java/de/mkalb/etpetssim/simulations/etpets/model/EtpetsAgentLogic.java","de.mkalb.etpetssim.simulations.etpets.model","EtpetsAgentLogic","CLASS","pickBestCandidate","METHOD","Collection<ActionCandidate>, Random","private","static","ActionCandidate","","","","264"
"main","app/src/main/java/de/mkalb/etpetssim/simulations/etpets/model/EtpetsAgentLogic.java","de.mkalb.etpetssim.simulations.etpets.model","EtpetsAgentLogic","CLASS","executeActionCandidate","METHOD","ActionCandidate, Pet, GridCoordinate, EtpetsGridModel, int, Random, EtpetsIdSequence","private","static","ActionEffect","","","","283"
"main","app/src/main/java/de/mkalb/etpetssim/simulations/etpets/model/EtpetsAgentLogic.java","de.mkalb.etpetssim.simulations.etpets.model","EtpetsAgentLogic","CLASS","executeWaitAction","METHOD","GridCoordinate, EtpetsGridModel","private","static","ActionEffect","","","","300"
"main","app/src/main/java/de/mkalb/etpetssim/simulations/etpets/model/EtpetsAgentLogic.java","de.mkalb.etpetssim.simulations.etpets.model","EtpetsAgentLogic","CLASS","executeMoveAction","METHOD","Pet, GridCoordinate, GridCoordinate, EtpetsGridModel","private","static","ActionEffect","","","","307"
"main","app/src/main/java/de/mkalb/etpetssim/simulations/etpets/model/EtpetsAgentLogic.java","de.mkalb.etpetssim.simulations.etpets.model","EtpetsAgentLogic","CLASS","executeEatAction","METHOD","ActionCandidate, Pet, GridCoordinate, GridCoordinate, EtpetsGridModel","private","static","ActionEffect","","","","326"
"main","app/src/main/java/de/mkalb/etpetssim/simulations/etpets/model/EtpetsAgentLogic.java","de.mkalb.etpetssim.simulations.etpets.model","EtpetsAgentLogic","CLASS","executeReproduceAction","METHOD","ActionCandidate, Pet, EtpetsGridModel, int, Random, EtpetsIdSequence","private","static","ActionEffect","","","","344"
"main","app/src/main/java/de/mkalb/etpetssim/simulations/etpets/model/EtpetsAgentLogic.java","de.mkalb.etpetssim.simulations.etpets.model","EtpetsAgentLogic","CLASS","computeMoveScore","METHOD","Pet, GridCoordinate, EtpetsCell, Set<GridCoordinate>, Set<GridCoordinate>, Set<GridCoordinate>, Set<GridCoordinate>, Random","private","static","int","","","","387"
"main","app/src/main/java/de/mkalb/etpetssim/simulations/etpets/model/EtpetsAgentLogic.java","de.mkalb.etpetssim.simulations.etpets.model","EtpetsAgentLogic","CLASS","computeWaitScore","METHOD","Pet, int, Random","private","static","int","","","","430"
"main","app/src/main/java/de/mkalb/etpetssim/simulations/etpets/model/EtpetsAgentLogic.java","de.mkalb.etpetssim.simulations.etpets.model","EtpetsAgentLogic","CLASS","computeReproduceScore","METHOD","Pet, EtpetsCell","private","static","int","","","","449"
"main","app/src/main/java/de/mkalb/etpetssim/simulations/etpets/model/EtpetsAgentLogic.java","de.mkalb.etpetssim.simulations.etpets.model","EtpetsAgentLogic","CLASS","computeEatScore","METHOD","Pet, ResourceBase, int","private","static","int","","","","468"
"main","app/src/main/java/de/mkalb/etpetssim/simulations/etpets/model/EtpetsAgentLogic.java","de.mkalb.etpetssim.simulations.etpets.model","EtpetsAgentLogic","CLASS","computeAgeMortalityChance","METHOD","Pet, int","private","static","double","","","","487"
"main","app/src/main/java/de/mkalb/etpetssim/simulations/etpets/model/EtpetsAgentLogic.java","de.mkalb.etpetssim.simulations.etpets.model","EtpetsAgentLogic","CLASS","isValidReproductionPartner","METHOD","Pet, EtpetsCell, int","private","static","boolean","","","","499"
"main","app/src/main/java/de/mkalb/etpetssim/simulations/etpets/model/EtpetsAgentLogic.java","de.mkalb.etpetssim.simulations.etpets.model","EtpetsAgentLogic","CLASS","canReproduce","METHOD","Pet, Pet, int","private","static","boolean","","","","508"
"main","app/src/main/java/de/mkalb/etpetssim/simulations/etpets/model/EtpetsAgentLogic.java","de.mkalb.etpetssim.simulations.etpets.model","EtpetsAgentLogic","CLASS","areDirectRelatives","METHOD","Pet, Pet","private","static","boolean","","","","516"
"main","app/src/main/java/de/mkalb/etpetssim/simulations/etpets/model/EtpetsAgentLogic.java","de.mkalb.etpetssim.simulations.etpets.model","EtpetsAgentLogic","CLASS","computeEggPlacementCoordinate","METHOD","GridStructure, GridCoordinate, GridCoordinate, Map<GridCoordinate, RadiusRingCell<EtpetsCell>>","private","static","Optional<GridCoordinate>","","","","535"
"main","app/src/main/java/de/mkalb/etpetssim/simulations/etpets/model/EtpetsAgentLogic.java","de.mkalb.etpetssim.simulations.etpets.model","EtpetsAgentLogic","CLASS","computeValidNeighborCoordinates","METHOD","GridStructure, GridCoordinate","private","static","List<GridCoordinate>","","","","574"
"main","app/src/main/java/de/mkalb/etpetssim/simulations/etpets/model/EtpetsAgentLogic.java","de.mkalb.etpetssim.simulations.etpets.model","EtpetsAgentLogic","CLASS","hasLowMobilityPenalty","METHOD","EtpetsGridModel, List<GridCoordinate>","private","static","boolean","","","","587"
"main","app/src/main/java/de/mkalb/etpetssim/simulations/etpets/model/EtpetsAgentLogic.java","de.mkalb.etpetssim.simulations.etpets.model","EtpetsAgentLogic","CLASS","hasCrowdingPenalty","METHOD","EtpetsGridModel, List<GridCoordinate>","private","static","boolean","","","","598"
"main","app/src/main/java/de/mkalb/etpetssim/simulations/etpets/model/EtpetsAgentLogic.java","de.mkalb.etpetssim.simulations.etpets.model","EtpetsAgentLogic","CLASS","updateTrailAtCoordinate","METHOD","EtpetsGridModel, GridCoordinate","private","static","void","","","","610"
"main","app/src/main/java/de/mkalb/etpetssim/simulations/etpets/model/EtpetsAgentLogic.java","de.mkalb.etpetssim.simulations.etpets.model","EtpetsAgentLogic","CLASS","hatchEgg","METHOD","PetEgg, int, EtpetsIdSequence","private","static","Pet","","","","621"
"main","app/src/main/java/de/mkalb/etpetssim/simulations/etpets/model/EtpetsAgentLogic.java","de.mkalb.etpetssim.simulations.etpets.model","EtpetsAgentLogic","CLASS","toConsumableResource","METHOD","ResourceEntity","private","static","Optional<ResourceBase>","","","","636"
"main","app/src/main/java/de/mkalb/etpetssim/simulations/etpets/model/EtpetsAgentLogic.java","de.mkalb.etpetssim.simulations.etpets.model","EtpetsAgentLogic","CLASS","logEggHatched","METHOD","PetEgg, Pet, GridCoordinate","private","static","void","","","","643"
"main","app/src/main/java/de/mkalb/etpetssim/simulations/etpets/model/EtpetsAgentLogic.java","de.mkalb.etpetssim.simulations.etpets.model","EtpetsAgentLogic","CLASS","logPetDiedFromEnergyDepletion","METHOD","Pet, GridCoordinate","private","static","void","","","","653"
"main","app/src/main/java/de/mkalb/etpetssim/simulations/etpets/model/EtpetsAgentLogic.java","de.mkalb.etpetssim.simulations.etpets.model","EtpetsAgentLogic","CLASS","logPetDiedFromAgeMortality","METHOD","Pet, GridCoordinate, double","private","static","void","","","","661"
"main","app/src/main/java/de/mkalb/etpetssim/simulations/etpets/model/EtpetsAgentLogic.java","de.mkalb.etpetssim.simulations.etpets.model","EtpetsAgentLogic","CLASS","clampToUnitRange","METHOD","double","private","static","double","","","","671"
"main","app/src/main/java/de/mkalb/etpetssim/simulations/etpets/model/EtpetsAgentLogic.java","de.mkalb.etpetssim.simulations.etpets.model","EtpetsAgentLogic","CLASS","toDisplayString","METHOD","List<ActionCandidate>","private","static","String","","","","675"
"main","app/src/main/java/de/mkalb/etpetssim/simulations/etpets/model/EtpetsAgentLogic.java","de.mkalb.etpetssim.simulations.etpets.model","EtpetsAgentLogic","CLASS","toDisplayString","METHOD","ActionCandidate","private","static","String","","","","686"
"main","app/src/main/java/de/mkalb/etpetssim/simulations/etpets/model/EtpetsAgentLogic.java","de.mkalb.etpetssim.simulations.etpets.model","EtpetsAgentLogic.ActionCandidate","RECORD","<init>","COMPACT_CONSTRUCTOR","","private","","","","","","703"
"main","app/src/main/java/de/mkalb/etpetssim/simulations/etpets/model/EtpetsAgentLogic.java","de.mkalb.etpetssim.simulations.etpets.model","EtpetsAgentLogic.ReproductionOption","RECORD","<init>","COMPACT_CONSTRUCTOR","","private","","","","","","726"
"main","app/src/main/java/de/mkalb/etpetssim/simulations/etpets/model/EtpetsAgentLogic.java","de.mkalb.etpetssim.simulations.etpets.model","EtpetsAgentLogic.ActionEffect","RECORD","<init>","COMPACT_CONSTRUCTOR","","private","","","","","","736"
"main","app/src/main/java/de/mkalb/etpetssim/simulations/etpets/model/EtpetsAgentLogic.java","de.mkalb.etpetssim.simulations.etpets.model","EtpetsAgentLogic.ActionEffect","RECORD","none","METHOD","","private","static","ActionEffect","","","","742"
"main","app/src/main/java/de/mkalb/etpetssim/simulations/etpets/model/EtpetsBalance.java","de.mkalb.etpetssim.simulations.etpets.model","EtpetsBalance","CLASS","<init>","CONSTRUCTOR","","private","","","","","","126"
"main","app/src/main/java/de/mkalb/etpetssim/simulations/etpets/model/EtpetsCell.java","de.mkalb.etpetssim.simulations.etpets.model","EtpetsCell","RECORD","of","METHOD","EtpetsGridModel, GridCoordinate","public","static","EtpetsCell","","","","31"
"main","app/src/main/java/de/mkalb/etpetssim/simulations/etpets/model/EtpetsCell.java","de.mkalb.etpetssim.simulations.etpets.model","EtpetsCell","RECORD","entity","METHOD","","public","","EtpetsEntity","","@Override","","45"
"main","app/src/main/java/de/mkalb/etpetssim/simulations/etpets/model/EtpetsCell.java","de.mkalb.etpetssim.simulations.etpets.model","EtpetsCell","RECORD","toDisplayString","METHOD","","public","","String","","@Override","","65"
"main","app/src/main/java/de/mkalb/etpetssim/simulations/etpets/model/EtpetsCell.java","de.mkalb.etpetssim.simulations.etpets.model","EtpetsCell","RECORD","isWalkable","METHOD","","public","","boolean","","","","80"
"main","app/src/main/java/de/mkalb/etpetssim/simulations/etpets/model/EtpetsConfig.java","de.mkalb.etpetssim.simulations.etpets.model","EtpetsConfig","RECORD","hasValidRanges","METHOD","","private","","boolean","","","","47"
"main","app/src/main/java/de/mkalb/etpetssim/simulations/etpets/model/EtpetsConfig.java","de.mkalb.etpetssim.simulations.etpets.model","EtpetsConfig","RECORD","hasValidCombinedPercents","METHOD","","private","","boolean","","","","55"
"main","app/src/main/java/de/mkalb/etpetssim/simulations/etpets/model/EtpetsConfig.java","de.mkalb.etpetssim.simulations.etpets.model","EtpetsConfig","RECORD","isValid","METHOD","","public","","boolean","","@Override","","64"
"main","app/src/main/java/de/mkalb/etpetssim/simulations/etpets/model/EtpetsConstraints.java","de.mkalb.etpetssim.simulations.etpets.model","EtpetsConstraints","CLASS","<init>","CONSTRUCTOR","","private","","","","","","60"
"main","app/src/main/java/de/mkalb/etpetssim/simulations/etpets/model/EtpetsDeterminism.java","de.mkalb.etpetssim.simulations.etpets.model","EtpetsDeterminism","CLASS","<init>","CONSTRUCTOR","","private","","","","","","7"
"main","app/src/main/java/de/mkalb/etpetssim/simulations/etpets/model/EtpetsDeterminism.java","de.mkalb.etpetssim.simulations.etpets.model","EtpetsDeterminism","CLASS","compareCoordinates","METHOD","GridCoordinate, GridCoordinate","public","static","int","","","","10"
"main","app/src/main/java/de/mkalb/etpetssim/simulations/etpets/model/EtpetsGridModel.java","de.mkalb.etpetssim.simulations.etpets.model","EtpetsGridModel","RECORD","<init>","COMPACT_CONSTRUCTOR","","public","","","","","","24"
"main","app/src/main/java/de/mkalb/etpetssim/simulations/etpets/model/EtpetsGridModel.java","de.mkalb.etpetssim.simulations.etpets.model","EtpetsGridModel","RECORD","getEntities","METHOD","GridCoordinate","public","","List<EtpetsEntity>","","@Override","","32"
"main","app/src/main/java/de/mkalb/etpetssim/simulations/etpets/model/EtpetsGridModel.java","de.mkalb.etpetssim.simulations.etpets.model","EtpetsGridModel","RECORD","layerCount","METHOD","","public","","int","","@Override","","41"
"main","app/src/main/java/de/mkalb/etpetssim/simulations/etpets/model/EtpetsIdSequence.java","de.mkalb.etpetssim.simulations.etpets.model","EtpetsIdSequence","CLASS","<init>","CONSTRUCTOR","int","public","","","","","","9"
"main","app/src/main/java/de/mkalb/etpetssim/simulations/etpets/model/EtpetsIdSequence.java","de.mkalb.etpetssim.simulations.etpets.model","EtpetsIdSequence","CLASS","next","METHOD","","public","","int","","","","13"
"main","app/src/main/java/de/mkalb/etpetssim/simulations/etpets/model/EtpetsResourceLogic.java","de.mkalb.etpetssim.simulations.etpets.model","EtpetsResourceLogic","CLASS","<init>","CONSTRUCTOR","","private","","","","","","7"
"main","app/src/main/java/de/mkalb/etpetssim/simulations/etpets/model/EtpetsResourceLogic.java","de.mkalb.etpetssim.simulations.etpets.model","EtpetsResourceLogic","CLASS","apply","METHOD","EtpetsGridModel","public","static","void","","","","10"
"main","app/src/main/java/de/mkalb/etpetssim/simulations/etpets/model/EtpetsScoreMath.java","de.mkalb.etpetssim.simulations.etpets.model","EtpetsScoreMath","CLASS","<init>","CONSTRUCTOR","","private","","","","","","7"
"main","app/src/main/java/de/mkalb/etpetssim/simulations/etpets/model/EtpetsScoreMath.java","de.mkalb.etpetssim.simulations.etpets.model","EtpetsScoreMath","CLASS","computeRawMoveScore","METHOD","double, double, boolean, boolean, boolean, boolean, boolean, int, boolean","package-private","static","double","","","","10"
"main","app/src/main/java/de/mkalb/etpetssim/simulations/etpets/model/EtpetsScoreMath.java","de.mkalb.etpetssim.simulations.etpets.model","EtpetsScoreMath","CLASS","computeSurvivalPressure","METHOD","double","private","static","double","","","","40"
"main","app/src/main/java/de/mkalb/etpetssim/simulations/etpets/model/EtpetsScoreMath.java","de.mkalb.etpetssim.simulations.etpets.model","EtpetsScoreMath","CLASS","computeTrailBonus","METHOD","int","private","static","double","","","","45"
"main","app/src/main/java/de/mkalb/etpetssim/simulations/etpets/model/EtpetsScoreMath.java","de.mkalb.etpetssim.simulations.etpets.model","EtpetsScoreMath","CLASS","computeExplorationBonus","METHOD","double, double, boolean","private","static","double","","","","56"
"main","app/src/main/java/de/mkalb/etpetssim/simulations/etpets/model/EtpetsScoreMath.java","de.mkalb.etpetssim.simulations.etpets.model","EtpetsScoreMath","CLASS","computeOscillationPenalty","METHOD","boolean","private","static","double","","","","69"
"main","app/src/main/java/de/mkalb/etpetssim/simulations/etpets/model/EtpetsScoreMath.java","de.mkalb.etpetssim.simulations.etpets.model","EtpetsScoreMath","CLASS","computeLowMobilityPenalty","METHOD","boolean, double, boolean","private","static","double","","","","73"
"main","app/src/main/java/de/mkalb/etpetssim/simulations/etpets/model/EtpetsScoreMath.java","de.mkalb.etpetssim.simulations.etpets.model","EtpetsScoreMath","CLASS","computeCrowdingPenalty","METHOD","boolean, boolean","private","static","double","","","","83"
"main","app/src/main/java/de/mkalb/etpetssim/simulations/etpets/model/EtpetsScoreMath.java","de.mkalb.etpetssim.simulations.etpets.model","EtpetsScoreMath","CLASS","computeRawReproduceScore","METHOD","double, double","package-private","static","double","","@SuppressWarnings(""MagicNumber"")","","88"
"main","app/src/main/java/de/mkalb/etpetssim/simulations/etpets/model/EtpetsScoreMath.java","de.mkalb.etpetssim.simulations.etpets.model","EtpetsScoreMath","CLASS","computeRawEatScore","METHOD","int, int, int, int","package-private","static","double","","","","103"
"main","app/src/main/java/de/mkalb/etpetssim/simulations/etpets/model/EtpetsScoreMath.java","de.mkalb.etpetssim.simulations.etpets.model","EtpetsScoreMath","CLASS","computeHungerScore","METHOD","int, int","private","static","double","","","","116"
"main","app/src/main/java/de/mkalb/etpetssim/simulations/etpets/model/EtpetsScoreMath.java","de.mkalb.etpetssim.simulations.etpets.model","EtpetsScoreMath","CLASS","computePanicScore","METHOD","int","private","static","double","","","","124"
"main","app/src/main/java/de/mkalb/etpetssim/simulations/etpets/model/EtpetsScoreMath.java","de.mkalb.etpetssim.simulations.etpets.model","EtpetsScoreMath","CLASS","computeResourceGainScore","METHOD","int","private","static","double","","","","133"
"main","app/src/main/java/de/mkalb/etpetssim/simulations/etpets/model/EtpetsScoreMath.java","de.mkalb.etpetssim.simulations.etpets.model","EtpetsScoreMath","CLASS","computeWastePenalty","METHOD","int, int, int","private","static","double","","","","140"
"main","app/src/main/java/de/mkalb/etpetssim/simulations/etpets/model/EtpetsScoreMath.java","de.mkalb.etpetssim.simulations.etpets.model","EtpetsScoreMath","CLASS","computeAgeBonus","METHOD","int","private","static","double","","","","152"
"main","app/src/main/java/de/mkalb/etpetssim/simulations/etpets/model/EtpetsScoreMath.java","de.mkalb.etpetssim.simulations.etpets.model","EtpetsScoreMath","CLASS","clampToUnitRange","METHOD","double","private","static","double","","","","158"
"main","app/src/main/java/de/mkalb/etpetssim/simulations/etpets/model/EtpetsSimulationManager.java","de.mkalb.etpetssim.simulations.etpets.model","EtpetsSimulationManager","CLASS","<init>","CONSTRUCTOR","EtpetsConfig","public","","","","","","20"
"main","app/src/main/java/de/mkalb/etpetssim/simulations/etpets/model/EtpetsSimulationManager.java","de.mkalb.etpetssim.simulations.etpets.model","EtpetsSimulationManager","CLASS","<init>","CONSTRUCTOR","EtpetsConfig, SimulationInitializationCancellation","public","","","","","","24"
"main","app/src/main/java/de/mkalb/etpetssim/simulations/etpets/model/EtpetsSimulationManager.java","de.mkalb.etpetssim.simulations.etpets.model","EtpetsSimulationManager","CLASS","computePercentCount","METHOD","int, double","private","static","int","","","","52"
"main","app/src/main/java/de/mkalb/etpetssim/simulations/etpets/model/EtpetsSimulationManager.java","de.mkalb.etpetssim.simulations.etpets.model","EtpetsSimulationManager","CLASS","shuffleCoordinates","METHOD","List<GridCoordinate>, Random, SimulationInitializationCancellation","private","static","void","","","","56"
"main","app/src/main/java/de/mkalb/etpetssim/simulations/etpets/model/EtpetsSimulationManager.java","de.mkalb.etpetssim.simulations.etpets.model","EtpetsSimulationManager","CLASS","initializeTerrain","METHOD","EtpetsGridModel, Random, SimulationInitializationCancellation","private","","void","","","","67"
"main","app/src/main/java/de/mkalb/etpetssim/simulations/etpets/model/EtpetsSimulationManager.java","de.mkalb.etpetssim.simulations.etpets.model","EtpetsSimulationManager","CLASS","initializeResources","METHOD","EtpetsGridModel, Random, SimulationInitializationCancellation","private","","void","","","","104"
"main","app/src/main/java/de/mkalb/etpetssim/simulations/etpets/model/EtpetsSimulationManager.java","de.mkalb.etpetssim.simulations.etpets.model","EtpetsSimulationManager","CLASS","initializePets","METHOD","EtpetsGridModel, Random, EtpetsIdSequence, SimulationInitializationCancellation","private","","void","","","","152"
"main","app/src/main/java/de/mkalb/etpetssim/simulations/etpets/model/EtpetsSimulationManager.java","de.mkalb.etpetssim.simulations.etpets.model","EtpetsSimulationManager","CLASS","traversableCoordinates","METHOD","EtpetsGridModel, Random, SimulationInitializationCancellation","private","","List<GridCoordinate>","","","","214"
"main","app/src/main/java/de/mkalb/etpetssim/simulations/etpets/model/EtpetsSimulationManager.java","de.mkalb.etpetssim.simulations.etpets.model","EtpetsSimulationManager","CLASS","createCoordinates","METHOD","SimulationInitializationCancellation","private","","List<GridCoordinate>","","","","238"
"main","app/src/main/java/de/mkalb/etpetssim/simulations/etpets/model/EtpetsSimulationManager.java","de.mkalb.etpetssim.simulations.etpets.model","EtpetsSimulationManager","CLASS","structure","METHOD","","public","","GridStructure","","@Override","","254"
"main","app/src/main/java/de/mkalb/etpetssim/simulations/etpets/model/EtpetsSimulationManager.java","de.mkalb.etpetssim.simulations.etpets.model","EtpetsSimulationManager","CLASS","statistics","METHOD","","public","","EtpetsStatistics","","@Override","","259"
"main","app/src/main/java/de/mkalb/etpetssim/simulations/etpets/model/EtpetsSimulationManager.java","de.mkalb.etpetssim.simulations.etpets.model","EtpetsSimulationManager","CLASS","updateStatistics","METHOD","","protected","","void","","@Override","","264"
"main","app/src/main/java/de/mkalb/etpetssim/simulations/etpets/model/EtpetsSimulationManager.java","de.mkalb.etpetssim.simulations.etpets.model","EtpetsSimulationManager","CLASS","initializeStatistics","METHOD","EtpetsGridModel","private","","void","","","","271"
"main","app/src/main/java/de/mkalb/etpetssim/simulations/etpets/model/EtpetsSimulationManager.java","de.mkalb.etpetssim.simulations.etpets.model","EtpetsSimulationManager","CLASS","executor","METHOD","","protected","","TimedSimulationExecutor<EtpetsEntity, EtpetsGridModel>","","@Override","","279"
"main","app/src/main/java/de/mkalb/etpetssim/simulations/etpets/model/EtpetsStatistics.java","de.mkalb.etpetssim.simulations.etpets.model","EtpetsStatistics","CLASS","<init>","CONSTRUCTOR","GridStructure","public","","","","","","27"
"main","app/src/main/java/de/mkalb/etpetssim/simulations/etpets/model/EtpetsStatistics.java","de.mkalb.etpetssim.simulations.etpets.model","EtpetsStatistics","CLASS","metrics","METHOD","","public","static","List<StatisticMetric<EtpetsStatistics>>","","","","34"
"main","app/src/main/java/de/mkalb/etpetssim/simulations/etpets/model/EtpetsStatistics.java","de.mkalb.etpetssim.simulations.etpets.model","EtpetsStatistics","CLASS","initializeStartupCellCounts","METHOD","int, int","package-private","","void","","","","48"
"main","app/src/main/java/de/mkalb/etpetssim/simulations/etpets/model/EtpetsStatistics.java","de.mkalb.etpetssim.simulations.etpets.model","EtpetsStatistics","CLASS","adjustCellCounts","METHOD","int, int, int","package-private","","void","","","","54"
"main","app/src/main/java/de/mkalb/etpetssim/simulations/etpets/model/EtpetsStatistics.java","de.mkalb.etpetssim.simulations.etpets.model","EtpetsStatistics","CLASS","getActivePetCells","METHOD","","public","","int","","","","62"
"main","app/src/main/java/de/mkalb/etpetssim/simulations/etpets/model/EtpetsStatistics.java","de.mkalb.etpetssim.simulations.etpets.model","EtpetsStatistics","CLASS","getEggCells","METHOD","","public","","int","","","","66"
"main","app/src/main/java/de/mkalb/etpetssim/simulations/etpets/model/EtpetsStatistics.java","de.mkalb.etpetssim.simulations.etpets.model","EtpetsStatistics","CLASS","getCumulativePetDeathCount","METHOD","","public","","int","","","","70"
"main","app/src/main/java/de/mkalb/etpetssim/simulations/etpets/model/EtpetsStatistics.java","de.mkalb.etpetssim.simulations.etpets.model","EtpetsStatistics","CLASS","toString","METHOD","","public","","String","","@Override","","74"
"main","app/src/main/java/de/mkalb/etpetssim/simulations/etpets/model/EtpetsStepRunner.java","de.mkalb.etpetssim.simulations.etpets.model","EtpetsStepRunner","CLASS","<init>","CONSTRUCTOR","Random, EtpetsGridModel, EtpetsIdSequence","public","","","","","","14"
"main","app/src/main/java/de/mkalb/etpetssim/simulations/etpets/model/EtpetsStepRunner.java","de.mkalb.etpetssim.simulations.etpets.model","EtpetsStepRunner","CLASS","model","METHOD","","public","","EtpetsGridModel","","","","22"
"main","app/src/main/java/de/mkalb/etpetssim/simulations/etpets/model/EtpetsStepRunner.java","de.mkalb.etpetssim.simulations.etpets.model","EtpetsStepRunner","CLASS","performStep","METHOD","int, EtpetsStatistics","public","","void","","@Override","","26"
"main","app/src/main/java/de/mkalb/etpetssim/simulations/etpets/model/EtpetsTerminationCondition.java","de.mkalb.etpetssim.simulations.etpets.model","EtpetsTerminationCondition","CLASS","isFinished","METHOD","EtpetsGridModel, int, EtpetsStatistics","public","","boolean","","@Override","","9"
"main","app/src/main/java/de/mkalb/etpetssim/simulations/etpets/model/EtpetsTerrainLogic.java","de.mkalb.etpetssim.simulations.etpets.model","EtpetsTerrainLogic","CLASS","<init>","CONSTRUCTOR","","private","","","","","","8"
"main","app/src/main/java/de/mkalb/etpetssim/simulations/etpets/model/EtpetsTerrainLogic.java","de.mkalb.etpetssim.simulations.etpets.model","EtpetsTerrainLogic","CLASS","apply","METHOD","EtpetsGridModel","public","static","void","","","","11"
"main","app/src/main/java/de/mkalb/etpetssim/simulations/etpets/model/EtpetsUserAction.java","de.mkalb.etpetssim.simulations.etpets.model","EtpetsUserAction","CLASS","apply","METHOD","EtpetsSimulationManager, EtpetsUserActionContext, GridCellView<EtpetsEntity>","public","","void","","@Override","","19"
"main","app/src/main/java/de/mkalb/etpetssim/simulations/etpets/model/EtpetsUserAction.java","de.mkalb.etpetssim.simulations.etpets.model","EtpetsUserAction","CLASS","applySetTerrain","METHOD","EtpetsGridModel, GridCoordinate, EtpetsTerrainChoice","private","","void","","","","38"
"main","app/src/main/java/de/mkalb/etpetssim/simulations/etpets/model/EtpetsUserAction.java","de.mkalb.etpetssim.simulations.etpets.model","EtpetsUserAction","CLASS","applySetResource","METHOD","EtpetsGridModel, GridCoordinate, EtpetsResourceChoice","private","","void","","","","48"
"main","app/src/main/java/de/mkalb/etpetssim/simulations/etpets/model/EtpetsUserAction.java","de.mkalb.etpetssim.simulations.etpets.model","EtpetsUserAction","CLASS","toTerrainEntity","METHOD","EtpetsTerrainChoice","private","","TerrainEntity","","","","58"
"main","app/src/main/java/de/mkalb/etpetssim/simulations/etpets/model/EtpetsUserAction.java","de.mkalb.etpetssim.simulations.etpets.model","EtpetsUserAction","CLASS","toResourceEntity","METHOD","EtpetsResourceChoice","private","","ResourceEntity","","","","66"
"main","app/src/main/java/de/mkalb/etpetssim/simulations/etpets/model/entity/AgentEntity.java","de.mkalb.etpetssim.simulations.etpets.model.entity","AgentEntity","INTERFACE","isTerrain","METHOD","","public","default","boolean","","@Override","","9"
"main","app/src/main/java/de/mkalb/etpetssim/simulations/etpets/model/entity/AgentEntity.java","de.mkalb.etpetssim.simulations.etpets.model.entity","AgentEntity","INTERFACE","isResource","METHOD","","public","default","boolean","","@Override","","14"
"main","app/src/main/java/de/mkalb/etpetssim/simulations/etpets/model/entity/AgentEntity.java","de.mkalb.etpetssim.simulations.etpets.model.entity","AgentEntity","INTERFACE","id","METHOD","","public","default","int","","","","19"
"main","app/src/main/java/de/mkalb/etpetssim/simulations/etpets/model/entity/EntityDescriptors.java","de.mkalb.etpetssim.simulations.etpets.model.entity","EntityDescriptors","ENUM","<init>","CONSTRUCTOR","String, boolean, String, String, String, String, Color, Color","private","","","","","","92"
"main","app/src/main/java/de/mkalb/etpetssim/simulations/etpets/model/entity/EntityDescriptors.java","de.mkalb.etpetssim.simulations.etpets.model.entity","EntityDescriptors","ENUM","descriptorSpec","METHOD","","public","","GridEntityDescriptorSpec","","@Override","","111"
"main","app/src/main/java/de/mkalb/etpetssim/simulations/etpets/model/entity/EtpetsEntity.java","de.mkalb.etpetssim.simulations.etpets.model.entity","EtpetsEntity","INTERFACE","isTerrain","METHOD","","public","","boolean","","","","32"
"main","app/src/main/java/de/mkalb/etpetssim/simulations/etpets/model/entity/EtpetsEntity.java","de.mkalb.etpetssim.simulations.etpets.model.entity","EtpetsEntity","INTERFACE","isResource","METHOD","","public","","boolean","","","","39"
"main","app/src/main/java/de/mkalb/etpetssim/simulations/etpets/model/entity/EtpetsEntity.java","de.mkalb.etpetssim.simulations.etpets.model.entity","EtpetsEntity","INTERFACE","isAgent","METHOD","","public","","boolean","","","","46"
"main","app/src/main/java/de/mkalb/etpetssim/simulations/etpets/model/entity/EtpetsEntity.java","de.mkalb.etpetssim.simulations.etpets.model.entity","EtpetsEntity","INTERFACE","isEmpty","METHOD","","public","","boolean","","","","53"
"main","app/src/main/java/de/mkalb/etpetssim/simulations/etpets/model/entity/EtpetsEntity.java","de.mkalb.etpetssim.simulations.etpets.model.entity","EtpetsEntity","INTERFACE","isNotEmpty","METHOD","","public","default","boolean","","","","60"
"main","app/src/main/java/de/mkalb/etpetssim/simulations/etpets/model/entity/Insect.java","de.mkalb.etpetssim.simulations.etpets.model.entity","Insect","CLASS","<init>","CONSTRUCTOR","double, double, double","public","","","","","","9"
"main","app/src/main/java/de/mkalb/etpetssim/simulations/etpets/model/entity/Insect.java","de.mkalb.etpetssim.simulations.etpets.model.entity","Insect","CLASS","descriptorId","METHOD","","public","","String","","@Override","","13"
"main","app/src/main/java/de/mkalb/etpetssim/simulations/etpets/model/entity/Insect.java","de.mkalb.etpetssim.simulations.etpets.model.entity","Insect","CLASS","consumptionPerAct","METHOD","","protected","","int","","@Override","","18"
"main","app/src/main/java/de/mkalb/etpetssim/simulations/etpets/model/entity/Insect.java","de.mkalb.etpetssim.simulations.etpets.model.entity","Insect","CLASS","energyGainPerAct","METHOD","","public","","int","","@Override","","23"
"main","app/src/main/java/de/mkalb/etpetssim/simulations/etpets/model/entity/Insect.java","de.mkalb.etpetssim.simulations.etpets.model.entity","Insect","CLASS","minAmount","METHOD","","public","","double","","@Override","","28"
"main","app/src/main/java/de/mkalb/etpetssim/simulations/etpets/model/entity/Insect.java","de.mkalb.etpetssim.simulations.etpets.model.entity","Insect","CLASS","toDisplayString","METHOD","","public","","String","","@Override","","33"
"main","app/src/main/java/de/mkalb/etpetssim/simulations/etpets/model/entity/Insect.java","de.mkalb.etpetssim.simulations.etpets.model.entity","Insect","CLASS","toString","METHOD","","public","","String","","@Override","","42"
"main","app/src/main/java/de/mkalb/etpetssim/simulations/etpets/model/entity/NoAgent.java","de.mkalb.etpetssim.simulations.etpets.model.entity","NoAgent","ENUM","descriptorId","METHOD","","public","","String","","@Override","","9"
"main","app/src/main/java/de/mkalb/etpetssim/simulations/etpets/model/entity/NoAgent.java","de.mkalb.etpetssim.simulations.etpets.model.entity","NoAgent","ENUM","isAgent","METHOD","","public","","boolean","","@Override","","14"
"main","app/src/main/java/de/mkalb/etpetssim/simulations/etpets/model/entity/NoAgent.java","de.mkalb.etpetssim.simulations.etpets.model.entity","NoAgent","ENUM","isEmpty","METHOD","","public","","boolean","","@Override","","19"
"main","app/src/main/java/de/mkalb/etpetssim/simulations/etpets/model/entity/NoResource.java","de.mkalb.etpetssim.simulations.etpets.model.entity","NoResource","ENUM","descriptorId","METHOD","","public","","String","","@Override","","9"
"main","app/src/main/java/de/mkalb/etpetssim/simulations/etpets/model/entity/NoResource.java","de.mkalb.etpetssim.simulations.etpets.model.entity","NoResource","ENUM","isResource","METHOD","","public","","boolean","","@Override","","14"
"main","app/src/main/java/de/mkalb/etpetssim/simulations/etpets/model/entity/NoResource.java","de.mkalb.etpetssim.simulations.etpets.model.entity","NoResource","ENUM","isEmpty","METHOD","","public","","boolean","","@Override","","19"
"main","app/src/main/java/de/mkalb/etpetssim/simulations/etpets/model/entity/Pet.java","de.mkalb.etpetssim.simulations.etpets.model.entity","Pet","CLASS","<init>","CONSTRUCTOR","int, Integer, Integer, int, int, int, PetTraits","public","","","","","","22"
"main","app/src/main/java/de/mkalb/etpetssim/simulations/etpets/model/entity/Pet.java","de.mkalb.etpetssim.simulations.etpets.model.entity","Pet","CLASS","descriptorId","METHOD","","public","","String","","@Override","","39"
"main","app/src/main/java/de/mkalb/etpetssim/simulations/etpets/model/entity/Pet.java","de.mkalb.etpetssim.simulations.etpets.model.entity","Pet","CLASS","isAgent","METHOD","","public","","boolean","","@Override","","44"
"main","app/src/main/java/de/mkalb/etpetssim/simulations/etpets/model/entity/Pet.java","de.mkalb.etpetssim.simulations.etpets.model.entity","Pet","CLASS","isEmpty","METHOD","","public","","boolean","","@Override","","49"
"main","app/src/main/java/de/mkalb/etpetssim/simulations/etpets/model/entity/Pet.java","de.mkalb.etpetssim.simulations.etpets.model.entity","Pet","CLASS","id","METHOD","","public","","int","","@Override","","54"
"main","app/src/main/java/de/mkalb/etpetssim/simulations/etpets/model/entity/Pet.java","de.mkalb.etpetssim.simulations.etpets.model.entity","Pet","CLASS","parentAId","METHOD","","public","","Integer","","@Nullable","","59"
"main","app/src/main/java/de/mkalb/etpetssim/simulations/etpets/model/entity/Pet.java","de.mkalb.etpetssim.simulations.etpets.model.entity","Pet","CLASS","parentBId","METHOD","","public","","Integer","","@Nullable","","63"
"main","app/src/main/java/de/mkalb/etpetssim/simulations/etpets/model/entity/Pet.java","de.mkalb.etpetssim.simulations.etpets.model.entity","Pet","CLASS","stepIndexOfBirth","METHOD","","public","","int","","","","67"
"main","app/src/main/java/de/mkalb/etpetssim/simulations/etpets/model/entity/Pet.java","de.mkalb.etpetssim.simulations.etpets.model.entity","Pet","CLASS","traits","METHOD","","public","","PetTraits","","","","71"
"main","app/src/main/java/de/mkalb/etpetssim/simulations/etpets/model/entity/Pet.java","de.mkalb.etpetssim.simulations.etpets.model.entity","Pet","CLASS","traitsGenome","METHOD","","public","","PetGenome","","","","75"
"main","app/src/main/java/de/mkalb/etpetssim/simulations/etpets/model/entity/Pet.java","de.mkalb.etpetssim.simulations.etpets.model.entity","Pet","CLASS","currentEnergy","METHOD","","public","","int","","","","79"
"main","app/src/main/java/de/mkalb/etpetssim/simulations/etpets/model/entity/Pet.java","de.mkalb.etpetssim.simulations.etpets.model.entity","Pet","CLASS","canEat","METHOD","","public","","boolean","","","","83"
"main","app/src/main/java/de/mkalb/etpetssim/simulations/etpets/model/entity/Pet.java","de.mkalb.etpetssim.simulations.etpets.model.entity","Pet","CLASS","ageAtStepIndex","METHOD","int","public","","int","","","","87"
"main","app/src/main/java/de/mkalb/etpetssim/simulations/etpets/model/entity/Pet.java","de.mkalb.etpetssim.simulations.etpets.model.entity","Pet","CLASS","ageAtStepCount","METHOD","int","public","","int","","","","91"
"main","app/src/main/java/de/mkalb/etpetssim/simulations/etpets/model/entity/Pet.java","de.mkalb.etpetssim.simulations.etpets.model.entity","Pet","CLASS","hasReachedAgeingEffectsAge","METHOD","int","public","","boolean","","","","95"
"main","app/src/main/java/de/mkalb/etpetssim/simulations/etpets/model/entity/Pet.java","de.mkalb.etpetssim.simulations.etpets.model.entity","Pet","CLASS","ageingStepsAtStepIndex","METHOD","int","public","","int","","","","99"
"main","app/src/main/java/de/mkalb/etpetssim/simulations/etpets/model/entity/Pet.java","de.mkalb.etpetssim.simulations.etpets.model.entity","Pet","CLASS","changeEnergy","METHOD","int","public","","void","","","","103"
"main","app/src/main/java/de/mkalb/etpetssim/simulations/etpets/model/entity/Pet.java","de.mkalb.etpetssim.simulations.etpets.model.entity","Pet","CLASS","reproductionCooldownRemaining","METHOD","","public","","int","","","","110"
"main","app/src/main/java/de/mkalb/etpetssim/simulations/etpets/model/entity/Pet.java","de.mkalb.etpetssim.simulations.etpets.model.entity","Pet","CLASS","hasCoordinateInMovementHistory","METHOD","GridCoordinate","public","","boolean","","","","114"
"main","app/src/main/java/de/mkalb/etpetssim/simulations/etpets/model/entity/Pet.java","de.mkalb.etpetssim.simulations.etpets.model.entity","Pet","CLASS","lastAction","METHOD","","public","","PetLastAction","","@Nullable","","118"
"main","app/src/main/java/de/mkalb/etpetssim/simulations/etpets/model/entity/Pet.java","de.mkalb.etpetssim.simulations.etpets.model.entity","Pet","CLASS","recordLastAction","METHOD","PetActionType, int","public","","void","","","","122"
"main","app/src/main/java/de/mkalb/etpetssim/simulations/etpets/model/entity/Pet.java","de.mkalb.etpetssim.simulations.etpets.model.entity","Pet","CLASS","recordMoveFrom","METHOD","GridCoordinate","public","","void","","","","126"
"main","app/src/main/java/de/mkalb/etpetssim/simulations/etpets/model/entity/Pet.java","de.mkalb.etpetssim.simulations.etpets.model.entity","Pet","CLASS","tickReproductionCooldown","METHOD","","public","","void","","","","133"
"main","app/src/main/java/de/mkalb/etpetssim/simulations/etpets/model/entity/Pet.java","de.mkalb.etpetssim.simulations.etpets.model.entity","Pet","CLASS","isReproductionEligibleByState","METHOD","int","public","","boolean","","","","140"
"main","app/src/main/java/de/mkalb/etpetssim/simulations/etpets/model/entity/Pet.java","de.mkalb.etpetssim.simulations.etpets.model.entity","Pet","CLASS","resetReproductionCooldown","METHOD","","public","","void","","","","147"
"main","app/src/main/java/de/mkalb/etpetssim/simulations/etpets/model/entity/Pet.java","de.mkalb.etpetssim.simulations.etpets.model.entity","Pet","CLASS","isDead","METHOD","","public","","boolean","","","","151"
"main","app/src/main/java/de/mkalb/etpetssim/simulations/etpets/model/entity/Pet.java","de.mkalb.etpetssim.simulations.etpets.model.entity","Pet","CLASS","die","METHOD","","public","","void","","","","155"
"main","app/src/main/java/de/mkalb/etpetssim/simulations/etpets/model/entity/Pet.java","de.mkalb.etpetssim.simulations.etpets.model.entity","Pet","CLASS","toDisplayString","METHOD","","public","","String","","@Override","","159"
"main","app/src/main/java/de/mkalb/etpetssim/simulations/etpets/model/entity/Pet.java","de.mkalb.etpetssim.simulations.etpets.model.entity","Pet","CLASS","toString","METHOD","","public","","String","","@Override","","173"
"main","app/src/main/java/de/mkalb/etpetssim/simulations/etpets/model/entity/PetEgg.java","de.mkalb.etpetssim.simulations.etpets.model.entity","PetEgg","CLASS","<init>","CONSTRUCTOR","int, int, int, PetGenome, int, int","public","","","","","","14"
"main","app/src/main/java/de/mkalb/etpetssim/simulations/etpets/model/entity/PetEgg.java","de.mkalb.etpetssim.simulations.etpets.model.entity","PetEgg","CLASS","descriptorId","METHOD","","public","","String","","@Override","","28"
"main","app/src/main/java/de/mkalb/etpetssim/simulations/etpets/model/entity/PetEgg.java","de.mkalb.etpetssim.simulations.etpets.model.entity","PetEgg","CLASS","isAgent","METHOD","","public","","boolean","","@Override","","33"
"main","app/src/main/java/de/mkalb/etpetssim/simulations/etpets/model/entity/PetEgg.java","de.mkalb.etpetssim.simulations.etpets.model.entity","PetEgg","CLASS","isEmpty","METHOD","","public","","boolean","","@Override","","38"
"main","app/src/main/java/de/mkalb/etpetssim/simulations/etpets/model/entity/PetEgg.java","de.mkalb.etpetssim.simulations.etpets.model.entity","PetEgg","CLASS","id","METHOD","","public","","int","","@Override","","43"
"main","app/src/main/java/de/mkalb/etpetssim/simulations/etpets/model/entity/PetEgg.java","de.mkalb.etpetssim.simulations.etpets.model.entity","PetEgg","CLASS","parentAId","METHOD","","public","","int","","","","48"
"main","app/src/main/java/de/mkalb/etpetssim/simulations/etpets/model/entity/PetEgg.java","de.mkalb.etpetssim.simulations.etpets.model.entity","PetEgg","CLASS","parentBId","METHOD","","public","","int","","","","52"
"main","app/src/main/java/de/mkalb/etpetssim/simulations/etpets/model/entity/PetEgg.java","de.mkalb.etpetssim.simulations.etpets.model.entity","PetEgg","CLASS","petGenome","METHOD","","public","","PetGenome","","","","56"
"main","app/src/main/java/de/mkalb/etpetssim/simulations/etpets/model/entity/PetEgg.java","de.mkalb.etpetssim.simulations.etpets.model.entity","PetEgg","CLASS","stepIndexOfLaying","METHOD","","public","","int","","","","60"
"main","app/src/main/java/de/mkalb/etpetssim/simulations/etpets/model/entity/PetEgg.java","de.mkalb.etpetssim.simulations.etpets.model.entity","PetEgg","CLASS","incubationRemaining","METHOD","","public","","int","","","","64"
"main","app/src/main/java/de/mkalb/etpetssim/simulations/etpets/model/entity/PetEgg.java","de.mkalb.etpetssim.simulations.etpets.model.entity","PetEgg","CLASS","decrementIncubationRemaining","METHOD","","public","","void","","","","68"
"main","app/src/main/java/de/mkalb/etpetssim/simulations/etpets/model/entity/PetEgg.java","de.mkalb.etpetssim.simulations.etpets.model.entity","PetEgg","CLASS","toDisplayString","METHOD","","public","","String","","@Override","","72"
"main","app/src/main/java/de/mkalb/etpetssim/simulations/etpets/model/entity/PetEgg.java","de.mkalb.etpetssim.simulations.etpets.model.entity","PetEgg","CLASS","toString","METHOD","","public","","String","","@Override","","81"
"main","app/src/main/java/de/mkalb/etpetssim/simulations/etpets/model/entity/PetGenome.java","de.mkalb.etpetssim.simulations.etpets.model.entity","PetGenome","RECORD","fromParents","METHOD","PetGenome, PetGenome, Random, double, double","public","static","PetGenome","","@SuppressWarnings(""MagicNumber"")","","24"
"main","app/src/main/java/de/mkalb/etpetssim/simulations/etpets/model/entity/PetGenome.java","de.mkalb.etpetssim.simulations.etpets.model.entity","PetGenome","RECORD","mutate","METHOD","double, Random, double, double","private","static","double","","","","58"
"main","app/src/main/java/de/mkalb/etpetssim/simulations/etpets/model/entity/PetTraits.java","de.mkalb.etpetssim.simulations.etpets.model.entity","PetTraits","RECORD","normalize","METHOD","double, double, double","private","static","double","","","","19"
"main","app/src/main/java/de/mkalb/etpetssim/simulations/etpets/model/entity/PetTraits.java","de.mkalb.etpetssim.simulations.etpets.model.entity","PetTraits","RECORD","genomeQualityScore","METHOD","","public","","double","","@SuppressWarnings(""MagicNumber"")","","28"
"main","app/src/main/java/de/mkalb/etpetssim/simulations/etpets/model/entity/Plant.java","de.mkalb.etpetssim.simulations.etpets.model.entity","Plant","CLASS","<init>","CONSTRUCTOR","double, double, double","public","","","","","","9"
"main","app/src/main/java/de/mkalb/etpetssim/simulations/etpets/model/entity/Plant.java","de.mkalb.etpetssim.simulations.etpets.model.entity","Plant","CLASS","descriptorId","METHOD","","public","","String","","@Override","","13"
"main","app/src/main/java/de/mkalb/etpetssim/simulations/etpets/model/entity/Plant.java","de.mkalb.etpetssim.simulations.etpets.model.entity","Plant","CLASS","consumptionPerAct","METHOD","","protected","","int","","@Override","","18"
"main","app/src/main/java/de/mkalb/etpetssim/simulations/etpets/model/entity/Plant.java","de.mkalb.etpetssim.simulations.etpets.model.entity","Plant","CLASS","energyGainPerAct","METHOD","","public","","int","","@Override","","23"
"main","app/src/main/java/de/mkalb/etpetssim/simulations/etpets/model/entity/Plant.java","de.mkalb.etpetssim.simulations.etpets.model.entity","Plant","CLASS","minAmount","METHOD","","public","","double","","@Override","","28"
"main","app/src/main/java/de/mkalb/etpetssim/simulations/etpets/model/entity/Plant.java","de.mkalb.etpetssim.simulations.etpets.model.entity","Plant","CLASS","toDisplayString","METHOD","","public","","String","","@Override","","33"
"main","app/src/main/java/de/mkalb/etpetssim/simulations/etpets/model/entity/Plant.java","de.mkalb.etpetssim.simulations.etpets.model.entity","Plant","CLASS","toString","METHOD","","public","","String","","@Override","","42"
"main","app/src/main/java/de/mkalb/etpetssim/simulations/etpets/model/entity/ResourceBase.java","de.mkalb.etpetssim.simulations.etpets.model.entity","ResourceBase","CLASS","<init>","CONSTRUCTOR","double, double, double","protected","","","","","","10"
"main","app/src/main/java/de/mkalb/etpetssim/simulations/etpets/model/entity/ResourceBase.java","de.mkalb.etpetssim.simulations.etpets.model.entity","ResourceBase","CLASS","isResource","METHOD","","public","final","boolean","","@Override","","16"
"main","app/src/main/java/de/mkalb/etpetssim/simulations/etpets/model/entity/ResourceBase.java","de.mkalb.etpetssim.simulations.etpets.model.entity","ResourceBase","CLASS","isEmpty","METHOD","","public","final","boolean","","@Override","","21"
"main","app/src/main/java/de/mkalb/etpetssim/simulations/etpets/model/entity/ResourceBase.java","de.mkalb.etpetssim.simulations.etpets.model.entity","ResourceBase","CLASS","currentAmount","METHOD","","public","final","double","","","","26"
"main","app/src/main/java/de/mkalb/etpetssim/simulations/etpets/model/entity/ResourceBase.java","de.mkalb.etpetssim.simulations.etpets.model.entity","ResourceBase","CLASS","maxAmount","METHOD","","public","final","double","","","","30"
"main","app/src/main/java/de/mkalb/etpetssim/simulations/etpets/model/entity/ResourceBase.java","de.mkalb.etpetssim.simulations.etpets.model.entity","ResourceBase","CLASS","regenerationPerStep","METHOD","","public","final","double","","","","34"
"main","app/src/main/java/de/mkalb/etpetssim/simulations/etpets/model/entity/ResourceBase.java","de.mkalb.etpetssim.simulations.etpets.model.entity","ResourceBase","CLASS","canConsume","METHOD","","public","final","boolean","","","","38"
"main","app/src/main/java/de/mkalb/etpetssim/simulations/etpets/model/entity/ResourceBase.java","de.mkalb.etpetssim.simulations.etpets.model.entity","ResourceBase","CLASS","consume","METHOD","","public","final","void","","","","42"
"main","app/src/main/java/de/mkalb/etpetssim/simulations/etpets/model/entity/ResourceBase.java","de.mkalb.etpetssim.simulations.etpets.model.entity","ResourceBase","CLASS","regenerate","METHOD","","public","final","void","","","","46"
"main","app/src/main/java/de/mkalb/etpetssim/simulations/etpets/model/entity/ResourceBase.java","de.mkalb.etpetssim.simulations.etpets.model.entity","ResourceBase","CLASS","consumptionPerAct","METHOD","","protected","abstract","int","","","","50"
"main","app/src/main/java/de/mkalb/etpetssim/simulations/etpets/model/entity/ResourceBase.java","de.mkalb.etpetssim.simulations.etpets.model.entity","ResourceBase","CLASS","energyGainPerAct","METHOD","","public","abstract","int","","","","52"
"main","app/src/main/java/de/mkalb/etpetssim/simulations/etpets/model/entity/ResourceBase.java","de.mkalb.etpetssim.simulations.etpets.model.entity","ResourceBase","CLASS","minAmount","METHOD","","public","abstract","double","","","","54"
"main","app/src/main/java/de/mkalb/etpetssim/simulations/etpets/model/entity/ResourceEntity.java","de.mkalb.etpetssim.simulations.etpets.model.entity","ResourceEntity","INTERFACE","isTerrain","METHOD","","public","default","boolean","","@Override","","9"
"main","app/src/main/java/de/mkalb/etpetssim/simulations/etpets/model/entity/ResourceEntity.java","de.mkalb.etpetssim.simulations.etpets.model.entity","ResourceEntity","INTERFACE","isAgent","METHOD","","public","default","boolean","","@Override","","14"
"main","app/src/main/java/de/mkalb/etpetssim/simulations/etpets/model/entity/TerrainConstant.java","de.mkalb.etpetssim.simulations.etpets.model.entity","TerrainConstant","ENUM","<init>","CONSTRUCTOR","String","private","","","","","","13"
"main","app/src/main/java/de/mkalb/etpetssim/simulations/etpets/model/entity/TerrainConstant.java","de.mkalb.etpetssim.simulations.etpets.model.entity","TerrainConstant","ENUM","descriptorId","METHOD","","public","","String","","@Override","","17"
"main","app/src/main/java/de/mkalb/etpetssim/simulations/etpets/model/entity/TerrainConstant.java","de.mkalb.etpetssim.simulations.etpets.model.entity","TerrainConstant","ENUM","isWalkable","METHOD","","public","","boolean","","@Override","","22"
"main","app/src/main/java/de/mkalb/etpetssim/simulations/etpets/model/entity/TerrainEntity.java","de.mkalb.etpetssim.simulations.etpets.model.entity","TerrainEntity","INTERFACE","isTerrain","METHOD","","public","default","boolean","","@Override","","9"
"main","app/src/main/java/de/mkalb/etpetssim/simulations/etpets/model/entity/TerrainEntity.java","de.mkalb.etpetssim.simulations.etpets.model.entity","TerrainEntity","INTERFACE","isResource","METHOD","","public","default","boolean","","@Override","","14"
"main","app/src/main/java/de/mkalb/etpetssim/simulations/etpets/model/entity/TerrainEntity.java","de.mkalb.etpetssim.simulations.etpets.model.entity","TerrainEntity","INTERFACE","isAgent","METHOD","","public","default","boolean","","@Override","","19"
"main","app/src/main/java/de/mkalb/etpetssim/simulations/etpets/model/entity/TerrainEntity.java","de.mkalb.etpetssim.simulations.etpets.model.entity","TerrainEntity","INTERFACE","isEmpty","METHOD","","public","default","boolean","","@Override","","24"
"main","app/src/main/java/de/mkalb/etpetssim/simulations/etpets/model/entity/TerrainEntity.java","de.mkalb.etpetssim.simulations.etpets.model.entity","TerrainEntity","INTERFACE","isWalkable","METHOD","","public","","boolean","","","","34"
"main","app/src/main/java/de/mkalb/etpetssim/simulations/etpets/model/entity/Trail.java","de.mkalb.etpetssim.simulations.etpets.model.entity","Trail","CLASS","<init>","CONSTRUCTOR","int","public","","","","","","11"
"main","app/src/main/java/de/mkalb/etpetssim/simulations/etpets/model/entity/Trail.java","de.mkalb.etpetssim.simulations.etpets.model.entity","Trail","CLASS","descriptorId","METHOD","","public","","String","","@Override","","15"
"main","app/src/main/java/de/mkalb/etpetssim/simulations/etpets/model/entity/Trail.java","de.mkalb.etpetssim.simulations.etpets.model.entity","Trail","CLASS","isWalkable","METHOD","","public","","boolean","","@Override","","20"
"main","app/src/main/java/de/mkalb/etpetssim/simulations/etpets/model/entity/Trail.java","de.mkalb.etpetssim.simulations.etpets.model.entity","Trail","CLASS","intensity","METHOD","","public","","int","","","","25"
"main","app/src/main/java/de/mkalb/etpetssim/simulations/etpets/model/entity/Trail.java","de.mkalb.etpetssim.simulations.etpets.model.entity","Trail","CLASS","incrementIntensity","METHOD","int","public","","void","","","","29"
"main","app/src/main/java/de/mkalb/etpetssim/simulations/etpets/model/entity/Trail.java","de.mkalb.etpetssim.simulations.etpets.model.entity","Trail","CLASS","decrementIntensity","METHOD","int","public","","void","","","","33"
"main","app/src/main/java/de/mkalb/etpetssim/simulations/etpets/model/entity/Trail.java","de.mkalb.etpetssim.simulations.etpets.model.entity","Trail","CLASS","toDisplayString","METHOD","","public","","String","","@Override","","37"
"main","app/src/main/java/de/mkalb/etpetssim/simulations/etpets/model/entity/Trail.java","de.mkalb.etpetssim.simulations.etpets.model.entity","Trail","CLASS","toString","METHOD","","public","","String","","@Override","","43"
"main","app/src/main/java/de/mkalb/etpetssim/simulations/etpets/shared/EtpetsResourceChoice.java","de.mkalb.etpetssim.simulations.etpets.shared","EtpetsResourceChoice","ENUM","<init>","CONSTRUCTOR","String, String","private","","","","","","14"
"main","app/src/main/java/de/mkalb/etpetssim/simulations/etpets/shared/EtpetsResourceChoice.java","de.mkalb.etpetssim.simulations.etpets.shared","EtpetsResourceChoice","ENUM","choiceId","METHOD","","public","","String","","","","20"
"main","app/src/main/java/de/mkalb/etpetssim/simulations/etpets/shared/EtpetsResourceChoice.java","de.mkalb.etpetssim.simulations.etpets.shared","EtpetsResourceChoice","ENUM","labelKey","METHOD","","public","","String","","","","24"
"main","app/src/main/java/de/mkalb/etpetssim/simulations/etpets/shared/EtpetsTerrainChoice.java","de.mkalb.etpetssim.simulations.etpets.shared","EtpetsTerrainChoice","ENUM","<init>","CONSTRUCTOR","String, String","private","","","","","","14"
"main","app/src/main/java/de/mkalb/etpetssim/simulations/etpets/shared/EtpetsTerrainChoice.java","de.mkalb.etpetssim.simulations.etpets.shared","EtpetsTerrainChoice","ENUM","choiceId","METHOD","","public","","String","","","","20"
"main","app/src/main/java/de/mkalb/etpetssim/simulations/etpets/shared/EtpetsTerrainChoice.java","de.mkalb.etpetssim.simulations.etpets.shared","EtpetsTerrainChoice","ENUM","labelKey","METHOD","","public","","String","","","","24"
"main","app/src/main/java/de/mkalb/etpetssim/simulations/etpets/view/EtpetsConfigView.java","de.mkalb.etpetssim.simulations.etpets.view","EtpetsConfigView","CLASS","<init>","CONSTRUCTOR","EtpetsConfigViewModel","public","","","","","","25"
"main","app/src/main/java/de/mkalb/etpetssim/simulations/etpets/view/EtpetsConfigView.java","de.mkalb.etpetssim.simulations.etpets.view","EtpetsConfigView","CLASS","buildConfigRegion","METHOD","","public","","Region","","@Override","","29"
"main","app/src/main/java/de/mkalb/etpetssim/simulations/etpets/view/EtpetsMainView.java","de.mkalb.etpetssim.simulations.etpets.view","EtpetsMainView","CLASS","<init>","CONSTRUCTOR","DefaultMainViewModel<EtpetsEntity, EtpetsCell, EtpetsGridModel, EtpetsConfig, EtpetsStatistics, EtpetsSimulationManager, EtpetsUserActionContext>, EtpetsEditToolBarViewModel, GridEntityDescriptorRegistry, EtpetsConfigView, DefaultControlView, EtpetsObservationView","public","","","","","","73"
"main","app/src/main/java/de/mkalb/etpetssim/simulations/etpets/view/EtpetsMainView.java","de.mkalb.etpetssim.simulations.etpets.view","EtpetsMainView","CLASS","initSimulation","METHOD","EtpetsConfig, CellDimension, EtpetsGridModel","protected","","void","","@Override","","93"
"main","app/src/main/java/de/mkalb/etpetssim/simulations/etpets/view/EtpetsMainView.java","de.mkalb.etpetssim.simulations.etpets.view","EtpetsMainView","CLASS","minByDescriptorId","METHOD","String","private","","int","","","","185"
"main","app/src/main/java/de/mkalb/etpetssim/simulations/etpets/view/EtpetsMainView.java","de.mkalb.etpetssim.simulations.etpets.view","EtpetsMainView","CLASS","maxByDescriptorId","METHOD","String","private","","int","","","","196"
"main","app/src/main/java/de/mkalb/etpetssim/simulations/etpets/view/EtpetsMainView.java","de.mkalb.etpetssim.simulations.etpets.view","EtpetsMainView","CLASS","normalizeDoubleValueForMapRange","METHOD","double, int, int","private","","int","","","","207"
"main","app/src/main/java/de/mkalb/etpetssim/simulations/etpets/view/EtpetsMainView.java","de.mkalb.etpetssim.simulations.etpets.view","EtpetsMainView","CLASS","normalizeIntValueForMapRange","METHOD","int, int, int","private","","int","","","","220"
"main","app/src/main/java/de/mkalb/etpetssim/simulations/etpets/view/EtpetsMainView.java","de.mkalb.etpetssim.simulations.etpets.view","EtpetsMainView","CLASS","resolveTerrainFillColor","METHOD","GridEntityDescriptor, TerrainEntity","private","","Color","","","","226"
"main","app/src/main/java/de/mkalb/etpetssim/simulations/etpets/view/EtpetsMainView.java","de.mkalb.etpetssim.simulations.etpets.view","EtpetsMainView","CLASS","resolveResourceFillColor","METHOD","GridEntityDescriptor, ResourceEntity","private","","Color","","","","244"
"main","app/src/main/java/de/mkalb/etpetssim/simulations/etpets/view/EtpetsMainView.java","de.mkalb.etpetssim.simulations.etpets.view","EtpetsMainView","CLASS","resolveAgentFillColor","METHOD","GridEntityDescriptor, AgentEntity","private","","Color","","","","262"
"main","app/src/main/java/de/mkalb/etpetssim/simulations/etpets/view/EtpetsMainView.java","de.mkalb.etpetssim.simulations.etpets.view","EtpetsMainView","CLASS","handleGridCellSelected","METHOD","FXGridCanvasPainter, EtpetsCell, EtpetsCell","protected","","void","","@Override","","284"
"main","app/src/main/java/de/mkalb/etpetssim/simulations/etpets/view/EtpetsMainView.java","de.mkalb.etpetssim.simulations.etpets.view","EtpetsMainView","CLASS","drawSimulation","METHOD","EtpetsGridModel, int, int","protected","","void","","@Override","","298"
"main","app/src/main/java/de/mkalb/etpetssim/simulations/etpets/view/EtpetsMainView.java","de.mkalb.etpetssim.simulations.etpets.view","EtpetsMainView","CLASS","createUserActionDescriptors","METHOD","","protected","","List<SimulationUserActionDescriptor<EtpetsUserActionContext>>","","@Override","","347"
"main","app/src/main/java/de/mkalb/etpetssim/simulations/etpets/view/EtpetsMainView.java","de.mkalb.etpetssim.simulations.etpets.view","EtpetsMainView","CLASS","createEditToolBarOptionPanel","METHOD","ObjectProperty<String>","protected","","Node","","@Override","","367"
"main","app/src/main/java/de/mkalb/etpetssim/simulations/etpets/view/EtpetsMainView.java","de.mkalb.etpetssim.simulations.etpets.view","EtpetsMainView","CLASS","createTerrainOptionBox","METHOD","ObjectProperty<String>","private","","HBox","","","","377"
"main","app/src/main/java/de/mkalb/etpetssim/simulations/etpets/view/EtpetsMainView.java","de.mkalb.etpetssim.simulations.etpets.view","EtpetsMainView","CLASS","createResourceOptionBox","METHOD","ObjectProperty<String>","private","","HBox","","","","442"
"main","app/src/main/java/de/mkalb/etpetssim/simulations/etpets/view/EtpetsMainView.java","de.mkalb.etpetssim.simulations.etpets.view","EtpetsMainView","CLASS","createTerrainChoiceCell","METHOD","","private","","ListCell<EtpetsTerrainChoice>","","","","507"
"main","app/src/main/java/de/mkalb/etpetssim/simulations/etpets/view/EtpetsMainView.java","de.mkalb.etpetssim.simulations.etpets.view","EtpetsMainView","CLASS","createResourceChoiceCell","METHOD","","private","","ListCell<EtpetsResourceChoice>","","","","523"
"main","app/src/main/java/de/mkalb/etpetssim/simulations/etpets/view/EtpetsObservationView.java","de.mkalb.etpetssim.simulations.etpets.view","EtpetsObservationView","CLASS","<init>","CONSTRUCTOR","DefaultObservationViewModel<EtpetsEntity, EtpetsCell, EtpetsStatistics>, GridEntityDescriptorRegistry","public","","","","","","20"
"main","app/src/main/java/de/mkalb/etpetssim/simulations/etpets/view/EtpetsObservationView.java","de.mkalb.etpetssim.simulations.etpets.view","EtpetsObservationView","CLASS","onSelectedCellChanged","METHOD","EtpetsCell","protected","","void","","@Override","","27"
"main","app/src/main/java/de/mkalb/etpetssim/simulations/etpets/view/EtpetsObservationView.java","de.mkalb.etpetssim.simulations.etpets.view","EtpetsObservationView","CLASS","buildObservationRegion","METHOD","","public","","Region","","@Override","","33"
"main","app/src/main/java/de/mkalb/etpetssim/simulations/etpets/view/EtpetsObservationView.java","de.mkalb.etpetssim.simulations.etpets.view","EtpetsObservationView","CLASS","updateObservationLabels","METHOD","","protected","","void","","@Override","","52"
"main","app/src/main/java/de/mkalb/etpetssim/simulations/etpets/viewmodel/EtpetsConfigViewModel.java","de.mkalb.etpetssim.simulations.etpets.viewmodel","EtpetsConfigViewModel","CLASS","<init>","CONSTRUCTOR","ReadOnlyObjectProperty<SimulationState>","public","","","","","","60"
"main","app/src/main/java/de/mkalb/etpetssim/simulations/etpets/viewmodel/EtpetsConfigViewModel.java","de.mkalb.etpetssim.simulations.etpets.viewmodel","EtpetsConfigViewModel","CLASS","getConfig","METHOD","","public","","EtpetsConfig","","@Override","","72"
"main","app/src/main/java/de/mkalb/etpetssim/simulations/etpets/viewmodel/EtpetsConfigViewModel.java","de.mkalb.etpetssim.simulations.etpets.viewmodel","EtpetsConfigViewModel","CLASS","rockPercentProperty","METHOD","","public","","InputDoubleProperty","","","","91"
"main","app/src/main/java/de/mkalb/etpetssim/simulations/etpets/viewmodel/EtpetsConfigViewModel.java","de.mkalb.etpetssim.simulations.etpets.viewmodel","EtpetsConfigViewModel","CLASS","waterPercentProperty","METHOD","","public","","InputDoubleProperty","","","","95"
"main","app/src/main/java/de/mkalb/etpetssim/simulations/etpets/viewmodel/EtpetsConfigViewModel.java","de.mkalb.etpetssim.simulations.etpets.viewmodel","EtpetsConfigViewModel","CLASS","plantPercentProperty","METHOD","","public","","InputDoubleProperty","","","","99"
"main","app/src/main/java/de/mkalb/etpetssim/simulations/etpets/viewmodel/EtpetsConfigViewModel.java","de.mkalb.etpetssim.simulations.etpets.viewmodel","EtpetsConfigViewModel","CLASS","insectPercentProperty","METHOD","","public","","InputDoubleProperty","","","","103"
"main","app/src/main/java/de/mkalb/etpetssim/simulations/etpets/viewmodel/EtpetsConfigViewModel.java","de.mkalb.etpetssim.simulations.etpets.viewmodel","EtpetsConfigViewModel","CLASS","petCountProperty","METHOD","","public","","InputIntegerProperty","","","","107"
"main","app/src/main/java/de/mkalb/etpetssim/simulations/etpets/viewmodel/EtpetsEditToolBarViewModel.java","de.mkalb.etpetssim.simulations.etpets.viewmodel","EtpetsEditToolBarViewModel","CLASS","<init>","CONSTRUCTOR","","public","","","","","","19"
"main","app/src/main/java/de/mkalb/etpetssim/simulations/etpets/viewmodel/EtpetsEditToolBarViewModel.java","de.mkalb.etpetssim.simulations.etpets.viewmodel","EtpetsEditToolBarViewModel","CLASS","availableTerrainChoices","METHOD","","public","","ObservableList<EtpetsTerrainChoice>","","","","24"
"main","app/src/main/java/de/mkalb/etpetssim/simulations/etpets/viewmodel/EtpetsEditToolBarViewModel.java","de.mkalb.etpetssim.simulations.etpets.viewmodel","EtpetsEditToolBarViewModel","CLASS","availableResourceChoices","METHOD","","public","","ObservableList<EtpetsResourceChoice>","","","","28"
"main","app/src/main/java/de/mkalb/etpetssim/simulations/etpets/viewmodel/EtpetsEditToolBarViewModel.java","de.mkalb.etpetssim.simulations.etpets.viewmodel","EtpetsEditToolBarViewModel","CLASS","selectedTerrainChoiceProperty","METHOD","","public","","ObjectProperty<@Nullable EtpetsTerrainChoice>","","","","32"
"main","app/src/main/java/de/mkalb/etpetssim/simulations/etpets/viewmodel/EtpetsEditToolBarViewModel.java","de.mkalb.etpetssim.simulations.etpets.viewmodel","EtpetsEditToolBarViewModel","CLASS","selectedResourceChoiceProperty","METHOD","","public","","ObjectProperty<@Nullable EtpetsResourceChoice>","","","","36"
"main","app/src/main/java/de/mkalb/etpetssim/simulations/etpets/viewmodel/EtpetsEditToolBarViewModel.java","de.mkalb.etpetssim.simulations.etpets.viewmodel","EtpetsEditToolBarViewModel","CLASS","getSelectedTerrainChoice","METHOD","","public","","EtpetsTerrainChoice","","@Nullable","","40"
"main","app/src/main/java/de/mkalb/etpetssim/simulations/etpets/viewmodel/EtpetsEditToolBarViewModel.java","de.mkalb.etpetssim.simulations.etpets.viewmodel","EtpetsEditToolBarViewModel","CLASS","setSelectedTerrainChoice","METHOD","EtpetsTerrainChoice","public","","void","","","","44"
"main","app/src/main/java/de/mkalb/etpetssim/simulations/etpets/viewmodel/EtpetsEditToolBarViewModel.java","de.mkalb.etpetssim.simulations.etpets.viewmodel","EtpetsEditToolBarViewModel","CLASS","getSelectedResourceChoice","METHOD","","public","","EtpetsResourceChoice","","@Nullable","","50"
"main","app/src/main/java/de/mkalb/etpetssim/simulations/etpets/viewmodel/EtpetsEditToolBarViewModel.java","de.mkalb.etpetssim.simulations.etpets.viewmodel","EtpetsEditToolBarViewModel","CLASS","setSelectedResourceChoice","METHOD","EtpetsResourceChoice","public","","void","","","","54"
"main","app/src/main/java/de/mkalb/etpetssim/simulations/etpets/viewmodel/EtpetsEditToolBarViewModel.java","de.mkalb.etpetssim.simulations.etpets.viewmodel","EtpetsEditToolBarViewModel","CLASS","resolveSelectedTerrainContext","METHOD","","public","","Optional<EtpetsUserActionContext.SetTerrain>","","","","60"
"main","app/src/main/java/de/mkalb/etpetssim/simulations/etpets/viewmodel/EtpetsEditToolBarViewModel.java","de.mkalb.etpetssim.simulations.etpets.viewmodel","EtpetsEditToolBarViewModel","CLASS","resolveSelectedResourceContext","METHOD","","public","","Optional<EtpetsUserActionContext.SetResource>","","","","68"
"main","app/src/main/java/de/mkalb/etpetssim/simulations/etpets/viewmodel/EtpetsEditToolBarViewModel.java","de.mkalb.etpetssim.simulations.etpets.viewmodel","EtpetsEditToolBarViewModel","CLASS","containsTerrainChoiceId","METHOD","String","private","","boolean","","","","76"
"main","app/src/main/java/de/mkalb/etpetssim/simulations/etpets/viewmodel/EtpetsEditToolBarViewModel.java","de.mkalb.etpetssim.simulations.etpets.viewmodel","EtpetsEditToolBarViewModel","CLASS","containsResourceChoiceId","METHOD","String","private","","boolean","","","","82"
"main","app/src/main/java/de/mkalb/etpetssim/simulations/forest/ForestFactory.java","de.mkalb.etpetssim.simulations.forest","ForestFactory","CLASS","<init>","CONSTRUCTOR","","private","","","","","","19"
"main","app/src/main/java/de/mkalb/etpetssim/simulations/forest/ForestFactory.java","de.mkalb.etpetssim.simulations.forest","ForestFactory","CLASS","createMainView","METHOD","","public","static","SimulationMainView","","@SuppressWarnings(""UnnecessaryLocalVariable"")","","22"
"main","app/src/main/java/de/mkalb/etpetssim/simulations/forest/model/ForestConfig.java","de.mkalb.etpetssim.simulations.forest.model","ForestConfig","RECORD","hasValidRanges","METHOD","","private","","boolean","","","","43"
"main","app/src/main/java/de/mkalb/etpetssim/simulations/forest/model/ForestConfig.java","de.mkalb.etpetssim.simulations.forest.model","ForestConfig","RECORD","isValid","METHOD","","public","","boolean","","@Override","","54"
"main","app/src/main/java/de/mkalb/etpetssim/simulations/forest/model/ForestConstraints.java","de.mkalb.etpetssim.simulations.forest.model","ForestConstraints","CLASS","<init>","CONSTRUCTOR","","private","","","","","","65"
"main","app/src/main/java/de/mkalb/etpetssim/simulations/forest/model/ForestSimulationManager.java","de.mkalb.etpetssim.simulations.forest.model","ForestSimulationManager","CLASS","<init>","CONSTRUCTOR","ForestConfig","public","","","","","","20"
"main","app/src/main/java/de/mkalb/etpetssim/simulations/forest/model/ForestSimulationManager.java","de.mkalb.etpetssim.simulations.forest.model","ForestSimulationManager","CLASS","<init>","CONSTRUCTOR","ForestConfig, SimulationInitializationCancellation","public","","","","","","24"
"main","app/src/main/java/de/mkalb/etpetssim/simulations/forest/model/ForestSimulationManager.java","de.mkalb.etpetssim.simulations.forest.model","ForestSimulationManager","CLASS","initializeGrid","METHOD","ForestConfig, WritableGridModel<ForestEntity>, Random, SimulationInitializationCancellation","private","","void","","","","43"
"main","app/src/main/java/de/mkalb/etpetssim/simulations/forest/model/ForestSimulationManager.java","de.mkalb.etpetssim.simulations.forest.model","ForestSimulationManager","CLASS","structure","METHOD","","public","","GridStructure","","@Override","","56"
"main","app/src/main/java/de/mkalb/etpetssim/simulations/forest/model/ForestSimulationManager.java","de.mkalb.etpetssim.simulations.forest.model","ForestSimulationManager","CLASS","statistics","METHOD","","public","","ForestStatistics","","@Override","","61"
"main","app/src/main/java/de/mkalb/etpetssim/simulations/forest/model/ForestSimulationManager.java","de.mkalb.etpetssim.simulations.forest.model","ForestSimulationManager","CLASS","updateStatistics","METHOD","","protected","","void","","@Override","","66"
"main","app/src/main/java/de/mkalb/etpetssim/simulations/forest/model/ForestSimulationManager.java","de.mkalb.etpetssim.simulations.forest.model","ForestSimulationManager","CLASS","initializeStatistics","METHOD","ReadableGridModel<ForestEntity>","private","","void","","","","73"
"main","app/src/main/java/de/mkalb/etpetssim/simulations/forest/model/ForestSimulationManager.java","de.mkalb.etpetssim.simulations.forest.model","ForestSimulationManager","CLASS","executor","METHOD","","protected","","TimedSimulationExecutor<ForestEntity, WritableGridModel<ForestEntity>>","","@Override","","78"
"main","app/src/main/java/de/mkalb/etpetssim/simulations/forest/model/ForestStatistics.java","de.mkalb.etpetssim.simulations.forest.model","ForestStatistics","CLASS","<init>","CONSTRUCTOR","GridStructure","public","","","","","","26"
"main","app/src/main/java/de/mkalb/etpetssim/simulations/forest/model/ForestStatistics.java","de.mkalb.etpetssim.simulations.forest.model","ForestStatistics","CLASS","metrics","METHOD","","public","static","List<StatisticMetric<ForestStatistics>>","","","","33"
"main","app/src/main/java/de/mkalb/etpetssim/simulations/forest/model/ForestStatistics.java","de.mkalb.etpetssim.simulations.forest.model","ForestStatistics","CLASS","initializeStartupCellCounts","METHOD","int","package-private","","void","","","","47"
"main","app/src/main/java/de/mkalb/etpetssim/simulations/forest/model/ForestStatistics.java","de.mkalb.etpetssim.simulations.forest.model","ForestStatistics","CLASS","updateCellCounts","METHOD","int, int","package-private","","void","","","","52"
"main","app/src/main/java/de/mkalb/etpetssim/simulations/forest/model/ForestStatistics.java","de.mkalb.etpetssim.simulations.forest.model","ForestStatistics","CLASS","getEmptyCells","METHOD","","public","","int","","","","58"
"main","app/src/main/java/de/mkalb/etpetssim/simulations/forest/model/ForestStatistics.java","de.mkalb.etpetssim.simulations.forest.model","ForestStatistics","CLASS","getTreeCells","METHOD","","public","","int","","","","62"
"main","app/src/main/java/de/mkalb/etpetssim/simulations/forest/model/ForestStatistics.java","de.mkalb.etpetssim.simulations.forest.model","ForestStatistics","CLASS","getBurningCells","METHOD","","public","","int","","","","66"
"main","app/src/main/java/de/mkalb/etpetssim/simulations/forest/model/ForestStatistics.java","de.mkalb.etpetssim.simulations.forest.model","ForestStatistics","CLASS","toString","METHOD","","public","","String","","@Override","","70"
"main","app/src/main/java/de/mkalb/etpetssim/simulations/forest/model/ForestTerminationCondition.java","de.mkalb.etpetssim.simulations.forest.model","ForestTerminationCondition","CLASS","isFinished","METHOD","ReadableGridModel<ForestEntity>, int, ForestStatistics","public","","boolean","","@Override","","10"
"main","app/src/main/java/de/mkalb/etpetssim/simulations/forest/model/ForestUpdateStrategy.java","de.mkalb.etpetssim.simulations.forest.model","ForestUpdateStrategy","CLASS","<init>","CONSTRUCTOR","GridStructure, ForestConfig, Random","public","","","","","","17"
"main","app/src/main/java/de/mkalb/etpetssim/simulations/forest/model/ForestUpdateStrategy.java","de.mkalb.etpetssim.simulations.forest.model","ForestUpdateStrategy","CLASS","performSynchronousStep","METHOD","ReadableGridModel<ForestEntity>, WritableGridModel<ForestEntity>, int, ForestStatistics","public","","void","","@Override","","23"
"main","app/src/main/java/de/mkalb/etpetssim/simulations/forest/model/ForestUpdateStrategy.java","de.mkalb.etpetssim.simulations.forest.model","ForestUpdateStrategy","CLASS","processCell","METHOD","GridCell<ForestEntity>, ReadableGridModel<ForestEntity>","private","","GridCell<ForestEntity>","","","","39"
"main","app/src/main/java/de/mkalb/etpetssim/simulations/forest/model/ForestUpdateStrategy.java","de.mkalb.etpetssim.simulations.forest.model","ForestUpdateStrategy","CLASS","hasBurningNeighbor","METHOD","GridCell<ForestEntity>, ReadableGridModel<ForestEntity>","private","","boolean","","","","59"
"main","app/src/main/java/de/mkalb/etpetssim/simulations/forest/model/ForestUserAction.java","de.mkalb.etpetssim.simulations.forest.model","ForestUserAction","CLASS","apply","METHOD","ForestSimulationManager, NoUserActionContext, GridCellView<ForestEntity>","public","","void","","@Override","","18"
"main","app/src/main/java/de/mkalb/etpetssim/simulations/forest/model/entity/ForestEntity.java","de.mkalb.etpetssim.simulations.forest.model.entity","ForestEntity","ENUM","<init>","CONSTRUCTOR","String, boolean, String, String, String, String, Color, Color","private","","","","","","49"
"main","app/src/main/java/de/mkalb/etpetssim/simulations/forest/model/entity/ForestEntity.java","de.mkalb.etpetssim.simulations.forest.model.entity","ForestEntity","ENUM","descriptorSpec","METHOD","","public","","GridEntityDescriptorSpec","","@Override","","68"
"main","app/src/main/java/de/mkalb/etpetssim/simulations/forest/model/entity/ForestEntity.java","de.mkalb.etpetssim.simulations.forest.model.entity","ForestEntity","ENUM","isEmpty","METHOD","","public","","boolean","","","","78"
"main","app/src/main/java/de/mkalb/etpetssim/simulations/forest/model/entity/ForestEntity.java","de.mkalb.etpetssim.simulations.forest.model.entity","ForestEntity","ENUM","isTree","METHOD","","public","","boolean","","","","87"
"main","app/src/main/java/de/mkalb/etpetssim/simulations/forest/model/entity/ForestEntity.java","de.mkalb.etpetssim.simulations.forest.model.entity","ForestEntity","ENUM","isBurning","METHOD","","public","","boolean","","","","96"
"main","app/src/main/java/de/mkalb/etpetssim/simulations/forest/view/ForestConfigView.java","de.mkalb.etpetssim.simulations.forest.view","ForestConfigView","CLASS","<init>","CONSTRUCTOR","ForestConfigViewModel","public","","","","","","23"
"main","app/src/main/java/de/mkalb/etpetssim/simulations/forest/view/ForestConfigView.java","de.mkalb.etpetssim.simulations.forest.view","ForestConfigView","CLASS","buildConfigRegion","METHOD","","public","","Region","","@Override","","27"
"main","app/src/main/java/de/mkalb/etpetssim/simulations/forest/view/ForestMainView.java","de.mkalb.etpetssim.simulations.forest.view","ForestMainView","CLASS","<init>","CONSTRUCTOR","DefaultMainViewModel<ForestEntity, GridCell<ForestEntity>, WritableGridModel<ForestEntity>, ForestConfig, ForestStatistics, ForestSimulationManager, NoUserActionContext>, GridEntityDescriptorRegistry, ForestConfigView, DefaultControlView, ForestObservationView","public","","","","","","40"
"main","app/src/main/java/de/mkalb/etpetssim/simulations/forest/view/ForestMainView.java","de.mkalb.etpetssim.simulations.forest.view","ForestMainView","CLASS","initSimulation","METHOD","ForestConfig, CellDimension, WritableGridModel<ForestEntity>","protected","","void","","@Override","","52"
"main","app/src/main/java/de/mkalb/etpetssim/simulations/forest/view/ForestMainView.java","de.mkalb.etpetssim.simulations.forest.view","ForestMainView","CLASS","handleGridCellSelected","METHOD","FXGridCanvasPainter, GridCell<ForestEntity>, GridCell<ForestEntity>","protected","","void","","@Override","","112"
"main","app/src/main/java/de/mkalb/etpetssim/simulations/forest/view/ForestMainView.java","de.mkalb.etpetssim.simulations.forest.view","ForestMainView","CLASS","drawSimulation","METHOD","WritableGridModel<ForestEntity>, int, int","protected","","void","","@Override","","126"
"main","app/src/main/java/de/mkalb/etpetssim/simulations/forest/view/ForestMainView.java","de.mkalb.etpetssim.simulations.forest.view","ForestMainView","CLASS","createUserActionDescriptors","METHOD","","protected","","List<SimulationUserActionDescriptor<NoUserActionContext>>","","@Override","","153"
"main","app/src/main/java/de/mkalb/etpetssim/simulations/forest/view/ForestObservationView.java","de.mkalb.etpetssim.simulations.forest.view","ForestObservationView","CLASS","<init>","CONSTRUCTOR","DefaultObservationViewModel<ForestEntity, GridCell<ForestEntity>, ForestStatistics>, GridEntityDescriptorRegistry","public","","","","","","20"
"main","app/src/main/java/de/mkalb/etpetssim/simulations/forest/view/ForestObservationView.java","de.mkalb.etpetssim.simulations.forest.view","ForestObservationView","CLASS","buildObservationRegion","METHOD","","public","","Region","","@Override","","27"
"main","app/src/main/java/de/mkalb/etpetssim/simulations/forest/view/ForestObservationView.java","de.mkalb.etpetssim.simulations.forest.view","ForestObservationView","CLASS","updateObservationLabels","METHOD","","protected","","void","","@Override","","46"
"main","app/src/main/java/de/mkalb/etpetssim/simulations/forest/viewmodel/ForestConfigViewModel.java","de.mkalb.etpetssim.simulations.forest.viewmodel","ForestConfigViewModel","CLASS","<init>","CONSTRUCTOR","ReadOnlyObjectProperty<SimulationState>","public","","","","","","69"
"main","app/src/main/java/de/mkalb/etpetssim/simulations/forest/viewmodel/ForestConfigViewModel.java","de.mkalb.etpetssim.simulations.forest.viewmodel","ForestConfigViewModel","CLASS","getConfig","METHOD","","public","","ForestConfig","","@Override","","73"
"main","app/src/main/java/de/mkalb/etpetssim/simulations/forest/viewmodel/ForestConfigViewModel.java","de.mkalb.etpetssim.simulations.forest.viewmodel","ForestConfigViewModel","CLASS","treeDensityProperty","METHOD","","public","","InputDoubleProperty","","","","90"
"main","app/src/main/java/de/mkalb/etpetssim/simulations/forest/viewmodel/ForestConfigViewModel.java","de.mkalb.etpetssim.simulations.forest.viewmodel","ForestConfigViewModel","CLASS","neighborhoodModeProperty","METHOD","","public","","InputChoiceProperty<NeighborhoodMode>","","","","94"
"main","app/src/main/java/de/mkalb/etpetssim/simulations/forest/viewmodel/ForestConfigViewModel.java","de.mkalb.etpetssim.simulations.forest.viewmodel","ForestConfigViewModel","CLASS","treeGrowthProbabilityProperty","METHOD","","public","","InputDoubleProperty","","","","98"
"main","app/src/main/java/de/mkalb/etpetssim/simulations/forest/viewmodel/ForestConfigViewModel.java","de.mkalb.etpetssim.simulations.forest.viewmodel","ForestConfigViewModel","CLASS","lightningIgnitionProbabilityProperty","METHOD","","public","","InputDoubleProperty","","","","102"
"main","app/src/main/java/de/mkalb/etpetssim/simulations/lab/LabFactory.java","de.mkalb.etpetssim.simulations.lab","LabFactory","CLASS","<init>","CONSTRUCTOR","","private","","","","","","19"
"main","app/src/main/java/de/mkalb/etpetssim/simulations/lab/LabFactory.java","de.mkalb.etpetssim.simulations.lab","LabFactory","CLASS","createMainView","METHOD","","public","static","SimulationMainView","","@SuppressWarnings(""UnnecessaryLocalVariable"")","","22"
"main","app/src/main/java/de/mkalb/etpetssim/simulations/lab/model/LabConfig.java","de.mkalb.etpetssim.simulations.lab.model","LabConfig","RECORD","isValid","METHOD","","public","","boolean","","@Override","","45"
"main","app/src/main/java/de/mkalb/etpetssim/simulations/lab/model/LabConstraints.java","de.mkalb.etpetssim.simulations.lab.model","LabConstraints","CLASS","<init>","CONSTRUCTOR","","private","","","","","","54"
"main","app/src/main/java/de/mkalb/etpetssim/simulations/lab/model/LabSimulationManager.java","de.mkalb.etpetssim.simulations.lab.model","LabSimulationManager","CLASS","<init>","CONSTRUCTOR","LabConfig","public","","","","","","23"
"main","app/src/main/java/de/mkalb/etpetssim/simulations/lab/model/LabSimulationManager.java","de.mkalb.etpetssim.simulations.lab.model","LabSimulationManager","CLASS","config","METHOD","","public","","LabConfig","","@Override","","46"
"main","app/src/main/java/de/mkalb/etpetssim/simulations/lab/model/LabSimulationManager.java","de.mkalb.etpetssim.simulations.lab.model","LabSimulationManager","CLASS","structure","METHOD","","public","","GridStructure","","@Override","","51"
"main","app/src/main/java/de/mkalb/etpetssim/simulations/lab/model/LabSimulationManager.java","de.mkalb.etpetssim.simulations.lab.model","LabSimulationManager","CLASS","statistics","METHOD","","public","","LabStatistics","","@Override","","56"
"main","app/src/main/java/de/mkalb/etpetssim/simulations/lab/model/LabSimulationManager.java","de.mkalb.etpetssim.simulations.lab.model","LabSimulationManager","CLASS","executeStep","METHOD","","public","","void","","@Override","","61"
"main","app/src/main/java/de/mkalb/etpetssim/simulations/lab/model/LabSimulationManager.java","de.mkalb.etpetssim.simulations.lab.model","LabSimulationManager","CLASS","executeSteps","METHOD","int, boolean, Runnable","public","","StepExecutionResult","","@Override","","66"
"main","app/src/main/java/de/mkalb/etpetssim/simulations/lab/model/LabSimulationManager.java","de.mkalb.etpetssim.simulations.lab.model","LabSimulationManager","CLASS","isFinished","METHOD","","public","","boolean","","@Override","","72"
"main","app/src/main/java/de/mkalb/etpetssim/simulations/lab/model/LabSimulationManager.java","de.mkalb.etpetssim.simulations.lab.model","LabSimulationManager","CLASS","isExecutorFinished","METHOD","","public","","boolean","","@Override","","77"
"main","app/src/main/java/de/mkalb/etpetssim/simulations/lab/model/LabSimulationManager.java","de.mkalb.etpetssim.simulations.lab.model","LabSimulationManager","CLASS","stepCount","METHOD","","public","","int","","@Override","","82"
"main","app/src/main/java/de/mkalb/etpetssim/simulations/lab/model/LabSimulationManager.java","de.mkalb.etpetssim.simulations.lab.model","LabSimulationManager","CLASS","currentModel","METHOD","","public","","WritableGridModel<LabEntity>","","@Override","","87"
"main","app/src/main/java/de/mkalb/etpetssim/simulations/lab/model/LabStatistics.java","de.mkalb.etpetssim.simulations.lab.model","LabStatistics","CLASS","<init>","CONSTRUCTOR","GridStructure","public","","","","","","15"
"main","app/src/main/java/de/mkalb/etpetssim/simulations/lab/model/LabStatistics.java","de.mkalb.etpetssim.simulations.lab.model","LabStatistics","CLASS","getStepCount","METHOD","","public","","int","","@Override","","20"
"main","app/src/main/java/de/mkalb/etpetssim/simulations/lab/model/LabStatistics.java","de.mkalb.etpetssim.simulations.lab.model","LabStatistics","CLASS","getGridStructure","METHOD","","public","","GridStructure","","@Override","","25"
"main","app/src/main/java/de/mkalb/etpetssim/simulations/lab/model/LabStatistics.java","de.mkalb.etpetssim.simulations.lab.model","LabStatistics","CLASS","toString","METHOD","","public","","String","","@Override","","30"
"main","app/src/main/java/de/mkalb/etpetssim/simulations/lab/model/entity/LabEntity.java","de.mkalb.etpetssim.simulations.lab.model.entity","LabEntity","ENUM","<init>","CONSTRUCTOR","String, boolean, String, String, String, String, Color, Color","private","","","","","","39"
"main","app/src/main/java/de/mkalb/etpetssim/simulations/lab/model/entity/LabEntity.java","de.mkalb.etpetssim.simulations.lab.model.entity","LabEntity","ENUM","descriptorSpec","METHOD","","public","","GridEntityDescriptorSpec","","@Override","","58"
"main","app/src/main/java/de/mkalb/etpetssim/simulations/lab/model/entity/LabEntity.java","de.mkalb.etpetssim.simulations.lab.model.entity","LabEntity","ENUM","isNormal","METHOD","","public","","boolean","","","","68"
"main","app/src/main/java/de/mkalb/etpetssim/simulations/lab/model/entity/LabEntity.java","de.mkalb.etpetssim.simulations.lab.model.entity","LabEntity","ENUM","isHighlighted","METHOD","","public","","boolean","","","","77"
"main","app/src/main/java/de/mkalb/etpetssim/simulations/lab/shared/LabNeighborhoodHighlights.java","de.mkalb.etpetssim.simulations.lab.shared","LabNeighborhoodHighlights","RECORD","<init>","COMPACT_CONSTRUCTOR","","public","","","","","","25"
"main","app/src/main/java/de/mkalb/etpetssim/simulations/lab/view/LabConfigView.java","de.mkalb.etpetssim.simulations.lab.view","LabConfigView","CLASS","<init>","CONSTRUCTOR","LabConfigViewModel","public","","","","","","17"
"main","app/src/main/java/de/mkalb/etpetssim/simulations/lab/view/LabConfigView.java","de.mkalb.etpetssim.simulations.lab.view","LabConfigView","CLASS","buildConfigRegion","METHOD","","public","","Region","","@Override","","21"
"main","app/src/main/java/de/mkalb/etpetssim/simulations/lab/view/LabControlView.java","de.mkalb.etpetssim.simulations.lab.view","LabControlView","CLASS","<init>","CONSTRUCTOR","LabControlViewModel","public","","","","","","20"
"main","app/src/main/java/de/mkalb/etpetssim/simulations/lab/view/LabControlView.java","de.mkalb.etpetssim.simulations.lab.view","LabControlView","CLASS","createControlButtonPane","METHOD","","protected","","Pane","","@Override","","24"
"main","app/src/main/java/de/mkalb/etpetssim/simulations/lab/view/LabControlView.java","de.mkalb.etpetssim.simulations.lab.view","LabControlView","CLASS","createControlConfigPane","METHOD","","protected","","Optional<Pane>","","@Override","","42"
"main","app/src/main/java/de/mkalb/etpetssim/simulations/lab/view/LabControlView.java","de.mkalb.etpetssim.simulations.lab.view","LabControlView","CLASS","createControlObservationPane","METHOD","","protected","","Optional<Pane>","","@Override","","47"
"main","app/src/main/java/de/mkalb/etpetssim/simulations/lab/view/LabControlView.java","de.mkalb.etpetssim.simulations.lab.view","LabControlView","CLASS","updateStepCount","METHOD","int","public","","void","","@Override","","52"
"main","app/src/main/java/de/mkalb/etpetssim/simulations/lab/view/LabMainView.java","de.mkalb.etpetssim.simulations.lab.view","LabMainView","CLASS","<init>","CONSTRUCTOR","LabMainViewModel, LabConfigView, LabControlView, LabObservationView, GridEntityDescriptorRegistry","public","","","","","","82"
"main","app/src/main/java/de/mkalb/etpetssim/simulations/lab/view/LabMainView.java","de.mkalb.etpetssim.simulations.lab.view","LabMainView","CLASS","registerViewModelListeners","METHOD","","protected","","void","","@Override","","94"
"main","app/src/main/java/de/mkalb/etpetssim/simulations/lab/view/LabMainView.java","de.mkalb.etpetssim.simulations.lab.view","LabMainView","CLASS","applyGlobalUserActionAndRedraw","METHOD","SimulationUserActionDescriptor<NoUserActionContext>","protected","","void","","@Override","","102"
"main","app/src/main/java/de/mkalb/etpetssim/simulations/lab/view/LabMainView.java","de.mkalb.etpetssim.simulations.lab.view","LabMainView","CLASS","handleMouseClickedCoordinate","METHOD","Point2D, GridCoordinate, FXGridCanvasPainter","protected","","void","","@Override","","106"
"main","app/src/main/java/de/mkalb/etpetssim/simulations/lab/view/LabMainView.java","de.mkalb.etpetssim.simulations.lab.view","LabMainView","CLASS","isLastClickedCoordinate","METHOD","GridCoordinate","private","","boolean","","","","123"
"main","app/src/main/java/de/mkalb/etpetssim/simulations/lab/view/LabMainView.java","de.mkalb.etpetssim.simulations.lab.view","LabMainView","CLASS","resetSelection","METHOD","","private","","void","","","","127"
"main","app/src/main/java/de/mkalb/etpetssim/simulations/lab/view/LabMainView.java","de.mkalb.etpetssim.simulations.lab.view","LabMainView","CLASS","drawNeighborhoodHighlights","METHOD","LabNeighborhoodHighlights, FXGridCanvasPainter","private","","void","","","","132"
"main","app/src/main/java/de/mkalb/etpetssim/simulations/lab/view/LabMainView.java","de.mkalb.etpetssim.simulations.lab.view","LabMainView","CLASS","drawRing","METHOD","SortedMap<Integer, SortedMap<GridCoordinate, RadiusRingCell<GridCell<LabEntity>>>>, int, Color, FXGridCanvasPainter","private","","void","","","","141"
"main","app/src/main/java/de/mkalb/etpetssim/simulations/lab/view/LabMainView.java","de.mkalb.etpetssim.simulations.lab.view","LabMainView","CLASS","drawNeighborCoordinates","METHOD","Collection<GridCoordinate>, FXGridCanvasPainter","private","","void","","","","154"
"main","app/src/main/java/de/mkalb/etpetssim/simulations/lab/view/LabMainView.java","de.mkalb.etpetssim.simulations.lab.view","LabMainView","CLASS","drawNeighborsWithEdgeBehavior","METHOD","Map<GridCoordinate, List<CellNeighborWithEdgeBehavior>>, FXGridCanvasPainter","private","","void","","","","159"
"main","app/src/main/java/de/mkalb/etpetssim/simulations/lab/view/LabMainView.java","de.mkalb.etpetssim.simulations.lab.view","LabMainView","CLASS","drawNeighborDirections","METHOD","GridCoordinate, Collection<CellNeighborWithEdgeBehavior>, FXGridCanvasPainter","private","","void","","","","167"
"main","app/src/main/java/de/mkalb/etpetssim/simulations/lab/view/LabMainView.java","de.mkalb.etpetssim.simulations.lab.view","LabMainView","CLASS","drawNeighborEdgeResults","METHOD","Collection<EdgeBehaviorResult>, FXGridCanvasPainter","private","","void","","","","184"
"main","app/src/main/java/de/mkalb/etpetssim/simulations/lab/view/LabMainView.java","de.mkalb.etpetssim.simulations.lab.view","LabMainView","CLASS","registerOverlayCanvasEvents","METHOD","","private","","void","","","","198"
"main","app/src/main/java/de/mkalb/etpetssim/simulations/lab/view/LabMainView.java","de.mkalb.etpetssim.simulations.lab.view","LabMainView","CLASS","drawMouseHover","METHOD","Point2D","private","","void","","","","214"
"main","app/src/main/java/de/mkalb/etpetssim/simulations/lab/view/LabMainView.java","de.mkalb.etpetssim.simulations.lab.view","LabMainView","CLASS","drawEstimatedHoverCoordinate","METHOD","Point2D, FXGridCanvasPainter, FXGridCanvasPainter","private","","void","","","","228"
"main","app/src/main/java/de/mkalb/etpetssim/simulations/lab/view/LabMainView.java","de.mkalb.etpetssim.simulations.lab.view","LabMainView","CLASS","drawPreciseHoverCoordinate","METHOD","Point2D, FXGridCanvasPainter, FXGridCanvasPainter","private","","void","","","","241"
"main","app/src/main/java/de/mkalb/etpetssim/simulations/lab/view/LabMainView.java","de.mkalb.etpetssim.simulations.lab.view","LabMainView","CLASS","drawHoverDescriptor","METHOD","GridCoordinate, FXGridCanvasPainter","private","","void","","","","260"
"main","app/src/main/java/de/mkalb/etpetssim/simulations/lab/view/LabMainView.java","de.mkalb.etpetssim.simulations.lab.view","LabMainView","CLASS","drawLastClickedCoordinate","METHOD","FXGridCanvasPainter","private","","void","","","","268"
"main","app/src/main/java/de/mkalb/etpetssim/simulations/lab/view/LabMainView.java","de.mkalb.etpetssim.simulations.lab.view","LabMainView","CLASS","disableCanvas","METHOD","","private","","void","","","","277"
"main","app/src/main/java/de/mkalb/etpetssim/simulations/lab/view/LabMainView.java","de.mkalb.etpetssim.simulations.lab.view","LabMainView","CLASS","initializeCanvasAndPainters","METHOD","","private","","void","","","","295"
"main","app/src/main/java/de/mkalb/etpetssim/simulations/lab/view/LabMainView.java","de.mkalb.etpetssim.simulations.lab.view","LabMainView","CLASS","drawBaseCanvas","METHOD","","private","","void","","","","310"
"main","app/src/main/java/de/mkalb/etpetssim/simulations/lab/view/LabMainView.java","de.mkalb.etpetssim.simulations.lab.view","LabMainView","CLASS","drawBaseCanvasBackground","METHOD","boolean","private","","void","","","","338"
"main","app/src/main/java/de/mkalb/etpetssim/simulations/lab/view/LabMainView.java","de.mkalb.etpetssim.simulations.lab.view","LabMainView","CLASS","drawBaseCanvasCoordinate","METHOD","GridCoordinate, boolean, boolean, Color, double, Color","private","","void","","@SuppressWarnings(""SameParameterValue"")","","352"
"main","app/src/main/java/de/mkalb/etpetssim/simulations/lab/view/LabMainView.java","de.mkalb.etpetssim.simulations.lab.view","LabMainView","CLASS","drawModel","METHOD","","private","","void","","","","375"
"main","app/src/main/java/de/mkalb/etpetssim/simulations/lab/view/LabMainView.java","de.mkalb.etpetssim.simulations.lab.view","LabMainView","CLASS","drawTest","METHOD","","private","","void","","","","387"
"main","app/src/main/java/de/mkalb/etpetssim/simulations/lab/view/LabMainView.java","de.mkalb.etpetssim.simulations.lab.view","LabMainView","CLASS","determineCheckerColor","METHOD","GridCoordinate","private","","Color","","","","437"
"main","app/src/main/java/de/mkalb/etpetssim/simulations/lab/view/LabMainView.java","de.mkalb.etpetssim.simulations.lab.view","LabMainView","CLASS","determineCheckerGrayscaleColor","METHOD","GridCoordinate","private","","Color","","","","450"
"main","app/src/main/java/de/mkalb/etpetssim/simulations/lab/view/LabObservationView.java","de.mkalb.etpetssim.simulations.lab.view","LabObservationView","CLASS","<init>","CONSTRUCTOR","DefaultObservationViewModel<LabEntity, GridCell<LabEntity>, LabStatistics>, GridEntityDescriptorRegistry","public","","","","","","20"
"main","app/src/main/java/de/mkalb/etpetssim/simulations/lab/view/LabObservationView.java","de.mkalb.etpetssim.simulations.lab.view","LabObservationView","CLASS","buildObservationRegion","METHOD","","public","","Region","","@Override","","27"
"main","app/src/main/java/de/mkalb/etpetssim/simulations/lab/view/LabObservationView.java","de.mkalb.etpetssim.simulations.lab.view","LabObservationView","CLASS","updateObservationLabels","METHOD","","protected","","void","","@Override","","43"
"main","app/src/main/java/de/mkalb/etpetssim/simulations/lab/view/LabObservationView.java","de.mkalb.etpetssim.simulations.lab.view","LabObservationView","CLASS","initializeForDraw","METHOD","","public","","void","","","","49"
"main","app/src/main/java/de/mkalb/etpetssim/simulations/lab/viewmodel/LabConfigViewModel.java","de.mkalb.etpetssim.simulations.lab.viewmodel","LabConfigViewModel","CLASS","<init>","CONSTRUCTOR","ReadOnlyObjectProperty<SimulationState>","public","","","","","","54"
"main","app/src/main/java/de/mkalb/etpetssim/simulations/lab/viewmodel/LabConfigViewModel.java","de.mkalb.etpetssim.simulations.lab.viewmodel","LabConfigViewModel","CLASS","initializeConfigListeners","METHOD","","private","","void","","","","72"
"main","app/src/main/java/de/mkalb/etpetssim/simulations/lab/viewmodel/LabConfigViewModel.java","de.mkalb.etpetssim.simulations.lab.viewmodel","LabConfigViewModel","CLASS","getConfig","METHOD","","public","","LabConfig","","@Override","","84"
"main","app/src/main/java/de/mkalb/etpetssim/simulations/lab/viewmodel/LabConfigViewModel.java","de.mkalb.etpetssim.simulations.lab.viewmodel","LabConfigViewModel","CLASS","colorModeProperty","METHOD","","public","","InputEnumProperty<LabColorMode>","","","","99"
"main","app/src/main/java/de/mkalb/etpetssim/simulations/lab/viewmodel/LabConfigViewModel.java","de.mkalb.etpetssim.simulations.lab.viewmodel","LabConfigViewModel","CLASS","neighborhoodModeProperty","METHOD","","public","","InputChoiceProperty<NeighborhoodMode>","","","","103"
"main","app/src/main/java/de/mkalb/etpetssim/simulations/lab/viewmodel/LabConfigViewModel.java","de.mkalb.etpetssim.simulations.lab.viewmodel","LabConfigViewModel","CLASS","configChangedRequestedProperty","METHOD","","public","","BooleanProperty","","","","107"
"main","app/src/main/java/de/mkalb/etpetssim/simulations/lab/viewmodel/LabControlViewModel.java","de.mkalb.etpetssim.simulations.lab.viewmodel","LabControlViewModel","CLASS","<init>","CONSTRUCTOR","ReadOnlyObjectProperty<SimulationState>","public","","","","","","15"
"main","app/src/main/java/de/mkalb/etpetssim/simulations/lab/viewmodel/LabControlViewModel.java","de.mkalb.etpetssim.simulations.lab.viewmodel","LabControlViewModel","CLASS","simulationStateProperty","METHOD","","public","","ReadOnlyObjectProperty<SimulationState>","","@Override","","19"
"main","app/src/main/java/de/mkalb/etpetssim/simulations/lab/viewmodel/LabControlViewModel.java","de.mkalb.etpetssim.simulations.lab.viewmodel","LabControlViewModel","CLASS","getSimulationState","METHOD","","public","","SimulationState","","@Override","","24"
"main","app/src/main/java/de/mkalb/etpetssim/simulations/lab/viewmodel/LabControlViewModel.java","de.mkalb.etpetssim.simulations.lab.viewmodel","LabControlViewModel","CLASS","drawRequestedProperty","METHOD","","public","","BooleanProperty","","","","29"
"main","app/src/main/java/de/mkalb/etpetssim/simulations/lab/viewmodel/LabControlViewModel.java","de.mkalb.etpetssim.simulations.lab.viewmodel","LabControlViewModel","CLASS","drawModelRequestedProperty","METHOD","","public","","BooleanProperty","","","","33"
"main","app/src/main/java/de/mkalb/etpetssim/simulations/lab/viewmodel/LabControlViewModel.java","de.mkalb.etpetssim.simulations.lab.viewmodel","LabControlViewModel","CLASS","drawTestRequestedProperty","METHOD","","public","","BooleanProperty","","","","37"
"main","app/src/main/java/de/mkalb/etpetssim/simulations/lab/viewmodel/LabControlViewModel.java","de.mkalb.etpetssim.simulations.lab.viewmodel","LabControlViewModel","CLASS","requestDraw","METHOD","","public","","void","","","","41"
"main","app/src/main/java/de/mkalb/etpetssim/simulations/lab/viewmodel/LabControlViewModel.java","de.mkalb.etpetssim.simulations.lab.viewmodel","LabControlViewModel","CLASS","requestDrawModel","METHOD","","public","","void","","","","45"
"main","app/src/main/java/de/mkalb/etpetssim/simulations/lab/viewmodel/LabControlViewModel.java","de.mkalb.etpetssim.simulations.lab.viewmodel","LabControlViewModel","CLASS","requestDrawTest","METHOD","","public","","void","","","","49"
"main","app/src/main/java/de/mkalb/etpetssim/simulations/lab/viewmodel/LabMainViewModel.java","de.mkalb.etpetssim.simulations.lab.viewmodel","LabMainViewModel","CLASS","<init>","CONSTRUCTOR","ObjectProperty<SimulationState>, LabConfigViewModel, LabControlViewModel, DefaultObservationViewModel<LabEntity, GridCell<LabEntity>, LabStatistics>","public","","","","","","43"
"main","app/src/main/java/de/mkalb/etpetssim/simulations/lab/viewmodel/LabMainViewModel.java","de.mkalb.etpetssim.simulations.lab.viewmodel","LabMainViewModel","CLASS","shutdownSimulation","METHOD","","public","","SimulationTermination","","@Override","","86"
"main","app/src/main/java/de/mkalb/etpetssim/simulations/lab/viewmodel/LabMainViewModel.java","de.mkalb.etpetssim.simulations.lab.viewmodel","LabMainViewModel","CLASS","getStructure","METHOD","","public","","GridStructure","","@Override","","106"
"main","app/src/main/java/de/mkalb/etpetssim/simulations/lab/viewmodel/LabMainViewModel.java","de.mkalb.etpetssim.simulations.lab.viewmodel","LabMainViewModel","CLASS","getCellEdgeLength","METHOD","","public","","double","","@Override","","112"
"main","app/src/main/java/de/mkalb/etpetssim/simulations/lab/viewmodel/LabMainViewModel.java","de.mkalb.etpetssim.simulations.lab.viewmodel","LabMainViewModel","CLASS","getCurrentConfig","METHOD","","public","","LabConfig","","@Override","","118"
"main","app/src/main/java/de/mkalb/etpetssim/simulations/lab/viewmodel/LabMainViewModel.java","de.mkalb.etpetssim.simulations.lab.viewmodel","LabMainViewModel","CLASS","getCurrentModel","METHOD","","public","","WritableGridModel<LabEntity>","","@Override","","124"
"main","app/src/main/java/de/mkalb/etpetssim/simulations/lab/viewmodel/LabMainViewModel.java","de.mkalb.etpetssim.simulations.lab.viewmodel","LabMainViewModel","CLASS","hasSimulationManager","METHOD","","public","","boolean","","@Override","","130"
"main","app/src/main/java/de/mkalb/etpetssim/simulations/lab/viewmodel/LabMainViewModel.java","de.mkalb.etpetssim.simulations.lab.viewmodel","LabMainViewModel","CLASS","setConfigChangedListener","METHOD","Runnable","public","","void","","","","135"
"main","app/src/main/java/de/mkalb/etpetssim/simulations/lab/viewmodel/LabMainViewModel.java","de.mkalb.etpetssim.simulations.lab.viewmodel","LabMainViewModel","CLASS","setDrawRequestedListener","METHOD","Runnable","public","","void","","","","139"
"main","app/src/main/java/de/mkalb/etpetssim/simulations/lab/viewmodel/LabMainViewModel.java","de.mkalb.etpetssim.simulations.lab.viewmodel","LabMainViewModel","CLASS","setDrawModelRequestedListener","METHOD","Runnable","public","","void","","","","143"
"main","app/src/main/java/de/mkalb/etpetssim/simulations/lab/viewmodel/LabMainViewModel.java","de.mkalb.etpetssim.simulations.lab.viewmodel","LabMainViewModel","CLASS","setDrawTestRequestedListener","METHOD","Runnable","public","","void","","","","147"
"main","app/src/main/java/de/mkalb/etpetssim/simulations/lab/viewmodel/LabMainViewModel.java","de.mkalb.etpetssim.simulations.lab.viewmodel","LabMainViewModel","CLASS","handleConfigChanged","METHOD","","public","","void","","","","151"
"main","app/src/main/java/de/mkalb/etpetssim/simulations/lab/viewmodel/LabMainViewModel.java","de.mkalb.etpetssim.simulations.lab.viewmodel","LabMainViewModel","CLASS","handleDrawRequested","METHOD","","public","","void","","","","158"
"main","app/src/main/java/de/mkalb/etpetssim/simulations/lab/viewmodel/LabMainViewModel.java","de.mkalb.etpetssim.simulations.lab.viewmodel","LabMainViewModel","CLASS","handleDrawModelRequested","METHOD","","public","","void","","","","182"
"main","app/src/main/java/de/mkalb/etpetssim/simulations/lab/viewmodel/LabMainViewModel.java","de.mkalb.etpetssim.simulations.lab.viewmodel","LabMainViewModel","CLASS","handleDrawTestRequested","METHOD","","public","","void","","","","186"
"main","app/src/main/java/de/mkalb/etpetssim/simulations/lab/viewmodel/LabMainViewModel.java","de.mkalb.etpetssim.simulations.lab.viewmodel","LabMainViewModel","CLASS","computeNeighborhoodHighlights","METHOD","GridCoordinate, GridStructure","public","","Optional<LabNeighborhoodHighlights>","","","","190"
"main","app/src/main/java/de/mkalb/etpetssim/simulations/lab/viewmodel/LabMainViewModel.java","de.mkalb.etpetssim.simulations.lab.viewmodel","LabMainViewModel","CLASS","updateSelectedGridCell","METHOD","GridCoordinate","public","","void","","","","232"
"main","app/src/main/java/de/mkalb/etpetssim/simulations/lab/viewmodel/LabMainViewModel.java","de.mkalb.etpetssim.simulations.lab.viewmodel","LabMainViewModel","CLASS","resetSelectedGridCell","METHOD","","public","","void","","","","241"
"main","app/src/main/java/de/mkalb/etpetssim/simulations/lab/viewmodel/LabMainViewModel.java","de.mkalb.etpetssim.simulations.lab.viewmodel","LabMainViewModel","CLASS","reset","METHOD","","private","","void","","","","245"
"main","app/src/main/java/de/mkalb/etpetssim/simulations/langton/LangtonFactory.java","de.mkalb.etpetssim.simulations.langton","LangtonFactory","CLASS","<init>","CONSTRUCTOR","","private","","","","","","18"
"main","app/src/main/java/de/mkalb/etpetssim/simulations/langton/LangtonFactory.java","de.mkalb.etpetssim.simulations.langton","LangtonFactory","CLASS","createMainView","METHOD","","public","static","SimulationMainView","","@SuppressWarnings(""UnnecessaryLocalVariable"")","","21"
"main","app/src/main/java/de/mkalb/etpetssim/simulations/langton/model/LangtonCell.java","de.mkalb.etpetssim.simulations.langton.model","LangtonCell","RECORD","of","METHOD","LangtonGridModel, GridCoordinate","public","static","LangtonCell","","","","29"
"main","app/src/main/java/de/mkalb/etpetssim/simulations/langton/model/LangtonCell.java","de.mkalb.etpetssim.simulations.langton.model","LangtonCell","RECORD","entity","METHOD","","public","","LangtonEntity","","@Override","","42"
"main","app/src/main/java/de/mkalb/etpetssim/simulations/langton/model/LangtonCell.java","de.mkalb.etpetssim.simulations.langton.model","LangtonCell","RECORD","toDisplayString","METHOD","","public","","String","","@Override","","59"
"main","app/src/main/java/de/mkalb/etpetssim/simulations/langton/model/LangtonConfig.java","de.mkalb.etpetssim.simulations.langton.model","LangtonConfig","RECORD","hasValidMovementRules","METHOD","","private","","boolean","","","","40"
"main","app/src/main/java/de/mkalb/etpetssim/simulations/langton/model/LangtonConfig.java","de.mkalb.etpetssim.simulations.langton.model","LangtonConfig","RECORD","isValid","METHOD","","public","","boolean","","@Override","","49"
"main","app/src/main/java/de/mkalb/etpetssim/simulations/langton/model/LangtonConstraints.java","de.mkalb.etpetssim.simulations.langton.model","LangtonConstraints","CLASS","<init>","CONSTRUCTOR","","private","","","","","","52"
"main","app/src/main/java/de/mkalb/etpetssim/simulations/langton/model/LangtonGridModel.java","de.mkalb.etpetssim.simulations.langton.model","LangtonGridModel","RECORD","<init>","COMPACT_CONSTRUCTOR","","public","","","","","","22"
"main","app/src/main/java/de/mkalb/etpetssim/simulations/langton/model/LangtonGridModel.java","de.mkalb.etpetssim.simulations.langton.model","LangtonGridModel","RECORD","getEntities","METHOD","GridCoordinate","public","","List<LangtonEntity>","","@Override","","28"
"main","app/src/main/java/de/mkalb/etpetssim/simulations/langton/model/LangtonGridModel.java","de.mkalb.etpetssim.simulations.langton.model","LangtonGridModel","RECORD","layerCount","METHOD","","public","","int","","@Override","","33"
"main","app/src/main/java/de/mkalb/etpetssim/simulations/langton/model/LangtonSimulationManager.java","de.mkalb.etpetssim.simulations.langton.model","LangtonSimulationManager","CLASS","<init>","CONSTRUCTOR","LangtonConfig","public","","","","","","18"
"main","app/src/main/java/de/mkalb/etpetssim/simulations/langton/model/LangtonSimulationManager.java","de.mkalb.etpetssim.simulations.langton.model","LangtonSimulationManager","CLASS","<init>","CONSTRUCTOR","LangtonConfig, SimulationInitializationCancellation","public","","","","","","22"
"main","app/src/main/java/de/mkalb/etpetssim/simulations/langton/model/LangtonSimulationManager.java","de.mkalb.etpetssim.simulations.langton.model","LangtonSimulationManager","CLASS","initializeGrid","METHOD","LangtonGridModel","private","","void","","","","42"
"main","app/src/main/java/de/mkalb/etpetssim/simulations/langton/model/LangtonSimulationManager.java","de.mkalb.etpetssim.simulations.langton.model","LangtonSimulationManager","CLASS","halveToEven","METHOD","int","package-private","","int","","","","50"
"main","app/src/main/java/de/mkalb/etpetssim/simulations/langton/model/LangtonSimulationManager.java","de.mkalb.etpetssim.simulations.langton.model","LangtonSimulationManager","CLASS","structure","METHOD","","public","","GridStructure","","@Override","","55"
"main","app/src/main/java/de/mkalb/etpetssim/simulations/langton/model/LangtonSimulationManager.java","de.mkalb.etpetssim.simulations.langton.model","LangtonSimulationManager","CLASS","statistics","METHOD","","public","","LangtonStatistics","","@Override","","60"
"main","app/src/main/java/de/mkalb/etpetssim/simulations/langton/model/LangtonSimulationManager.java","de.mkalb.etpetssim.simulations.langton.model","LangtonSimulationManager","CLASS","updateStatistics","METHOD","","protected","","void","","@Override","","65"
"main","app/src/main/java/de/mkalb/etpetssim/simulations/langton/model/LangtonSimulationManager.java","de.mkalb.etpetssim.simulations.langton.model","LangtonSimulationManager","CLASS","initializeStatistics","METHOD","LangtonGridModel","private","","void","","","","72"
"main","app/src/main/java/de/mkalb/etpetssim/simulations/langton/model/LangtonSimulationManager.java","de.mkalb.etpetssim.simulations.langton.model","LangtonSimulationManager","CLASS","executor","METHOD","","protected","","TimedSimulationExecutor<LangtonEntity, LangtonGridModel>","","@Override","","77"
"main","app/src/main/java/de/mkalb/etpetssim/simulations/langton/model/LangtonStatistics.java","de.mkalb.etpetssim.simulations.langton.model","LangtonStatistics","CLASS","<init>","CONSTRUCTOR","GridStructure","public","","","","","","23"
"main","app/src/main/java/de/mkalb/etpetssim/simulations/langton/model/LangtonStatistics.java","de.mkalb.etpetssim.simulations.langton.model","LangtonStatistics","CLASS","metrics","METHOD","","public","static","List<StatisticMetric<LangtonStatistics>>","","","","29"
"main","app/src/main/java/de/mkalb/etpetssim/simulations/langton/model/LangtonStatistics.java","de.mkalb.etpetssim.simulations.langton.model","LangtonStatistics","CLASS","initializeStartupCellCounts","METHOD","int","package-private","","void","","","","40"
"main","app/src/main/java/de/mkalb/etpetssim/simulations/langton/model/LangtonStatistics.java","de.mkalb.etpetssim.simulations.langton.model","LangtonStatistics","CLASS","adjustCellCounts","METHOD","int, int","package-private","","void","","","","45"
"main","app/src/main/java/de/mkalb/etpetssim/simulations/langton/model/LangtonStatistics.java","de.mkalb.etpetssim.simulations.langton.model","LangtonStatistics","CLASS","getAntCells","METHOD","","public","","int","","","","51"
"main","app/src/main/java/de/mkalb/etpetssim/simulations/langton/model/LangtonStatistics.java","de.mkalb.etpetssim.simulations.langton.model","LangtonStatistics","CLASS","getVisitedCells","METHOD","","public","","int","","","","55"
"main","app/src/main/java/de/mkalb/etpetssim/simulations/langton/model/LangtonStatistics.java","de.mkalb.etpetssim.simulations.langton.model","LangtonStatistics","CLASS","toString","METHOD","","public","","String","","@Override","","59"
"main","app/src/main/java/de/mkalb/etpetssim/simulations/langton/model/LangtonStepRunner.java","de.mkalb.etpetssim.simulations.langton.model","LangtonStepRunner","CLASS","<init>","CONSTRUCTOR","LangtonConfig, LangtonGridModel","public","","","","","","18"
"main","app/src/main/java/de/mkalb/etpetssim/simulations/langton/model/LangtonStepRunner.java","de.mkalb.etpetssim.simulations.langton.model","LangtonStepRunner","CLASS","model","METHOD","","public","","LangtonGridModel","","","","25"
"main","app/src/main/java/de/mkalb/etpetssim/simulations/langton/model/LangtonStepRunner.java","de.mkalb.etpetssim.simulations.langton.model","LangtonStepRunner","CLASS","performStep","METHOD","int, LangtonStatistics","public","","void","","@Override","","29"
"main","app/src/main/java/de/mkalb/etpetssim/simulations/langton/model/LangtonStepRunner.java","de.mkalb.etpetssim.simulations.langton.model","LangtonStepRunner","CLASS","isEdgeAbsorbedOrBlocked","METHOD","CellNeighborWithEdgeBehavior","package-private","","boolean","","","","62"
"main","app/src/main/java/de/mkalb/etpetssim/simulations/langton/model/LangtonStepRunner.java","de.mkalb.etpetssim.simulations.langton.model","LangtonStepRunner","CLASS","removeAnt","METHOD","GridCell<AntEntity>, WritableGridModel<AntEntity>, LangtonStatistics","package-private","","void","","","","67"
"main","app/src/main/java/de/mkalb/etpetssim/simulations/langton/model/LangtonStepRunner.java","de.mkalb.etpetssim.simulations.langton.model","LangtonStepRunner","CLASS","moveAnt","METHOD","GridCell<AntEntity>, GridCoordinate, WritableGridModel<AntEntity>, Ant, TerrainConstant","package-private","","void","","","","72"
"main","app/src/main/java/de/mkalb/etpetssim/simulations/langton/model/LangtonStepRunner.java","de.mkalb.etpetssim.simulations.langton.model","LangtonStepRunner","CLASS","switchGround","METHOD","GridCoordinate, TerrainConstant, WritableGridModel<TerrainConstant>","package-private","","void","","","","78"
"main","app/src/main/java/de/mkalb/etpetssim/simulations/langton/model/LangtonStepRunner.java","de.mkalb.etpetssim.simulations.langton.model","LangtonStepRunner","CLASS","determineGround","METHOD","GridCoordinate, LangtonStatistics","package-private","","TerrainConstant","","","","83"
"main","app/src/main/java/de/mkalb/etpetssim/simulations/langton/model/LangtonStepRunner.java","de.mkalb.etpetssim.simulations.langton.model","LangtonStepRunner","CLASS","computeNewAntDirection","METHOD","CompassDirection, int","package-private","","CompassDirection","","@SuppressWarnings(""SwitchExpressionCanBePushedDown"")","","93"
"main","app/src/main/java/de/mkalb/etpetssim/simulations/langton/model/LangtonTerminationCondition.java","de.mkalb.etpetssim.simulations.langton.model","LangtonTerminationCondition","CLASS","isFinished","METHOD","LangtonGridModel, int, LangtonStatistics","public","","boolean","","@Override","","10"
"main","app/src/main/java/de/mkalb/etpetssim/simulations/langton/model/LangtonUserAction.java","de.mkalb.etpetssim.simulations.langton.model","LangtonUserAction","CLASS","apply","METHOD","LangtonSimulationManager, LangtonUserActionContext, GridCellView<LangtonEntity>","public","","void","","@Override","","20"
"main","app/src/main/java/de/mkalb/etpetssim/simulations/langton/model/LangtonUserAction.java","de.mkalb.etpetssim.simulations.langton.model","LangtonUserAction","CLASS","isValidInitialDirection","METHOD","LangtonConfig, GridCoordinate, CompassDirection","private","","boolean","","","","57"
"main","app/src/main/java/de/mkalb/etpetssim/simulations/langton/model/entity/Ant.java","de.mkalb.etpetssim.simulations.langton.model.entity","Ant","CLASS","<init>","CONSTRUCTOR","CompassDirection","public","","","","","","9"
"main","app/src/main/java/de/mkalb/etpetssim/simulations/langton/model/entity/Ant.java","de.mkalb.etpetssim.simulations.langton.model.entity","Ant","CLASS","isAgent","METHOD","","public","","boolean","","@Override","","13"
"main","app/src/main/java/de/mkalb/etpetssim/simulations/langton/model/entity/Ant.java","de.mkalb.etpetssim.simulations.langton.model.entity","Ant","CLASS","descriptorId","METHOD","","public","","String","","@Override","","18"
"main","app/src/main/java/de/mkalb/etpetssim/simulations/langton/model/entity/Ant.java","de.mkalb.etpetssim.simulations.langton.model.entity","Ant","CLASS","direction","METHOD","","public","","CompassDirection","","","","23"
"main","app/src/main/java/de/mkalb/etpetssim/simulations/langton/model/entity/Ant.java","de.mkalb.etpetssim.simulations.langton.model.entity","Ant","CLASS","changeDirection","METHOD","CompassDirection","public","","void","","","","27"
"main","app/src/main/java/de/mkalb/etpetssim/simulations/langton/model/entity/Ant.java","de.mkalb.etpetssim.simulations.langton.model.entity","Ant","CLASS","toDisplayString","METHOD","","public","","String","","@Override","","31"
"main","app/src/main/java/de/mkalb/etpetssim/simulations/langton/model/entity/Ant.java","de.mkalb.etpetssim.simulations.langton.model.entity","Ant","CLASS","toString","METHOD","","public","","String","","@Override","","36"
"main","app/src/main/java/de/mkalb/etpetssim/simulations/langton/model/entity/EntityDescriptors.java","de.mkalb.etpetssim.simulations.langton.model.entity","EntityDescriptors","ENUM","<init>","CONSTRUCTOR","String, boolean, String, String, String, String, Color, Color","private","","","","","","27"
"main","app/src/main/java/de/mkalb/etpetssim/simulations/langton/model/entity/EntityDescriptors.java","de.mkalb.etpetssim.simulations.langton.model.entity","EntityDescriptors","ENUM","descriptorSpec","METHOD","","public","","GridEntityDescriptorSpec","","@Override","","46"
"main","app/src/main/java/de/mkalb/etpetssim/simulations/langton/model/entity/LangtonEntity.java","de.mkalb.etpetssim.simulations.langton.model.entity","LangtonEntity","INTERFACE","allEntityDescriptorProviders","METHOD","","public","static","List<GridEntityDescriptorProvider>","","","","19"
"main","app/src/main/java/de/mkalb/etpetssim/simulations/langton/model/entity/LangtonEntity.java","de.mkalb.etpetssim.simulations.langton.model.entity","LangtonEntity","INTERFACE","isAgent","METHOD","","public","","boolean","","","","29"
"main","app/src/main/java/de/mkalb/etpetssim/simulations/langton/model/entity/NoAgent.java","de.mkalb.etpetssim.simulations.langton.model.entity","NoAgent","ENUM","isAgent","METHOD","","public","","boolean","","@Override","","14"
"main","app/src/main/java/de/mkalb/etpetssim/simulations/langton/model/entity/NoAgent.java","de.mkalb.etpetssim.simulations.langton.model.entity","NoAgent","ENUM","descriptorId","METHOD","","public","","String","","@Override","","19"
"main","app/src/main/java/de/mkalb/etpetssim/simulations/langton/model/entity/TerrainConstant.java","de.mkalb.etpetssim.simulations.langton.model.entity","TerrainConstant","ENUM","<init>","CONSTRUCTOR","int, Color","private","","","","","","57"
"main","app/src/main/java/de/mkalb/etpetssim/simulations/langton/model/entity/TerrainConstant.java","de.mkalb.etpetssim.simulations.langton.model.entity","TerrainConstant","ENUM","byRuleIndex","METHOD","int","public","static","TerrainConstant","","@Nullable","","78"
"main","app/src/main/java/de/mkalb/etpetssim/simulations/langton/model/entity/TerrainConstant.java","de.mkalb.etpetssim.simulations.langton.model.entity","TerrainConstant","ENUM","requireByRuleIndex","METHOD","int","public","static","TerrainConstant","","","","89"
"main","app/src/main/java/de/mkalb/etpetssim/simulations/langton/model/entity/TerrainConstant.java","de.mkalb.etpetssim.simulations.langton.model.entity","TerrainConstant","ENUM","isUnvisited","METHOD","","public","","boolean","","","","102"
"main","app/src/main/java/de/mkalb/etpetssim/simulations/langton/model/entity/TerrainConstant.java","de.mkalb.etpetssim.simulations.langton.model.entity","TerrainConstant","ENUM","ruleIndex","METHOD","","public","","int","","","","115"
"main","app/src/main/java/de/mkalb/etpetssim/simulations/langton/model/entity/TerrainConstant.java","de.mkalb.etpetssim.simulations.langton.model.entity","TerrainConstant","ENUM","descriptorSpec","METHOD","","public","","GridEntityDescriptorSpec","","@Override","","119"
"main","app/src/main/java/de/mkalb/etpetssim/simulations/langton/model/entity/TerrainConstant.java","de.mkalb.etpetssim.simulations.langton.model.entity","TerrainConstant","ENUM","isAgent","METHOD","","public","","boolean","","@Override","","124"
"main","app/src/main/java/de/mkalb/etpetssim/simulations/langton/shared/LangtonDirectionOptions.java","de.mkalb.etpetssim.simulations.langton.shared","LangtonDirectionOptions","CLASS","<init>","CONSTRUCTOR","","private","","","","","","11"
"main","app/src/main/java/de/mkalb/etpetssim/simulations/langton/shared/LangtonDirectionOptions.java","de.mkalb.etpetssim.simulations.langton.shared","LangtonDirectionOptions","CLASS","selectableInitialDirections","METHOD","CellShape","public","static","List<CompassDirection>","","","","15"
"main","app/src/main/java/de/mkalb/etpetssim/simulations/langton/shared/LangtonDirectionOptions.java","de.mkalb.etpetssim.simulations.langton.shared","LangtonDirectionOptions","CLASS","resolveInitialDirection","METHOD","CellShape, GridCoordinate, CompassDirection","public","static","Optional<CompassDirection>","","","","24"
"main","app/src/main/java/de/mkalb/etpetssim/simulations/langton/shared/LangtonDirectionOptions.java","de.mkalb.etpetssim.simulations.langton.shared","LangtonDirectionOptions","CLASS","validInitialDirections","METHOD","CellShape, GridCoordinate","public","static","List<CompassDirection>","","","","38"
"main","app/src/main/java/de/mkalb/etpetssim/simulations/langton/shared/LangtonDirectionOptions.java","de.mkalb.etpetssim.simulations.langton.shared","LangtonDirectionOptions","CLASS","automaticTriangleInitialDirection","METHOD","GridCoordinate","private","static","CompassDirection","","","","46"
"main","app/src/main/java/de/mkalb/etpetssim/simulations/langton/shared/LangtonMovementRules.java","de.mkalb.etpetssim.simulations.langton.shared","LangtonMovementRules","RECORD","<init>","CONSTRUCTOR","List<AntTurn>","public","","","","","","20"
"main","app/src/main/java/de/mkalb/etpetssim/simulations/langton/shared/LangtonMovementRules.java","de.mkalb.etpetssim.simulations.langton.shared","LangtonMovementRules","RECORD","fromString","METHOD","String","public","static","LangtonMovementRules","","","","36"
"main","app/src/main/java/de/mkalb/etpetssim/simulations/langton/shared/LangtonMovementRules.java","de.mkalb.etpetssim.simulations.langton.shared","LangtonMovementRules","RECORD","getTurnForState","METHOD","int","public","","AntTurn","","","","86"
"main","app/src/main/java/de/mkalb/etpetssim/simulations/langton/shared/LangtonMovementRules.java","de.mkalb.etpetssim.simulations.langton.shared","LangtonMovementRules","RECORD","getRuleCount","METHOD","","public","","int","","","","95"
"main","app/src/main/java/de/mkalb/etpetssim/simulations/langton/shared/LangtonMovementRules.java","de.mkalb.etpetssim.simulations.langton.shared","LangtonMovementRules","RECORD","isValidForCellShape","METHOD","CellShape","public","","boolean","","","","105"
"main","app/src/main/java/de/mkalb/etpetssim/simulations/langton/shared/LangtonMovementRules.java","de.mkalb.etpetssim.simulations.langton.shared","LangtonMovementRules","RECORD","toDisplayString","METHOD","","public","","String","","","","121"
"main","app/src/main/java/de/mkalb/etpetssim/simulations/langton/shared/LangtonRulePreset.java","de.mkalb.etpetssim.simulations.langton.shared","LangtonRulePreset","INTERFACE","displayName","METHOD","","public","","String","","","","19"
"main","app/src/main/java/de/mkalb/etpetssim/simulations/langton/shared/LangtonRulePreset.java","de.mkalb.etpetssim.simulations.langton.shared","LangtonRulePreset","INTERFACE","toString","METHOD","","public","","String","","@Override","","27"
"main","app/src/main/java/de/mkalb/etpetssim/simulations/langton/shared/LangtonRulePresetHexagon.java","de.mkalb.etpetssim.simulations.langton.shared","LangtonRulePresetHexagon","ENUM","<init>","CONSTRUCTOR","String","private","","","","","","28"
"main","app/src/main/java/de/mkalb/etpetssim/simulations/langton/shared/LangtonRulePresetHexagon.java","de.mkalb.etpetssim.simulations.langton.shared","LangtonRulePresetHexagon","ENUM","displayName","METHOD","","public","","String","","@Override","","38"
"main","app/src/main/java/de/mkalb/etpetssim/simulations/langton/shared/LangtonRulePresetHexagon.java","de.mkalb.etpetssim.simulations.langton.shared","LangtonRulePresetHexagon","ENUM","toString","METHOD","","public","","String","","@Override","","49"
"main","app/src/main/java/de/mkalb/etpetssim/simulations/langton/shared/LangtonRulePresetSquare.java","de.mkalb.etpetssim.simulations.langton.shared","LangtonRulePresetSquare","ENUM","<init>","CONSTRUCTOR","String","private","","","","","","26"
"main","app/src/main/java/de/mkalb/etpetssim/simulations/langton/shared/LangtonRulePresetSquare.java","de.mkalb.etpetssim.simulations.langton.shared","LangtonRulePresetSquare","ENUM","displayName","METHOD","","public","","String","","@Override","","36"
"main","app/src/main/java/de/mkalb/etpetssim/simulations/langton/shared/LangtonRulePresetSquare.java","de.mkalb.etpetssim.simulations.langton.shared","LangtonRulePresetSquare","ENUM","toString","METHOD","","public","","String","","@Override","","47"
"main","app/src/main/java/de/mkalb/etpetssim/simulations/langton/shared/LangtonRulePresetTriangle.java","de.mkalb.etpetssim.simulations.langton.shared","LangtonRulePresetTriangle","ENUM","<init>","CONSTRUCTOR","String","private","","","","","","24"
"main","app/src/main/java/de/mkalb/etpetssim/simulations/langton/shared/LangtonRulePresetTriangle.java","de.mkalb.etpetssim.simulations.langton.shared","LangtonRulePresetTriangle","ENUM","displayName","METHOD","","public","","String","","@Override","","34"
"main","app/src/main/java/de/mkalb/etpetssim/simulations/langton/shared/LangtonRulePresetTriangle.java","de.mkalb.etpetssim.simulations.langton.shared","LangtonRulePresetTriangle","ENUM","toString","METHOD","","public","","String","","@Override","","45"
"main","app/src/main/java/de/mkalb/etpetssim/simulations/langton/view/LangtonConfigView.java","de.mkalb.etpetssim.simulations.langton.view","LangtonConfigView","CLASS","<init>","CONSTRUCTOR","LangtonConfigViewModel","public","","","","","","27"
"main","app/src/main/java/de/mkalb/etpetssim/simulations/langton/view/LangtonConfigView.java","de.mkalb.etpetssim.simulations.langton.view","LangtonConfigView","CLASS","buildConfigRegion","METHOD","","public","","Region","","@Override","","31"
"main","app/src/main/java/de/mkalb/etpetssim/simulations/langton/view/LangtonConfigView.java","de.mkalb.etpetssim.simulations.langton.view","LangtonConfigView","CLASS","setupPresetControlBindings","METHOD","Label, Region, CellShape","private","","void","","","","79"
"main","app/src/main/java/de/mkalb/etpetssim/simulations/langton/view/LangtonMainView.java","de.mkalb.etpetssim.simulations.langton.view","LangtonMainView","CLASS","<init>","CONSTRUCTOR","DefaultMainViewModel<LangtonEntity, LangtonCell, LangtonGridModel, LangtonConfig, LangtonStatistics, LangtonSimulationManager, LangtonUserActionContext>, LangtonEditToolBarViewModel, GridEntityDescriptorRegistry, LangtonConfigView, DefaultControlView, LangtonObservationView","public","","","","","","60"
"main","app/src/main/java/de/mkalb/etpetssim/simulations/langton/view/LangtonMainView.java","de.mkalb.etpetssim.simulations.langton.view","LangtonMainView","CLASS","initSimulation","METHOD","LangtonConfig, CellDimension, LangtonGridModel","protected","","void","","@SuppressWarnings(""MagicNumber"") | @Override","","74"
"main","app/src/main/java/de/mkalb/etpetssim/simulations/langton/view/LangtonMainView.java","de.mkalb.etpetssim.simulations.langton.view","LangtonMainView","CLASS","handleGridCellSelected","METHOD","FXGridCanvasPainter, LangtonCell, LangtonCell","protected","","void","","@Override","","121"
"main","app/src/main/java/de/mkalb/etpetssim/simulations/langton/view/LangtonMainView.java","de.mkalb.etpetssim.simulations.langton.view","LangtonMainView","CLASS","drawSimulation","METHOD","LangtonGridModel, int, int","protected","","void","","@Override","","135"
"main","app/src/main/java/de/mkalb/etpetssim/simulations/langton/view/LangtonMainView.java","de.mkalb.etpetssim.simulations.langton.view","LangtonMainView","CLASS","createUserActionDescriptors","METHOD","","protected","","List<SimulationUserActionDescriptor<LangtonUserActionContext>>","","@Override","","178"
"main","app/src/main/java/de/mkalb/etpetssim/simulations/langton/view/LangtonMainView.java","de.mkalb.etpetssim.simulations.langton.view","LangtonMainView","CLASS","createEditToolBarOptionPanel","METHOD","ObjectProperty<String>","protected","","Node","","@Override","","195"
"main","app/src/main/java/de/mkalb/etpetssim/simulations/langton/view/LangtonMainView.java","de.mkalb.etpetssim.simulations.langton.view","LangtonMainView","CLASS","createDirectionCell","METHOD","","private","","ListCell<CompassDirection>","","","","269"
"main","app/src/main/java/de/mkalb/etpetssim/simulations/langton/view/LangtonMainView.java","de.mkalb.etpetssim.simulations.langton.view","LangtonMainView","CLASS","resolveSelectedAddAntContext","METHOD","","private","","Optional<LangtonUserActionContext.AddAnt>","","","","285"
"main","app/src/main/java/de/mkalb/etpetssim/simulations/langton/view/LangtonMainView.java","de.mkalb.etpetssim.simulations.langton.view","LangtonMainView","CLASS","selectedCoordinate","METHOD","","private","","GridCoordinate","","@Nullable","","293"
"main","app/src/main/java/de/mkalb/etpetssim/simulations/langton/view/LangtonObservationView.java","de.mkalb.etpetssim.simulations.langton.view","LangtonObservationView","CLASS","<init>","CONSTRUCTOR","DefaultObservationViewModel<LangtonEntity, LangtonCell, LangtonStatistics>, GridEntityDescriptorRegistry","public","","","","","","19"
"main","app/src/main/java/de/mkalb/etpetssim/simulations/langton/view/LangtonObservationView.java","de.mkalb.etpetssim.simulations.langton.view","LangtonObservationView","CLASS","buildObservationRegion","METHOD","","public","","Region","","@Override","","26"
"main","app/src/main/java/de/mkalb/etpetssim/simulations/langton/view/LangtonObservationView.java","de.mkalb.etpetssim.simulations.langton.view","LangtonObservationView","CLASS","updateObservationLabels","METHOD","","protected","","void","","@Override","","45"
"main","app/src/main/java/de/mkalb/etpetssim/simulations/langton/viewmodel/LangtonConfigViewModel.java","de.mkalb.etpetssim.simulations.langton.viewmodel","LangtonConfigViewModel","CLASS","<init>","CONSTRUCTOR","ReadOnlyObjectProperty<SimulationState>","public","","","","","","42"
"main","app/src/main/java/de/mkalb/etpetssim/simulations/langton/viewmodel/LangtonConfigViewModel.java","de.mkalb.etpetssim.simulations.langton.viewmodel","LangtonConfigViewModel","CLASS","getConfig","METHOD","","public","","LangtonConfig","","@Override","","65"
"main","app/src/main/java/de/mkalb/etpetssim/simulations/langton/viewmodel/LangtonConfigViewModel.java","de.mkalb.etpetssim.simulations.langton.viewmodel","LangtonConfigViewModel","CLASS","ruleProperty","METHOD","","public","","LangtonRuleProperty","","","","80"
"main","app/src/main/java/de/mkalb/etpetssim/simulations/langton/viewmodel/LangtonEditToolBarViewModel.java","de.mkalb.etpetssim.simulations.langton.viewmodel","LangtonEditToolBarViewModel","CLASS","availableDirections","METHOD","","public","","ObservableList<CompassDirection>","","","","18"
"main","app/src/main/java/de/mkalb/etpetssim/simulations/langton/viewmodel/LangtonEditToolBarViewModel.java","de.mkalb.etpetssim.simulations.langton.viewmodel","LangtonEditToolBarViewModel","CLASS","selectedDirectionProperty","METHOD","","public","","ObjectProperty<@Nullable CompassDirection>","","","","22"
"main","app/src/main/java/de/mkalb/etpetssim/simulations/langton/viewmodel/LangtonEditToolBarViewModel.java","de.mkalb.etpetssim.simulations.langton.viewmodel","LangtonEditToolBarViewModel","CLASS","getSelectedDirection","METHOD","","public","","CompassDirection","","@Nullable","","26"
"main","app/src/main/java/de/mkalb/etpetssim/simulations/langton/viewmodel/LangtonEditToolBarViewModel.java","de.mkalb.etpetssim.simulations.langton.viewmodel","LangtonEditToolBarViewModel","CLASS","setSelectedDirection","METHOD","CompassDirection","public","","void","","","","30"
"main","app/src/main/java/de/mkalb/etpetssim/simulations/langton/viewmodel/LangtonEditToolBarViewModel.java","de.mkalb.etpetssim.simulations.langton.viewmodel","LangtonEditToolBarViewModel","CLASS","updateAvailableDirections","METHOD","LangtonConfig","public","","void","","","","36"
"main","app/src/main/java/de/mkalb/etpetssim/simulations/langton/viewmodel/LangtonEditToolBarViewModel.java","de.mkalb.etpetssim.simulations.langton.viewmodel","LangtonEditToolBarViewModel","CLASS","resolveSelectedAddAntContext","METHOD","LangtonConfig, GridCoordinate","public","","Optional<LangtonUserActionContext.AddAnt>","","","","42"
"main","app/src/main/java/de/mkalb/etpetssim/simulations/langton/viewmodel/LangtonEditToolBarViewModel.java","de.mkalb.etpetssim.simulations.langton.viewmodel","LangtonEditToolBarViewModel","CLASS","resolveSelectedDirection","METHOD","List<CompassDirection>","private","","CompassDirection","","@Nullable","","48"
"main","app/src/main/java/de/mkalb/etpetssim/simulations/langton/viewmodel/LangtonRuleProperty.java","de.mkalb.etpetssim.simulations.langton.viewmodel","LangtonRuleProperty","CLASS","<init>","CONSTRUCTOR","","public","","","","","","23"
"main","app/src/main/java/de/mkalb/etpetssim/simulations/langton/viewmodel/LangtonRuleProperty.java","de.mkalb.etpetssim.simulations.langton.viewmodel","LangtonRuleProperty","CLASS","stringProperty","METHOD","","public","","StringProperty","","","","48"
"main","app/src/main/java/de/mkalb/etpetssim/simulations/langton/viewmodel/LangtonRuleProperty.java","de.mkalb.etpetssim.simulations.langton.viewmodel","LangtonRuleProperty","CLASS","labelProperty","METHOD","","public","","StringProperty","","","","52"
"main","app/src/main/java/de/mkalb/etpetssim/simulations/langton/viewmodel/LangtonRuleProperty.java","de.mkalb.etpetssim.simulations.langton.viewmodel","LangtonRuleProperty","CLASS","presetTriangleProperty","METHOD","","public","","InputChoiceProperty<LangtonRulePresetTriangle>","","","","56"
"main","app/src/main/java/de/mkalb/etpetssim/simulations/langton/viewmodel/LangtonRuleProperty.java","de.mkalb.etpetssim.simulations.langton.viewmodel","LangtonRuleProperty","CLASS","presetSquareProperty","METHOD","","public","","InputChoiceProperty<LangtonRulePresetSquare>","","","","60"
"main","app/src/main/java/de/mkalb/etpetssim/simulations/langton/viewmodel/LangtonRuleProperty.java","de.mkalb.etpetssim.simulations.langton.viewmodel","LangtonRuleProperty","CLASS","presetHexagonProperty","METHOD","","public","","InputChoiceProperty<LangtonRulePresetHexagon>","","","","64"
"main","app/src/main/java/de/mkalb/etpetssim/simulations/langton/viewmodel/LangtonRuleProperty.java","de.mkalb.etpetssim.simulations.langton.viewmodel","LangtonRuleProperty","CLASS","computeRuleAndUpdateProperties","METHOD","CellShape","public","","LangtonMovementRules","","","","68"
"main","app/src/main/java/de/mkalb/etpetssim/simulations/rebounding/ReboundingFactory.java","de.mkalb.etpetssim.simulations.rebounding","ReboundingFactory","CLASS","<init>","CONSTRUCTOR","","private","","","","","","19"
"main","app/src/main/java/de/mkalb/etpetssim/simulations/rebounding/ReboundingFactory.java","de.mkalb.etpetssim.simulations.rebounding","ReboundingFactory","CLASS","createMainView","METHOD","","public","static","SimulationMainView","","@SuppressWarnings(""UnnecessaryLocalVariable"")","","22"
"main","app/src/main/java/de/mkalb/etpetssim/simulations/rebounding/model/ReboundingConfig.java","de.mkalb.etpetssim.simulations.rebounding.model","ReboundingConfig","RECORD","hasValidRanges","METHOD","","private","","boolean","","","","41"
"main","app/src/main/java/de/mkalb/etpetssim/simulations/rebounding/model/ReboundingConfig.java","de.mkalb.etpetssim.simulations.rebounding.model","ReboundingConfig","RECORD","isValid","METHOD","","public","","boolean","","@Override","","51"
"main","app/src/main/java/de/mkalb/etpetssim/simulations/rebounding/model/ReboundingConstraints.java","de.mkalb.etpetssim.simulations.rebounding.model","ReboundingConstraints","CLASS","<init>","CONSTRUCTOR","","private","","","","","","58"
"main","app/src/main/java/de/mkalb/etpetssim/simulations/rebounding/model/ReboundingSimulationManager.java","de.mkalb.etpetssim.simulations.rebounding.model","ReboundingSimulationManager","CLASS","<init>","CONSTRUCTOR","ReboundingConfig","public","","","","","","23"
"main","app/src/main/java/de/mkalb/etpetssim/simulations/rebounding/model/ReboundingSimulationManager.java","de.mkalb.etpetssim.simulations.rebounding.model","ReboundingSimulationManager","CLASS","<init>","CONSTRUCTOR","ReboundingConfig, SimulationInitializationCancellation","public","","","","","","27"
"main","app/src/main/java/de/mkalb/etpetssim/simulations/rebounding/model/ReboundingSimulationManager.java","de.mkalb.etpetssim.simulations.rebounding.model","ReboundingSimulationManager","CLASS","initializeGrid","METHOD","ReboundingConfig, WritableGridModel<ReboundingEntity>, Random, SimulationInitializationCancellation","private","","void","","","","47"
"main","app/src/main/java/de/mkalb/etpetssim/simulations/rebounding/model/ReboundingSimulationManager.java","de.mkalb.etpetssim.simulations.rebounding.model","ReboundingSimulationManager","CLASS","computeMovingEntityCount","METHOD","ReboundingConfig","private","","int","","","","55"
"main","app/src/main/java/de/mkalb/etpetssim/simulations/rebounding/model/ReboundingSimulationManager.java","de.mkalb.etpetssim.simulations.rebounding.model","ReboundingSimulationManager","CLASS","createWallInitializer","METHOD","ReboundingConfig, SimulationInitializationCancellation","private","","GridInitializer<ReboundingEntity>","","","","59"
"main","app/src/main/java/de/mkalb/etpetssim/simulations/rebounding/model/ReboundingSimulationManager.java","de.mkalb.etpetssim.simulations.rebounding.model","ReboundingSimulationManager","CLASS","computeWallXPositions","METHOD","int, int","private","","Set<Integer>","","","","85"
"main","app/src/main/java/de/mkalb/etpetssim/simulations/rebounding/model/ReboundingSimulationManager.java","de.mkalb.etpetssim.simulations.rebounding.model","ReboundingSimulationManager","CLASS","createMovingEntityInitializer","METHOD","ReboundingConfig, Random, SimulationInitializationCancellation","private","","GridInitializer<ReboundingEntity>","","","","97"
"main","app/src/main/java/de/mkalb/etpetssim/simulations/rebounding/model/ReboundingSimulationManager.java","de.mkalb.etpetssim.simulations.rebounding.model","ReboundingSimulationManager","CLASS","resolveDirectionRing","METHOD","ReboundingConfig","private","","List<CompassDirection>","","","","119"
"main","app/src/main/java/de/mkalb/etpetssim/simulations/rebounding/model/ReboundingSimulationManager.java","de.mkalb.etpetssim.simulations.rebounding.model","ReboundingSimulationManager","CLASS","structure","METHOD","","public","","GridStructure","","@Override","","130"
"main","app/src/main/java/de/mkalb/etpetssim/simulations/rebounding/model/ReboundingSimulationManager.java","de.mkalb.etpetssim.simulations.rebounding.model","ReboundingSimulationManager","CLASS","statistics","METHOD","","public","","ReboundingStatistics","","@Override","","135"
"main","app/src/main/java/de/mkalb/etpetssim/simulations/rebounding/model/ReboundingSimulationManager.java","de.mkalb.etpetssim.simulations.rebounding.model","ReboundingSimulationManager","CLASS","updateStatistics","METHOD","","protected","","void","","@Override","","140"
"main","app/src/main/java/de/mkalb/etpetssim/simulations/rebounding/model/ReboundingSimulationManager.java","de.mkalb.etpetssim.simulations.rebounding.model","ReboundingSimulationManager","CLASS","initializeStatistics","METHOD","WritableGridModel<ReboundingEntity>","private","","void","","","","147"
"main","app/src/main/java/de/mkalb/etpetssim/simulations/rebounding/model/ReboundingSimulationManager.java","de.mkalb.etpetssim.simulations.rebounding.model","ReboundingSimulationManager","CLASS","executor","METHOD","","protected","","TimedSimulationExecutor<ReboundingEntity, WritableGridModel<ReboundingEntity>>","","@Override","","153"
"main","app/src/main/java/de/mkalb/etpetssim/simulations/rebounding/model/ReboundingStatistics.java","de.mkalb.etpetssim.simulations.rebounding.model","ReboundingStatistics","CLASS","<init>","CONSTRUCTOR","GridStructure","public","","","","","","23"
"main","app/src/main/java/de/mkalb/etpetssim/simulations/rebounding/model/ReboundingStatistics.java","de.mkalb.etpetssim.simulations.rebounding.model","ReboundingStatistics","CLASS","metrics","METHOD","","public","static","List<StatisticMetric<ReboundingStatistics>>","","","","29"
"main","app/src/main/java/de/mkalb/etpetssim/simulations/rebounding/model/ReboundingStatistics.java","de.mkalb.etpetssim.simulations.rebounding.model","ReboundingStatistics","CLASS","initializeStartupCellCounts","METHOD","int, int","package-private","","void","","","","40"
"main","app/src/main/java/de/mkalb/etpetssim/simulations/rebounding/model/ReboundingStatistics.java","de.mkalb.etpetssim.simulations.rebounding.model","ReboundingStatistics","CLASS","increaseWallCells","METHOD","","public","","void","","","","46"
"main","app/src/main/java/de/mkalb/etpetssim/simulations/rebounding/model/ReboundingStatistics.java","de.mkalb.etpetssim.simulations.rebounding.model","ReboundingStatistics","CLASS","decreaseWallCells","METHOD","","public","","void","","","","50"
"main","app/src/main/java/de/mkalb/etpetssim/simulations/rebounding/model/ReboundingStatistics.java","de.mkalb.etpetssim.simulations.rebounding.model","ReboundingStatistics","CLASS","decreaseMovingEntityCells","METHOD","","public","","void","","","","54"
"main","app/src/main/java/de/mkalb/etpetssim/simulations/rebounding/model/ReboundingStatistics.java","de.mkalb.etpetssim.simulations.rebounding.model","ReboundingStatistics","CLASS","increaseMovingEntityCells","METHOD","","public","","void","","","","58"
"main","app/src/main/java/de/mkalb/etpetssim/simulations/rebounding/model/ReboundingStatistics.java","de.mkalb.etpetssim.simulations.rebounding.model","ReboundingStatistics","CLASS","getWallCells","METHOD","","public","","int","","","","62"
"main","app/src/main/java/de/mkalb/etpetssim/simulations/rebounding/model/ReboundingStatistics.java","de.mkalb.etpetssim.simulations.rebounding.model","ReboundingStatistics","CLASS","getMovingEntityCells","METHOD","","public","","int","","","","66"
"main","app/src/main/java/de/mkalb/etpetssim/simulations/rebounding/model/ReboundingStatistics.java","de.mkalb.etpetssim.simulations.rebounding.model","ReboundingStatistics","CLASS","toString","METHOD","","public","","String","","@Override","","70"
"main","app/src/main/java/de/mkalb/etpetssim/simulations/rebounding/model/ReboundingStepLogic.java","de.mkalb.etpetssim.simulations.rebounding.model","ReboundingStepLogic","CLASS","<init>","CONSTRUCTOR","GridStructure, ReboundingConfig","public","","","","","","14"
"main","app/src/main/java/de/mkalb/etpetssim/simulations/rebounding/model/ReboundingStepLogic.java","de.mkalb.etpetssim.simulations.rebounding.model","ReboundingStepLogic","CLASS","performAgentStep","METHOD","GridCell<ReboundingEntity>, WritableGridModel<ReboundingEntity>, int, ReboundingStatistics","public","","void","","@Override","","19"
"main","app/src/main/java/de/mkalb/etpetssim/simulations/rebounding/model/ReboundingStepLogic.java","de.mkalb.etpetssim.simulations.rebounding.model","ReboundingStepLogic","CLASS","computeBounceDirection","METHOD","CompassDirection, GridCoordinate","private","","CompassDirection","","","","72"
"main","app/src/main/java/de/mkalb/etpetssim/simulations/rebounding/model/ReboundingTerminationCondition.java","de.mkalb.etpetssim.simulations.rebounding.model","ReboundingTerminationCondition","CLASS","isFinished","METHOD","ReadableGridModel<ReboundingEntity>, int, ReboundingStatistics","public","","boolean","","@Override","","21"
"main","app/src/main/java/de/mkalb/etpetssim/simulations/rebounding/model/ReboundingUserAction.java","de.mkalb.etpetssim.simulations.rebounding.model","ReboundingUserAction","CLASS","apply","METHOD","ReboundingSimulationManager, ReboundingUserActionContext, GridCellView<ReboundingEntity>","public","","void","","@Override","","18"
"main","app/src/main/java/de/mkalb/etpetssim/simulations/rebounding/model/entity/EntityDescriptors.java","de.mkalb.etpetssim.simulations.rebounding.model.entity","EntityDescriptors","ENUM","<init>","CONSTRUCTOR","String, boolean, String, String, String, String, Color, Color","private","","","","","","42"
"main","app/src/main/java/de/mkalb/etpetssim/simulations/rebounding/model/entity/EntityDescriptors.java","de.mkalb.etpetssim.simulations.rebounding.model.entity","EntityDescriptors","ENUM","descriptorSpec","METHOD","","public","","GridEntityDescriptorSpec","","@Override","","61"
"main","app/src/main/java/de/mkalb/etpetssim/simulations/rebounding/model/entity/Rebounder.java","de.mkalb.etpetssim.simulations.rebounding.model.entity","Rebounder","CLASS","<init>","CONSTRUCTOR","CompassDirection","public","","","","","","9"
"main","app/src/main/java/de/mkalb/etpetssim/simulations/rebounding/model/entity/Rebounder.java","de.mkalb.etpetssim.simulations.rebounding.model.entity","Rebounder","CLASS","descriptorId","METHOD","","public","","String","","@Override","","13"
"main","app/src/main/java/de/mkalb/etpetssim/simulations/rebounding/model/entity/Rebounder.java","de.mkalb.etpetssim.simulations.rebounding.model.entity","Rebounder","CLASS","isGround","METHOD","","public","","boolean","","@Override","","18"
"main","app/src/main/java/de/mkalb/etpetssim/simulations/rebounding/model/entity/Rebounder.java","de.mkalb.etpetssim.simulations.rebounding.model.entity","Rebounder","CLASS","isWall","METHOD","","public","","boolean","","@Override","","23"
"main","app/src/main/java/de/mkalb/etpetssim/simulations/rebounding/model/entity/Rebounder.java","de.mkalb.etpetssim.simulations.rebounding.model.entity","Rebounder","CLASS","isRebounder","METHOD","","public","","boolean","","@Override","","28"
"main","app/src/main/java/de/mkalb/etpetssim/simulations/rebounding/model/entity/Rebounder.java","de.mkalb.etpetssim.simulations.rebounding.model.entity","Rebounder","CLASS","getDirection","METHOD","","public","","CompassDirection","","","","33"
"main","app/src/main/java/de/mkalb/etpetssim/simulations/rebounding/model/entity/Rebounder.java","de.mkalb.etpetssim.simulations.rebounding.model.entity","Rebounder","CLASS","setDirection","METHOD","CompassDirection","public","","void","","","","37"
"main","app/src/main/java/de/mkalb/etpetssim/simulations/rebounding/model/entity/Rebounder.java","de.mkalb.etpetssim.simulations.rebounding.model.entity","Rebounder","CLASS","toDisplayString","METHOD","","public","","String","","@Override","","41"
"main","app/src/main/java/de/mkalb/etpetssim/simulations/rebounding/model/entity/Rebounder.java","de.mkalb.etpetssim.simulations.rebounding.model.entity","Rebounder","CLASS","toString","METHOD","","public","","String","","@Override","","46"
"main","app/src/main/java/de/mkalb/etpetssim/simulations/rebounding/model/entity/ReboundingEntity.java","de.mkalb.etpetssim.simulations.rebounding.model.entity","ReboundingEntity","INTERFACE","isGround","METHOD","","public","","boolean","","","","20"
"main","app/src/main/java/de/mkalb/etpetssim/simulations/rebounding/model/entity/ReboundingEntity.java","de.mkalb.etpetssim.simulations.rebounding.model.entity","ReboundingEntity","INTERFACE","isWall","METHOD","","public","","boolean","","","","27"
"main","app/src/main/java/de/mkalb/etpetssim/simulations/rebounding/model/entity/ReboundingEntity.java","de.mkalb.etpetssim.simulations.rebounding.model.entity","ReboundingEntity","INTERFACE","isRebounder","METHOD","","public","","boolean","","","","34"
"main","app/src/main/java/de/mkalb/etpetssim/simulations/rebounding/model/entity/TerrainConstant.java","de.mkalb.etpetssim.simulations.rebounding.model.entity","TerrainConstant","ENUM","<init>","CONSTRUCTOR","String","private","","","","","","17"
"main","app/src/main/java/de/mkalb/etpetssim/simulations/rebounding/model/entity/TerrainConstant.java","de.mkalb.etpetssim.simulations.rebounding.model.entity","TerrainConstant","ENUM","descriptorId","METHOD","","public","","String","","@Override","","21"
"main","app/src/main/java/de/mkalb/etpetssim/simulations/rebounding/model/entity/TerrainConstant.java","de.mkalb.etpetssim.simulations.rebounding.model.entity","TerrainConstant","ENUM","isGround","METHOD","","public","","boolean","","@Override","","26"
"main","app/src/main/java/de/mkalb/etpetssim/simulations/rebounding/model/entity/TerrainConstant.java","de.mkalb.etpetssim.simulations.rebounding.model.entity","TerrainConstant","ENUM","isWall","METHOD","","public","","boolean","","@Override","","31"
"main","app/src/main/java/de/mkalb/etpetssim/simulations/rebounding/model/entity/TerrainConstant.java","de.mkalb.etpetssim.simulations.rebounding.model.entity","TerrainConstant","ENUM","isRebounder","METHOD","","public","","boolean","","@Override","","36"
"main","app/src/main/java/de/mkalb/etpetssim/simulations/rebounding/view/ReboundingConfigView.java","de.mkalb.etpetssim.simulations.rebounding.view","ReboundingConfigView","CLASS","<init>","CONSTRUCTOR","ReboundingConfigViewModel","public","","","","","","19"
"main","app/src/main/java/de/mkalb/etpetssim/simulations/rebounding/view/ReboundingConfigView.java","de.mkalb.etpetssim.simulations.rebounding.view","ReboundingConfigView","CLASS","buildConfigRegion","METHOD","","public","","Region","","@Override","","23"
"main","app/src/main/java/de/mkalb/etpetssim/simulations/rebounding/view/ReboundingMainView.java","de.mkalb.etpetssim.simulations.rebounding.view","ReboundingMainView","CLASS","<init>","CONSTRUCTOR","DefaultMainViewModel<ReboundingEntity, GridCell<ReboundingEntity>, WritableGridModel<ReboundingEntity>, ReboundingConfig, ReboundingStatistics, ReboundingSimulationManager, ReboundingUserActionContext>, ReboundingEditToolBarViewModel, GridEntityDescriptorRegistry, ReboundingConfigView, DefaultControlView, ReboundingObservationView","public","","","","","","65"
"main","app/src/main/java/de/mkalb/etpetssim/simulations/rebounding/view/ReboundingMainView.java","de.mkalb.etpetssim.simulations.rebounding.view","ReboundingMainView","CLASS","initSimulation","METHOD","ReboundingConfig, CellDimension, WritableGridModel<ReboundingEntity>","protected","","void","","@Override","","79"
"main","app/src/main/java/de/mkalb/etpetssim/simulations/rebounding/view/ReboundingMainView.java","de.mkalb.etpetssim.simulations.rebounding.view","ReboundingMainView","CLASS","handleGridCellSelected","METHOD","FXGridCanvasPainter, GridCell<ReboundingEntity>, GridCell<ReboundingEntity>","protected","","void","","@Override","","111"
"main","app/src/main/java/de/mkalb/etpetssim/simulations/rebounding/view/ReboundingMainView.java","de.mkalb.etpetssim.simulations.rebounding.view","ReboundingMainView","CLASS","drawSimulation","METHOD","WritableGridModel<ReboundingEntity>, int, int","protected","","void","","@Override","","125"
"main","app/src/main/java/de/mkalb/etpetssim/simulations/rebounding/view/ReboundingMainView.java","de.mkalb.etpetssim.simulations.rebounding.view","ReboundingMainView","CLASS","createUserActionDescriptors","METHOD","","protected","","List<SimulationUserActionDescriptor<ReboundingUserActionContext>>","","@Override","","144"
"main","app/src/main/java/de/mkalb/etpetssim/simulations/rebounding/view/ReboundingMainView.java","de.mkalb.etpetssim.simulations.rebounding.view","ReboundingMainView","CLASS","createEditToolBarOptionPanel","METHOD","ObjectProperty<String>","protected","","Node","","@Override","","180"
"main","app/src/main/java/de/mkalb/etpetssim/simulations/rebounding/view/ReboundingMainView.java","de.mkalb.etpetssim.simulations.rebounding.view","ReboundingMainView","CLASS","createDirectionCell","METHOD","","private","","ListCell<CompassDirection>","","","","246"
"main","app/src/main/java/de/mkalb/etpetssim/simulations/rebounding/view/ReboundingObservationView.java","de.mkalb.etpetssim.simulations.rebounding.view","ReboundingObservationView","CLASS","<init>","CONSTRUCTOR","DefaultObservationViewModel<ReboundingEntity, GridCell<ReboundingEntity>, ReboundingStatistics>, GridEntityDescriptorRegistry","public","","","","","","26"
"main","app/src/main/java/de/mkalb/etpetssim/simulations/rebounding/view/ReboundingObservationView.java","de.mkalb.etpetssim.simulations.rebounding.view","ReboundingObservationView","CLASS","onSelectedCellChanged","METHOD","GridCell<ReboundingEntity>","protected","","void","","@Override","","33"
"main","app/src/main/java/de/mkalb/etpetssim/simulations/rebounding/view/ReboundingObservationView.java","de.mkalb.etpetssim.simulations.rebounding.view","ReboundingObservationView","CLASS","buildObservationRegion","METHOD","","public","","Region","","@Override","","45"
"main","app/src/main/java/de/mkalb/etpetssim/simulations/rebounding/view/ReboundingObservationView.java","de.mkalb.etpetssim.simulations.rebounding.view","ReboundingObservationView","CLASS","updateObservationLabels","METHOD","","protected","","void","","@Override","","71"
"main","app/src/main/java/de/mkalb/etpetssim/simulations/rebounding/viewmodel/ReboundingConfigViewModel.java","de.mkalb.etpetssim.simulations.rebounding.viewmodel","ReboundingConfigViewModel","CLASS","<init>","CONSTRUCTOR","ReadOnlyObjectProperty<SimulationState>","public","","","","","","54"
"main","app/src/main/java/de/mkalb/etpetssim/simulations/rebounding/viewmodel/ReboundingConfigViewModel.java","de.mkalb.etpetssim.simulations.rebounding.viewmodel","ReboundingConfigViewModel","CLASS","getConfig","METHOD","","public","","ReboundingConfig","","@Override","","58"
"main","app/src/main/java/de/mkalb/etpetssim/simulations/rebounding/viewmodel/ReboundingConfigViewModel.java","de.mkalb.etpetssim.simulations.rebounding.viewmodel","ReboundingConfigViewModel","CLASS","verticalWallsProperty","METHOD","","public","","InputIntegerProperty","","","","74"
"main","app/src/main/java/de/mkalb/etpetssim/simulations/rebounding/viewmodel/ReboundingConfigViewModel.java","de.mkalb.etpetssim.simulations.rebounding.viewmodel","ReboundingConfigViewModel","CLASS","movingEntityPercentProperty","METHOD","","public","","InputDoubleProperty","","","","78"
"main","app/src/main/java/de/mkalb/etpetssim/simulations/rebounding/viewmodel/ReboundingConfigViewModel.java","de.mkalb.etpetssim.simulations.rebounding.viewmodel","ReboundingConfigViewModel","CLASS","neighborhoodModeProperty","METHOD","","public","","InputChoiceProperty<NeighborhoodMode>","","","","82"
"main","app/src/main/java/de/mkalb/etpetssim/simulations/rebounding/viewmodel/ReboundingEditToolBarViewModel.java","de.mkalb.etpetssim.simulations.rebounding.viewmodel","ReboundingEditToolBarViewModel","CLASS","availableDirections","METHOD","","public","","ObservableList<CompassDirection>","","","","17"
"main","app/src/main/java/de/mkalb/etpetssim/simulations/rebounding/viewmodel/ReboundingEditToolBarViewModel.java","de.mkalb.etpetssim.simulations.rebounding.viewmodel","ReboundingEditToolBarViewModel","CLASS","selectedDirectionProperty","METHOD","","public","","ObjectProperty<@Nullable CompassDirection>","","","","21"
"main","app/src/main/java/de/mkalb/etpetssim/simulations/rebounding/viewmodel/ReboundingEditToolBarViewModel.java","de.mkalb.etpetssim.simulations.rebounding.viewmodel","ReboundingEditToolBarViewModel","CLASS","getSelectedDirection","METHOD","","public","","CompassDirection","","@Nullable","","25"
"main","app/src/main/java/de/mkalb/etpetssim/simulations/rebounding/viewmodel/ReboundingEditToolBarViewModel.java","de.mkalb.etpetssim.simulations.rebounding.viewmodel","ReboundingEditToolBarViewModel","CLASS","setSelectedDirection","METHOD","CompassDirection","public","","void","","","","29"
"main","app/src/main/java/de/mkalb/etpetssim/simulations/rebounding/viewmodel/ReboundingEditToolBarViewModel.java","de.mkalb.etpetssim.simulations.rebounding.viewmodel","ReboundingEditToolBarViewModel","CLASS","updateAvailableDirections","METHOD","ReboundingConfig","public","","void","","","","35"
"main","app/src/main/java/de/mkalb/etpetssim/simulations/rebounding/viewmodel/ReboundingEditToolBarViewModel.java","de.mkalb.etpetssim.simulations.rebounding.viewmodel","ReboundingEditToolBarViewModel","CLASS","resolveSelectedAddRebounderContext","METHOD","","public","","Optional<ReboundingUserActionContext.AddRebounder>","","","","48"
"main","app/src/main/java/de/mkalb/etpetssim/simulations/snake/SnakeFactory.java","de.mkalb.etpetssim.simulations.snake","SnakeFactory","CLASS","<init>","CONSTRUCTOR","","private","","","","","","19"
"main","app/src/main/java/de/mkalb/etpetssim/simulations/snake/SnakeFactory.java","de.mkalb.etpetssim.simulations.snake","SnakeFactory","CLASS","createMainView","METHOD","","public","static","SimulationMainView","","@SuppressWarnings(""UnnecessaryLocalVariable"")","","22"
"main","app/src/main/java/de/mkalb/etpetssim/simulations/snake/model/SnakeConfig.java","de.mkalb.etpetssim.simulations.snake.model","SnakeConfig","RECORD","hasValidRanges","METHOD","","private","","boolean","","","","54"
"main","app/src/main/java/de/mkalb/etpetssim/simulations/snake/model/SnakeConfig.java","de.mkalb.etpetssim.simulations.snake.model","SnakeConfig","RECORD","isValid","METHOD","","public","","boolean","","@Override","","69"
"main","app/src/main/java/de/mkalb/etpetssim/simulations/snake/model/SnakeConstraints.java","de.mkalb.etpetssim.simulations.snake.model","SnakeConstraints","CLASS","<init>","CONSTRUCTOR","","private","","","","","","87"
"main","app/src/main/java/de/mkalb/etpetssim/simulations/snake/model/SnakeSimulationManager.java","de.mkalb.etpetssim.simulations.snake.model","SnakeSimulationManager","CLASS","<init>","CONSTRUCTOR","SnakeConfig","public","","","","","","42"
"main","app/src/main/java/de/mkalb/etpetssim/simulations/snake/model/SnakeSimulationManager.java","de.mkalb.etpetssim.simulations.snake.model","SnakeSimulationManager","CLASS","<init>","CONSTRUCTOR","SnakeConfig, SimulationInitializationCancellation","public","","","","","","46"
"main","app/src/main/java/de/mkalb/etpetssim/simulations/snake/model/SnakeSimulationManager.java","de.mkalb.etpetssim.simulations.snake.model","SnakeSimulationManager","CLASS","nextSnakeId","METHOD","","package-private","","int","","","","67"
"main","app/src/main/java/de/mkalb/etpetssim/simulations/snake/model/SnakeSimulationManager.java","de.mkalb.etpetssim.simulations.snake.model","SnakeSimulationManager","CLASS","incrementNextSnakeId","METHOD","","package-private","","void","","","","71"
"main","app/src/main/java/de/mkalb/etpetssim/simulations/snake/model/SnakeSimulationManager.java","de.mkalb.etpetssim.simulations.snake.model","SnakeSimulationManager","CLASS","initializeGrid","METHOD","SnakeConfig, WritableGridModel<SnakeEntity>, Random, SimulationInitializationCancellation","private","","void","","","","75"
"main","app/src/main/java/de/mkalb/etpetssim/simulations/snake/model/SnakeSimulationManager.java","de.mkalb.etpetssim.simulations.snake.model","SnakeSimulationManager","CLASS","wallInitializer","METHOD","SnakeConfig, Random, SimulationInitializationCancellation","private","","GridInitializer<SnakeEntity>","","","","84"
"main","app/src/main/java/de/mkalb/etpetssim/simulations/snake/model/SnakeSimulationManager.java","de.mkalb.etpetssim.simulations.snake.model","SnakeSimulationManager","CLASS","snakeInitializer","METHOD","SnakeConfig, Random, SimulationInitializationCancellation","private","","GridInitializer<SnakeEntity>","","","","127"
"main","app/src/main/java/de/mkalb/etpetssim/simulations/snake/model/SnakeSimulationManager.java","de.mkalb.etpetssim.simulations.snake.model","SnakeSimulationManager","CLASS","foodInitializer","METHOD","SnakeConfig, WritableGridModel<SnakeEntity>, Random, SimulationInitializationCancellation","private","","GridInitializer<SnakeEntity>","","@SuppressWarnings(""NumericCastThatLosesPrecision"")","","149"
"main","app/src/main/java/de/mkalb/etpetssim/simulations/snake/model/SnakeSimulationManager.java","de.mkalb.etpetssim.simulations.snake.model","SnakeSimulationManager","CLASS","structure","METHOD","","public","","GridStructure","","@Override","","167"
"main","app/src/main/java/de/mkalb/etpetssim/simulations/snake/model/SnakeSimulationManager.java","de.mkalb.etpetssim.simulations.snake.model","SnakeSimulationManager","CLASS","statistics","METHOD","","public","","SnakeStatistics","","@Override","","172"
"main","app/src/main/java/de/mkalb/etpetssim/simulations/snake/model/SnakeSimulationManager.java","de.mkalb.etpetssim.simulations.snake.model","SnakeSimulationManager","CLASS","updateStatistics","METHOD","","protected","","void","","@Override","","177"
"main","app/src/main/java/de/mkalb/etpetssim/simulations/snake/model/SnakeSimulationManager.java","de.mkalb.etpetssim.simulations.snake.model","SnakeSimulationManager","CLASS","initializeStatistics","METHOD","ReadableGridModel<SnakeEntity>","private","","void","","","","184"
"main","app/src/main/java/de/mkalb/etpetssim/simulations/snake/model/SnakeSimulationManager.java","de.mkalb.etpetssim.simulations.snake.model","SnakeSimulationManager","CLASS","executor","METHOD","","protected","","TimedSimulationExecutor<SnakeEntity, WritableGridModel<SnakeEntity>>","","@Override","","191"
"main","app/src/main/java/de/mkalb/etpetssim/simulations/snake/model/SnakeStatistics.java","de.mkalb.etpetssim.simulations.snake.model","SnakeStatistics","CLASS","<init>","CONSTRUCTOR","GridStructure","public","","","","","","32"
"main","app/src/main/java/de/mkalb/etpetssim/simulations/snake/model/SnakeStatistics.java","de.mkalb.etpetssim.simulations.snake.model","SnakeStatistics","CLASS","metrics","METHOD","","public","static","List<StatisticMetric<SnakeStatistics>>","","","","41"
"main","app/src/main/java/de/mkalb/etpetssim/simulations/snake/model/SnakeStatistics.java","de.mkalb.etpetssim.simulations.snake.model","SnakeStatistics","CLASS","initializeStartupCellCounts","METHOD","int, int, int","package-private","","void","","","","61"
"main","app/src/main/java/de/mkalb/etpetssim/simulations/snake/model/SnakeStatistics.java","de.mkalb.etpetssim.simulations.snake.model","SnakeStatistics","CLASS","decreaseSnakeHeadCells","METHOD","","public","","void","","","","70"
"main","app/src/main/java/de/mkalb/etpetssim/simulations/snake/model/SnakeStatistics.java","de.mkalb.etpetssim.simulations.snake.model","SnakeStatistics","CLASS","increaseSnakeHeadCells","METHOD","","public","","void","","","","74"
"main","app/src/main/java/de/mkalb/etpetssim/simulations/snake/model/SnakeStatistics.java","de.mkalb.etpetssim.simulations.snake.model","SnakeStatistics","CLASS","decreaseLivingSnakeHeadCells","METHOD","","public","","void","","","","78"
"main","app/src/main/java/de/mkalb/etpetssim/simulations/snake/model/SnakeStatistics.java","de.mkalb.etpetssim.simulations.snake.model","SnakeStatistics","CLASS","increaseLivingSnakeHeadCells","METHOD","","public","","void","","","","82"
"main","app/src/main/java/de/mkalb/etpetssim/simulations/snake/model/SnakeStatistics.java","de.mkalb.etpetssim.simulations.snake.model","SnakeStatistics","CLASS","decreaseFoodCells","METHOD","","public","","void","","","","86"
"main","app/src/main/java/de/mkalb/etpetssim/simulations/snake/model/SnakeStatistics.java","de.mkalb.etpetssim.simulations.snake.model","SnakeStatistics","CLASS","adjustWallCells","METHOD","int","public","","void","","","","90"
"main","app/src/main/java/de/mkalb/etpetssim/simulations/snake/model/SnakeStatistics.java","de.mkalb.etpetssim.simulations.snake.model","SnakeStatistics","CLASS","adjustFoodCells","METHOD","int","public","","void","","","","94"
"main","app/src/main/java/de/mkalb/etpetssim/simulations/snake/model/SnakeStatistics.java","de.mkalb.etpetssim.simulations.snake.model","SnakeStatistics","CLASS","incrementCumulativeSnakeDeathCount","METHOD","","package-private","","void","","","","98"
"main","app/src/main/java/de/mkalb/etpetssim/simulations/snake/model/SnakeStatistics.java","de.mkalb.etpetssim.simulations.snake.model","SnakeStatistics","CLASS","getSnakeHeadCells","METHOD","","public","","int","","","","102"
"main","app/src/main/java/de/mkalb/etpetssim/simulations/snake/model/SnakeStatistics.java","de.mkalb.etpetssim.simulations.snake.model","SnakeStatistics","CLASS","getLivingSnakeHeadCells","METHOD","","public","","int","","","","106"
"main","app/src/main/java/de/mkalb/etpetssim/simulations/snake/model/SnakeStatistics.java","de.mkalb.etpetssim.simulations.snake.model","SnakeStatistics","CLASS","getFoodCells","METHOD","","public","","int","","","","110"
"main","app/src/main/java/de/mkalb/etpetssim/simulations/snake/model/SnakeStatistics.java","de.mkalb.etpetssim.simulations.snake.model","SnakeStatistics","CLASS","getWallCells","METHOD","","public","","int","","","","114"
"main","app/src/main/java/de/mkalb/etpetssim/simulations/snake/model/SnakeStatistics.java","de.mkalb.etpetssim.simulations.snake.model","SnakeStatistics","CLASS","getCumulativeSnakeDeathCount","METHOD","","public","","int","","","","118"
"main","app/src/main/java/de/mkalb/etpetssim/simulations/snake/model/SnakeStatistics.java","de.mkalb.etpetssim.simulations.snake.model","SnakeStatistics","CLASS","toString","METHOD","","public","","String","","@Override","","122"
"main","app/src/main/java/de/mkalb/etpetssim/simulations/snake/model/SnakeStepLogic.java","de.mkalb.etpetssim.simulations.snake.model","SnakeStepLogic","CLASS","<init>","CONSTRUCTOR","GridStructure, SnakeConfig, Random","public","","","","","","20"
"main","app/src/main/java/de/mkalb/etpetssim/simulations/snake/model/SnakeStepLogic.java","de.mkalb.etpetssim.simulations.snake.model","SnakeStepLogic","CLASS","performAgentStep","METHOD","GridCell<SnakeEntity>, WritableGridModel<SnakeEntity>, int, SnakeStatistics","public","","void","","@Override","","37"
"main","app/src/main/java/de/mkalb/etpetssim/simulations/snake/model/SnakeStepLogic.java","de.mkalb.etpetssim.simulations.snake.model","SnakeStepLogic","CLASS","removeAndRespawnDeadSnake","METHOD","SnakeHead, GridCoordinate, WritableGridModel<SnakeEntity>, int, SnakeStatistics","private","","void","","","","60"
"main","app/src/main/java/de/mkalb/etpetssim/simulations/snake/model/SnakeStepLogic.java","de.mkalb.etpetssim.simulations.snake.model","SnakeStepLogic","CLASS","moveSnake","METHOD","SnakeHead, GridCoordinate, MoveDecision, WritableGridModel<SnakeEntity>, SnakeStatistics","private","","void","","@SuppressWarnings(""NumericCastThatLosesPrecision"")","","84"
"main","app/src/main/java/de/mkalb/etpetssim/simulations/snake/model/SnakeStepLogic.java","de.mkalb.etpetssim.simulations.snake.model","SnakeStepLogic","CLASS","killSnake","METHOD","SnakeHead, SnakeStatistics","private","","void","","","","110"
"main","app/src/main/java/de/mkalb/etpetssim/simulations/snake/model/SnakeStepLogic.java","de.mkalb.etpetssim.simulations.snake.model","SnakeStepLogic","CLASS","buildStrategyContext","METHOD","SnakeHead, GridCoordinate, ReadableGridModel<SnakeEntity>","private","","MoveContext","","","","117"
"main","app/src/main/java/de/mkalb/etpetssim/simulations/snake/model/SnakeTerminationCondition.java","de.mkalb.etpetssim.simulations.snake.model","SnakeTerminationCondition","CLASS","isFinished","METHOD","ReadableGridModel<SnakeEntity>, int, SnakeStatistics","public","","boolean","","@Override","","10"
"main","app/src/main/java/de/mkalb/etpetssim/simulations/snake/model/SnakeUserAction.java","de.mkalb.etpetssim.simulations.snake.model","SnakeUserAction","CLASS","apply","METHOD","SnakeSimulationManager, SnakeUserActionContext, GridCellView<SnakeEntity>","public","","void","","@Override","","21"
"main","app/src/main/java/de/mkalb/etpetssim/simulations/snake/model/SnakeUserAction.java","de.mkalb.etpetssim.simulations.snake.model","SnakeUserAction","CLASS","applyFixedAction","METHOD","WritableGridModel<SnakeEntity>, SnakeStatistics, GridCoordinate, SnakeEntity, SnakeUserActionContext.FixedAction","private","","void","","","","51"
"main","app/src/main/java/de/mkalb/etpetssim/simulations/snake/model/SnakeUserAction.java","de.mkalb.etpetssim.simulations.snake.model","SnakeUserAction","CLASS","findSnakeHeadCoordinateBySegment","METHOD","ReadableGridModel<SnakeEntity>, GridCoordinate","private","","Optional<GridCoordinate>","","","","97"
"main","app/src/main/java/de/mkalb/etpetssim/simulations/snake/model/SnakeUserAction.java","de.mkalb.etpetssim.simulations.snake.model","SnakeUserAction","CLASS","removeSnake","METHOD","WritableGridModel<SnakeEntity>, SnakeStatistics, GridCoordinate, SnakeHead","private","","void","","","","107"
"main","app/src/main/java/de/mkalb/etpetssim/simulations/snake/model/entity/EntityDescriptors.java","de.mkalb.etpetssim.simulations.snake.model.entity","EntityDescriptors","ENUM","<init>","CONSTRUCTOR","String, boolean, String, String, String, String, Color, Color","private","","","","","","67"
"main","app/src/main/java/de/mkalb/etpetssim/simulations/snake/model/entity/EntityDescriptors.java","de.mkalb.etpetssim.simulations.snake.model.entity","EntityDescriptors","ENUM","descriptorSpec","METHOD","","public","","GridEntityDescriptorSpec","","@Override","","86"
"main","app/src/main/java/de/mkalb/etpetssim/simulations/snake/model/entity/SnakeEntity.java","de.mkalb.etpetssim.simulations.snake.model.entity","SnakeEntity","INTERFACE","isAgent","METHOD","","public","","boolean","","","","22"
"main","app/src/main/java/de/mkalb/etpetssim/simulations/snake/model/entity/SnakeEntity.java","de.mkalb.etpetssim.simulations.snake.model.entity","SnakeEntity","INTERFACE","isGround","METHOD","","public","default","boolean","","","","29"
"main","app/src/main/java/de/mkalb/etpetssim/simulations/snake/model/entity/SnakeEntity.java","de.mkalb.etpetssim.simulations.snake.model.entity","SnakeEntity","INTERFACE","isWall","METHOD","","public","default","boolean","","","","38"
"main","app/src/main/java/de/mkalb/etpetssim/simulations/snake/model/entity/SnakeEntity.java","de.mkalb.etpetssim.simulations.snake.model.entity","SnakeEntity","INTERFACE","isFood","METHOD","","public","default","boolean","","","","47"
"main","app/src/main/java/de/mkalb/etpetssim/simulations/snake/model/entity/SnakeHead.java","de.mkalb.etpetssim.simulations.snake.model.entity","SnakeHead","CLASS","<init>","CONSTRUCTOR","int, SnakeMoveStrategy, int, int","public","","","","","","24"
"main","app/src/main/java/de/mkalb/etpetssim/simulations/snake/model/entity/SnakeHead.java","de.mkalb.etpetssim.simulations.snake.model.entity","SnakeHead","CLASS","descriptorId","METHOD","","public","","String","","@Override","","43"
"main","app/src/main/java/de/mkalb/etpetssim/simulations/snake/model/entity/SnakeHead.java","de.mkalb.etpetssim.simulations.snake.model.entity","SnakeHead","CLASS","isAgent","METHOD","","public","","boolean","","@Override","","48"
"main","app/src/main/java/de/mkalb/etpetssim/simulations/snake/model/entity/SnakeHead.java","de.mkalb.etpetssim.simulations.snake.model.entity","SnakeHead","CLASS","id","METHOD","","public","","int","","","","53"
"main","app/src/main/java/de/mkalb/etpetssim/simulations/snake/model/entity/SnakeHead.java","de.mkalb.etpetssim.simulations.snake.model.entity","SnakeHead","CLASS","strategy","METHOD","","public","","SnakeMoveStrategy","","","","57"
"main","app/src/main/java/de/mkalb/etpetssim/simulations/snake/model/entity/SnakeHead.java","de.mkalb.etpetssim.simulations.snake.model.entity","SnakeHead","CLASS","pendingGrowth","METHOD","","public","","int","","","","61"
"main","app/src/main/java/de/mkalb/etpetssim/simulations/snake/model/entity/SnakeHead.java","de.mkalb.etpetssim.simulations.snake.model.entity","SnakeHead","CLASS","deaths","METHOD","","public","","int","","","","65"
"main","app/src/main/java/de/mkalb/etpetssim/simulations/snake/model/entity/SnakeHead.java","de.mkalb.etpetssim.simulations.snake.model.entity","SnakeHead","CLASS","points","METHOD","","public","","int","","","","69"
"main","app/src/main/java/de/mkalb/etpetssim/simulations/snake/model/entity/SnakeHead.java","de.mkalb.etpetssim.simulations.snake.model.entity","SnakeHead","CLASS","maxSegmentCount","METHOD","","public","","int","","","","73"
"main","app/src/main/java/de/mkalb/etpetssim/simulations/snake/model/entity/SnakeHead.java","de.mkalb.etpetssim.simulations.snake.model.entity","SnakeHead","CLASS","stepIndexOfSpawn","METHOD","","public","","int","","","","77"
"main","app/src/main/java/de/mkalb/etpetssim/simulations/snake/model/entity/SnakeHead.java","de.mkalb.etpetssim.simulations.snake.model.entity","SnakeHead","CLASS","ageAtStepIndex","METHOD","int","public","","int","","","","81"
"main","app/src/main/java/de/mkalb/etpetssim/simulations/snake/model/entity/SnakeHead.java","de.mkalb.etpetssim.simulations.snake.model.entity","SnakeHead","CLASS","ageAtStepCount","METHOD","int","public","","int","","","","85"
"main","app/src/main/java/de/mkalb/etpetssim/simulations/snake/model/entity/SnakeHead.java","de.mkalb.etpetssim.simulations.snake.model.entity","SnakeHead","CLASS","isDead","METHOD","","public","","boolean","","","","89"
"main","app/src/main/java/de/mkalb/etpetssim/simulations/snake/model/entity/SnakeHead.java","de.mkalb.etpetssim.simulations.snake.model.entity","SnakeHead","CLASS","direction","METHOD","","public","","Optional<CompassDirection>","","","","93"
"main","app/src/main/java/de/mkalb/etpetssim/simulations/snake/model/entity/SnakeHead.java","de.mkalb.etpetssim.simulations.snake.model.entity","SnakeHead","CLASS","currentSegments","METHOD","","public","","List<GridCoordinate>","","","","97"
"main","app/src/main/java/de/mkalb/etpetssim/simulations/snake/model/entity/SnakeHead.java","de.mkalb.etpetssim.simulations.snake.model.entity","SnakeHead","CLASS","segmentCount","METHOD","","public","","int","","","","101"
"main","app/src/main/java/de/mkalb/etpetssim/simulations/snake/model/entity/SnakeHead.java","de.mkalb.etpetssim.simulations.snake.model.entity","SnakeHead","CLASS","move","METHOD","GridCoordinate, CompassDirection, int, int","public","","Optional<GridCoordinate>","","","","105"
"main","app/src/main/java/de/mkalb/etpetssim/simulations/snake/model/entity/SnakeHead.java","de.mkalb.etpetssim.simulations.snake.model.entity","SnakeHead","CLASS","die","METHOD","","public","","void","","","","121"
"main","app/src/main/java/de/mkalb/etpetssim/simulations/snake/model/entity/SnakeHead.java","de.mkalb.etpetssim.simulations.snake.model.entity","SnakeHead","CLASS","respawn","METHOD","int, int","public","","void","","","","126"
"main","app/src/main/java/de/mkalb/etpetssim/simulations/snake/model/entity/SnakeHead.java","de.mkalb.etpetssim.simulations.snake.model.entity","SnakeHead","CLASS","toDisplayString","METHOD","","public","","String","","@Override","","134"
"main","app/src/main/java/de/mkalb/etpetssim/simulations/snake/model/entity/SnakeHead.java","de.mkalb.etpetssim.simulations.snake.model.entity","SnakeHead","CLASS","toString","METHOD","","public","","String","","@Override","","145"
"main","app/src/main/java/de/mkalb/etpetssim/simulations/snake/model/entity/TerrainConstant.java","de.mkalb.etpetssim.simulations.snake.model.entity","TerrainConstant","ENUM","<init>","CONSTRUCTOR","String","private","","","","","","19"
"main","app/src/main/java/de/mkalb/etpetssim/simulations/snake/model/entity/TerrainConstant.java","de.mkalb.etpetssim.simulations.snake.model.entity","TerrainConstant","ENUM","descriptorId","METHOD","","public","","String","","@Override","","23"
"main","app/src/main/java/de/mkalb/etpetssim/simulations/snake/model/entity/TerrainConstant.java","de.mkalb.etpetssim.simulations.snake.model.entity","TerrainConstant","ENUM","isAgent","METHOD","","public","","boolean","","@Override","","28"
"main","app/src/main/java/de/mkalb/etpetssim/simulations/snake/model/strategy/AnonymousMoveStrategy.java","de.mkalb.etpetssim.simulations.snake.model.strategy","AnonymousMoveStrategy","INTERFACE","name","METHOD","","public","default","String","","@Override","","9"
"main","app/src/main/java/de/mkalb/etpetssim/simulations/snake/model/strategy/MoveDecision.java","de.mkalb.etpetssim.simulations.snake.model.strategy","MoveDecision","INTERFACE","targetCoordinate","METHOD","","public","","GridCoordinate","","","","16"
"main","app/src/main/java/de/mkalb/etpetssim/simulations/snake/model/strategy/MoveDecision.java","de.mkalb.etpetssim.simulations.snake.model.strategy","MoveDecision","INTERFACE","direction","METHOD","","public","","CompassDirection","","","","23"
"main","app/src/main/java/de/mkalb/etpetssim/simulations/snake/model/strategy/MoveDecision.java","de.mkalb.etpetssim.simulations.snake.model.strategy","MoveDecision","INTERFACE","isFoodTarget","METHOD","","public","","boolean","","","","30"
"main","app/src/main/java/de/mkalb/etpetssim/simulations/snake/model/strategy/NamedMoveStrategy.java","de.mkalb.etpetssim.simulations.snake.model.strategy","NamedMoveStrategy","RECORD","decideMove","METHOD","MoveContext","public","","Optional<MoveDecision>","","@Override","","9"
"main","app/src/main/java/de/mkalb/etpetssim/simulations/snake/model/strategy/NamedMoveStrategy.java","de.mkalb.etpetssim.simulations.snake.model.strategy","NamedMoveStrategy","RECORD","toString","METHOD","","public","","String","","@Override","","14"
"main","app/src/main/java/de/mkalb/etpetssim/simulations/snake/model/strategy/SnakeMoveStrategies.java","de.mkalb.etpetssim.simulations.snake.model.strategy","SnakeMoveStrategies","CLASS","<init>","CONSTRUCTOR","","private","","","","","","60"
"main","app/src/main/java/de/mkalb/etpetssim/simulations/snake/model/strategy/SnakeMoveStrategies.java","de.mkalb.etpetssim.simulations.snake.model.strategy","SnakeMoveStrategies","CLASS","strategiesForConfig","METHOD","","public","static","List<SnakeMoveStrategy>","","","","63"
"main","app/src/main/java/de/mkalb/etpetssim/simulations/snake/model/strategy/SnakeMoveStrategies.java","de.mkalb.etpetssim.simulations.snake.model.strategy","SnakeMoveStrategies","CLASS","pickRandomTopScoredMove","METHOD","List<ScoredMove>, Random","private","static","Optional<MoveDecision>","","","","82"
"main","app/src/main/java/de/mkalb/etpetssim/simulations/snake/model/strategy/SnakeMoveStrategies.java","de.mkalb.etpetssim.simulations.snake.model.strategy","SnakeMoveStrategies","CLASS","createScoredMove","METHOD","int, CellNeighborWithEdgeBehavior, boolean","private","static","ScoredMove","","","","110"
"main","app/src/main/java/de/mkalb/etpetssim/simulations/snake/model/strategy/SnakeMoveStrategies.java","de.mkalb.etpetssim.simulations.snake.model.strategy","SnakeMoveStrategies","CLASS","scoreAndPick","METHOD","MoveContext, int, int, int, int, int, int","private","static","Optional<MoveDecision>","","","","119"
"main","app/src/main/java/de/mkalb/etpetssim/simulations/snake/model/strategy/SnakeMoveStrategies.java","de.mkalb.etpetssim.simulations.snake.model.strategy","SnakeMoveStrategies","CLASS","scoreNeighbors","METHOD","MoveContext, List<CellNeighborWithEdgeBehavior>, boolean, int, int, int, int, int, CompassDirection, List<CompassDirection>, List<GridCoordinate>, List<ScoredMove>","private","static","void","","","","164"
"main","app/src/main/java/de/mkalb/etpetssim/simulations/snake/model/strategy/SnakeMoveStrategies.java","de.mkalb.etpetssim.simulations.snake.model.strategy","SnakeMoveStrategies","CLASS","isVertical","METHOD","CompassDirection","private","static","boolean","","","","206"
"main","app/src/main/java/de/mkalb/etpetssim/simulations/snake/model/strategy/SnakeMoveStrategies.java","de.mkalb.etpetssim.simulations.snake.model.strategy","SnakeMoveStrategies","CLASS","hasNeighborIn","METHOD","GridCoordinate, Collection<GridCoordinate>, NeighborhoodMode, GridStructure","private","static","boolean","","","","210"
"main","app/src/main/java/de/mkalb/etpetssim/simulations/snake/model/strategy/SnakeMoveStrategy.java","de.mkalb.etpetssim.simulations.snake.model.strategy","SnakeMoveStrategy","INTERFACE","decideMove","METHOD","MoveContext","public","","Optional<MoveDecision>","","","","16"
"main","app/src/main/java/de/mkalb/etpetssim/simulations/snake/model/strategy/SnakeMoveStrategy.java","de.mkalb.etpetssim.simulations.snake.model.strategy","SnakeMoveStrategy","INTERFACE","name","METHOD","","public","","String","","","","23"
"main","app/src/main/java/de/mkalb/etpetssim/simulations/snake/shared/SnakeDeathMode.java","de.mkalb.etpetssim.simulations.snake.shared","SnakeDeathMode","ENUM","<init>","CONSTRUCTOR","String","private","","","","","","24"
"main","app/src/main/java/de/mkalb/etpetssim/simulations/snake/shared/SnakeDeathMode.java","de.mkalb.etpetssim.simulations.snake.shared","SnakeDeathMode","ENUM","labelResourceKey","METHOD","","public","static","String","","@SuppressWarnings(""SameReturnValue"")","","36"
"main","app/src/main/java/de/mkalb/etpetssim/simulations/snake/shared/SnakeDeathMode.java","de.mkalb.etpetssim.simulations.snake.shared","SnakeDeathMode","ENUM","resourceKey","METHOD","","public","","String","","","","48"
"main","app/src/main/java/de/mkalb/etpetssim/simulations/snake/view/SnakeConfigView.java","de.mkalb.etpetssim.simulations.snake.view","SnakeConfigView","CLASS","<init>","CONSTRUCTOR","SnakeConfigViewModel","public","","","","","","33"
"main","app/src/main/java/de/mkalb/etpetssim/simulations/snake/view/SnakeConfigView.java","de.mkalb.etpetssim.simulations.snake.view","SnakeConfigView","CLASS","buildConfigRegion","METHOD","","public","","Region","","@Override","","37"
"main","app/src/main/java/de/mkalb/etpetssim/simulations/snake/view/SnakeMainView.java","de.mkalb.etpetssim.simulations.snake.view","SnakeMainView","CLASS","<init>","CONSTRUCTOR","DefaultMainViewModel<SnakeEntity, GridCell<SnakeEntity>, WritableGridModel<SnakeEntity>, SnakeConfig, SnakeStatistics, SnakeSimulationManager, SnakeUserActionContext>, SnakeEditToolBarViewModel, GridEntityDescriptorRegistry, SnakeConfigView, DefaultControlView, SnakeObservationView","public","","","","","","80"
"main","app/src/main/java/de/mkalb/etpetssim/simulations/snake/view/SnakeMainView.java","de.mkalb.etpetssim.simulations.snake.view","SnakeMainView","CLASS","toSelectedColor","METHOD","Color","private","static","Color","","","","94"
"main","app/src/main/java/de/mkalb/etpetssim/simulations/snake/view/SnakeMainView.java","de.mkalb.etpetssim.simulations.snake.view","SnakeMainView","CLASS","toDeadFillColor","METHOD","Color, double","private","static","Color","","","","98"
"main","app/src/main/java/de/mkalb/etpetssim/simulations/snake/view/SnakeMainView.java","de.mkalb.etpetssim.simulations.snake.view","SnakeMainView","CLASS","toDeadBorderColor","METHOD","Color, double","private","static","Color","","","","102"
"main","app/src/main/java/de/mkalb/etpetssim/simulations/snake/view/SnakeMainView.java","de.mkalb.etpetssim.simulations.snake.view","SnakeMainView","CLASS","toDeadColor","METHOD","Color, double, double","private","static","Color","","","","106"
"main","app/src/main/java/de/mkalb/etpetssim/simulations/snake/view/SnakeMainView.java","de.mkalb.etpetssim.simulations.snake.view","SnakeMainView","CLASS","initSimulation","METHOD","SnakeConfig, CellDimension, WritableGridModel<SnakeEntity>","protected","","void","","@Override","","110"
"main","app/src/main/java/de/mkalb/etpetssim/simulations/snake/view/SnakeMainView.java","de.mkalb.etpetssim.simulations.snake.view","SnakeMainView","CLASS","handleGridCellSelected","METHOD","FXGridCanvasPainter, GridCell<SnakeEntity>, GridCell<SnakeEntity>","protected","","void","","@Override","","122"
"main","app/src/main/java/de/mkalb/etpetssim/simulations/snake/view/SnakeMainView.java","de.mkalb.etpetssim.simulations.snake.view","SnakeMainView","CLASS","drawSimulation","METHOD","WritableGridModel<SnakeEntity>, int, int","protected","","void","","@Override","","142"
"main","app/src/main/java/de/mkalb/etpetssim/simulations/snake/view/SnakeMainView.java","de.mkalb.etpetssim.simulations.snake.view","SnakeMainView","CLASS","createUserActionDescriptors","METHOD","","protected","","List<SimulationUserActionDescriptor<SnakeUserActionContext>>","","@Override","","214"
"main","app/src/main/java/de/mkalb/etpetssim/simulations/snake/view/SnakeMainView.java","de.mkalb.etpetssim.simulations.snake.view","SnakeMainView","CLASS","createEditToolBarOptionPanel","METHOD","ObjectProperty<String>","protected","","Node","","@Override","","257"
"main","app/src/main/java/de/mkalb/etpetssim/simulations/snake/view/SnakeMainView.java","de.mkalb.etpetssim.simulations.snake.view","SnakeMainView","CLASS","isSelected","METHOD","SnakeHead","private","","boolean","","","","289"
"main","app/src/main/java/de/mkalb/etpetssim/simulations/snake/view/SnakeObservationView.java","de.mkalb.etpetssim.simulations.snake.view","SnakeObservationView","CLASS","<init>","CONSTRUCTOR","DefaultObservationViewModel<SnakeEntity, GridCell<SnakeEntity>, SnakeStatistics>, GridEntityDescriptorRegistry","public","","","","","","38"
"main","app/src/main/java/de/mkalb/etpetssim/simulations/snake/view/SnakeObservationView.java","de.mkalb.etpetssim.simulations.snake.view","SnakeObservationView","CLASS","onSelectedCellChanged","METHOD","GridCell<SnakeEntity>","protected","","void","","@Override","","45"
"main","app/src/main/java/de/mkalb/etpetssim/simulations/snake/view/SnakeObservationView.java","de.mkalb.etpetssim.simulations.snake.view","SnakeObservationView","CLASS","buildObservationRegion","METHOD","","public","","Region","","@Override","","71"
"main","app/src/main/java/de/mkalb/etpetssim/simulations/snake/view/SnakeObservationView.java","de.mkalb.etpetssim.simulations.snake.view","SnakeObservationView","CLASS","updateObservationLabels","METHOD","","protected","","void","","@Override","","109"
"main","app/src/main/java/de/mkalb/etpetssim/simulations/snake/viewmodel/SnakeConfigViewModel.java","de.mkalb.etpetssim.simulations.snake.viewmodel","SnakeConfigViewModel","CLASS","<init>","CONSTRUCTOR","ReadOnlyObjectProperty<SimulationState>","public","","","","","","84"
"main","app/src/main/java/de/mkalb/etpetssim/simulations/snake/viewmodel/SnakeConfigViewModel.java","de.mkalb.etpetssim.simulations.snake.viewmodel","SnakeConfigViewModel","CLASS","getConfig","METHOD","","public","","SnakeConfig","","@Override","","88"
"main","app/src/main/java/de/mkalb/etpetssim/simulations/snake/viewmodel/SnakeConfigViewModel.java","de.mkalb.etpetssim.simulations.snake.viewmodel","SnakeConfigViewModel","CLASS","verticalWallsProperty","METHOD","","public","","InputIntegerProperty","","","","113"
"main","app/src/main/java/de/mkalb/etpetssim/simulations/snake/viewmodel/SnakeConfigViewModel.java","de.mkalb.etpetssim.simulations.snake.viewmodel","SnakeConfigViewModel","CLASS","foodCellsProperty","METHOD","","public","","InputIntegerProperty","","","","117"
"main","app/src/main/java/de/mkalb/etpetssim/simulations/snake/viewmodel/SnakeConfigViewModel.java","de.mkalb.etpetssim.simulations.snake.viewmodel","SnakeConfigViewModel","CLASS","snakesProperty","METHOD","","public","","InputIntegerProperty","","","","121"
"main","app/src/main/java/de/mkalb/etpetssim/simulations/snake/viewmodel/SnakeConfigViewModel.java","de.mkalb.etpetssim.simulations.snake.viewmodel","SnakeConfigViewModel","CLASS","initialPendingGrowthProperty","METHOD","","public","","InputIntegerProperty","","","","125"
"main","app/src/main/java/de/mkalb/etpetssim/simulations/snake/viewmodel/SnakeConfigViewModel.java","de.mkalb.etpetssim.simulations.snake.viewmodel","SnakeConfigViewModel","CLASS","deathModeProperty","METHOD","","public","","InputChoiceProperty<SnakeDeathMode>","","","","129"
"main","app/src/main/java/de/mkalb/etpetssim/simulations/snake/viewmodel/SnakeConfigViewModel.java","de.mkalb.etpetssim.simulations.snake.viewmodel","SnakeConfigViewModel","CLASS","growthPerFoodProperty","METHOD","","public","","InputIntegerProperty","","","","133"
"main","app/src/main/java/de/mkalb/etpetssim/simulations/snake/viewmodel/SnakeConfigViewModel.java","de.mkalb.etpetssim.simulations.snake.viewmodel","SnakeConfigViewModel","CLASS","basePointsPerFoodProperty","METHOD","","public","","InputIntegerProperty","","","","137"
"main","app/src/main/java/de/mkalb/etpetssim/simulations/snake/viewmodel/SnakeConfigViewModel.java","de.mkalb.etpetssim.simulations.snake.viewmodel","SnakeConfigViewModel","CLASS","segmentLengthMultiplierProperty","METHOD","","public","","InputDoubleProperty","","","","141"
"main","app/src/main/java/de/mkalb/etpetssim/simulations/snake/viewmodel/SnakeEditToolBarViewModel.java","de.mkalb.etpetssim.simulations.snake.viewmodel","SnakeEditToolBarViewModel","CLASS","<init>","CONSTRUCTOR","","public","","","","","","12"
"main","app/src/main/java/de/mkalb/etpetssim/simulations/snake/viewmodel/SnakeEditToolBarViewModel.java","de.mkalb.etpetssim.simulations.snake.viewmodel","SnakeEditToolBarViewModel","CLASS","availableStrategies","METHOD","","public","","List<SnakeMoveStrategy>","","","","23"
"main","app/src/main/java/de/mkalb/etpetssim/simulations/snake/viewmodel/SnakeEditToolBarViewModel.java","de.mkalb.etpetssim.simulations.snake.viewmodel","SnakeEditToolBarViewModel","CLASS","selectedStrategyProperty","METHOD","","public","","InputChoiceProperty<SnakeMoveStrategy>","","","","27"
"main","app/src/main/java/de/mkalb/etpetssim/simulations/snake/viewmodel/SnakeEditToolBarViewModel.java","de.mkalb.etpetssim.simulations.snake.viewmodel","SnakeEditToolBarViewModel","CLASS","getSelectedStrategy","METHOD","","public","","SnakeMoveStrategy","","","","31"
"main","app/src/main/java/de/mkalb/etpetssim/simulations/snake/viewmodel/SnakeEditToolBarViewModel.java","de.mkalb.etpetssim.simulations.snake.viewmodel","SnakeEditToolBarViewModel","CLASS","setSelectedStrategy","METHOD","SnakeMoveStrategy","public","","void","","","","35"
"main","app/src/main/java/de/mkalb/etpetssim/simulations/start/StartFactory.java","de.mkalb.etpetssim.simulations.start","StartFactory","CLASS","<init>","CONSTRUCTOR","","private","","","","","","14"
"main","app/src/main/java/de/mkalb/etpetssim/simulations/start/StartFactory.java","de.mkalb.etpetssim.simulations.start","StartFactory","CLASS","createMainView","METHOD","Stage, BiConsumer<Stage, SimulationType>","public","static","SimulationMainView","","@SuppressWarnings(""UnnecessaryLocalVariable"")","","17"
"main","app/src/main/java/de/mkalb/etpetssim/simulations/start/StartMainView.java","de.mkalb.etpetssim.simulations.start","StartMainView","CLASS","<init>","CONSTRUCTOR","Stage, BiConsumer<Stage, SimulationType>","public","","","","","","34"
"main","app/src/main/java/de/mkalb/etpetssim/simulations/start/StartMainView.java","de.mkalb.etpetssim.simulations.start","StartMainView","CLASS","buildMainRegion","METHOD","","public","","Region","","@Override","","40"
"main","app/src/main/java/de/mkalb/etpetssim/simulations/start/StartMainView.java","de.mkalb.etpetssim.simulations.start","StartMainView","CLASS","shutdownSimulation","METHOD","","public","","SimulationTermination","","@Override","","45"
"main","app/src/main/java/de/mkalb/etpetssim/simulations/start/StartMainView.java","de.mkalb.etpetssim.simulations.start","StartMainView","CLASS","buildControlRegion","METHOD","","public","","Region","","@Override","","50"
"main","app/src/main/java/de/mkalb/etpetssim/simulations/start/StartMainView.java","de.mkalb.etpetssim.simulations.start","StartMainView","CLASS","updateStepCount","METHOD","int","public","","void","","@Override","","79"
"main","app/src/main/java/de/mkalb/etpetssim/simulations/sugar/SugarFactory.java","de.mkalb.etpetssim.simulations.sugar","SugarFactory","CLASS","<init>","CONSTRUCTOR","","private","","","","","","18"
"main","app/src/main/java/de/mkalb/etpetssim/simulations/sugar/SugarFactory.java","de.mkalb.etpetssim.simulations.sugar","SugarFactory","CLASS","createMainView","METHOD","","public","static","SimulationMainView","","@SuppressWarnings(""UnnecessaryLocalVariable"")","","21"
"main","app/src/main/java/de/mkalb/etpetssim/simulations/sugar/model/SugarAgentLogic.java","de.mkalb.etpetssim.simulations.sugar.model","SugarAgentLogic","CLASS","<init>","CONSTRUCTOR","","private","","","","","","23"
"main","app/src/main/java/de/mkalb/etpetssim/simulations/sugar/model/SugarAgentLogic.java","de.mkalb.etpetssim.simulations.sugar.model","SugarAgentLogic","CLASS","apply","METHOD","SugarConfig, Random, SugarGridModel, int, SugarStatistics","public","static","void","","","","26"
"main","app/src/main/java/de/mkalb/etpetssim/simulations/sugar/model/SugarAgentLogic.java","de.mkalb.etpetssim.simulations.sugar.model","SugarAgentLogic","CLASS","findRandomFreeCell","METHOD","GridStructure, Random, WritableGridModel<AgentEntity>","private","static","Optional<GridCoordinate>","","","","86"
"main","app/src/main/java/de/mkalb/etpetssim/simulations/sugar/model/SugarAgentLogic.java","de.mkalb.etpetssim.simulations.sugar.model","SugarAgentLogic","CLASS","collectMoveCandidates","METHOD","GridCoordinate, SugarConfig, GridStructure, WritableGridModel<AgentEntity>, WritableGridModel<ResourceEntity>","private","static","List<AgentMoveCandidate>","","","","116"
"main","app/src/main/java/de/mkalb/etpetssim/simulations/sugar/model/SugarAgentLogic.java","de.mkalb.etpetssim.simulations.sugar.model","SugarAgentLogic","CLASS","attemptMove","METHOD","GridCoordinate, GridCoordinate, Agent, WritableGridModel<AgentEntity>","private","static","GridCoordinate","","","","177"
"main","app/src/main/java/de/mkalb/etpetssim/simulations/sugar/model/SugarAgentLogic.java","de.mkalb.etpetssim.simulations.sugar.model","SugarAgentLogic","CLASS","sugarAmountAtCoordinate","METHOD","GridCoordinate, WritableGridModel<ResourceEntity>","private","static","int","","","","190"
"main","app/src/main/java/de/mkalb/etpetssim/simulations/sugar/model/SugarBalance.java","de.mkalb.etpetssim.simulations.sugar.model","SugarBalance","CLASS","<init>","CONSTRUCTOR","","private","","","","","","39"
"main","app/src/main/java/de/mkalb/etpetssim/simulations/sugar/model/SugarCell.java","de.mkalb.etpetssim.simulations.sugar.model","SugarCell","RECORD","of","METHOD","SugarGridModel, GridCoordinate","public","static","SugarCell","","","","29"
"main","app/src/main/java/de/mkalb/etpetssim/simulations/sugar/model/SugarCell.java","de.mkalb.etpetssim.simulations.sugar.model","SugarCell","RECORD","entity","METHOD","","public","","SugarEntity","","@Override","","42"
"main","app/src/main/java/de/mkalb/etpetssim/simulations/sugar/model/SugarCell.java","de.mkalb.etpetssim.simulations.sugar.model","SugarCell","RECORD","toDisplayString","METHOD","","public","","String","","@Override","","59"
"main","app/src/main/java/de/mkalb/etpetssim/simulations/sugar/model/SugarConfig.java","de.mkalb.etpetssim.simulations.sugar.model","SugarConfig","RECORD","hasExpectedInitializationRules","METHOD","","private","","boolean","","","","57"
"main","app/src/main/java/de/mkalb/etpetssim/simulations/sugar/model/SugarConfig.java","de.mkalb.etpetssim.simulations.sugar.model","SugarConfig","RECORD","hasValidRanges","METHOD","","private","","boolean","","","","61"
"main","app/src/main/java/de/mkalb/etpetssim/simulations/sugar/model/SugarConfig.java","de.mkalb.etpetssim.simulations.sugar.model","SugarConfig","RECORD","hasValidCombinedRanges","METHOD","","private","","boolean","","","","73"
"main","app/src/main/java/de/mkalb/etpetssim/simulations/sugar/model/SugarConfig.java","de.mkalb.etpetssim.simulations.sugar.model","SugarConfig","RECORD","isValid","METHOD","","public","","boolean","","@Override","","82"
"main","app/src/main/java/de/mkalb/etpetssim/simulations/sugar/model/SugarConstraints.java","de.mkalb.etpetssim.simulations.sugar.model","SugarConstraints","CLASS","<init>","CONSTRUCTOR","","private","","","","","","92"
"main","app/src/main/java/de/mkalb/etpetssim/simulations/sugar/model/SugarGridModel.java","de.mkalb.etpetssim.simulations.sugar.model","SugarGridModel","RECORD","<init>","COMPACT_CONSTRUCTOR","","public","","","","","","22"
"main","app/src/main/java/de/mkalb/etpetssim/simulations/sugar/model/SugarGridModel.java","de.mkalb.etpetssim.simulations.sugar.model","SugarGridModel","RECORD","getEntities","METHOD","GridCoordinate","public","","List<SugarEntity>","","@Override","","28"
"main","app/src/main/java/de/mkalb/etpetssim/simulations/sugar/model/SugarGridModel.java","de.mkalb.etpetssim.simulations.sugar.model","SugarGridModel","RECORD","layerCount","METHOD","","public","","int","","@Override","","33"
"main","app/src/main/java/de/mkalb/etpetssim/simulations/sugar/model/SugarResourceLogic.java","de.mkalb.etpetssim.simulations.sugar.model","SugarResourceLogic","CLASS","<init>","CONSTRUCTOR","","private","","","","","","7"
"main","app/src/main/java/de/mkalb/etpetssim/simulations/sugar/model/SugarResourceLogic.java","de.mkalb.etpetssim.simulations.sugar.model","SugarResourceLogic","CLASS","apply","METHOD","SugarConfig, SugarGridModel","public","static","void","","","","10"
"main","app/src/main/java/de/mkalb/etpetssim/simulations/sugar/model/SugarSimulationManager.java","de.mkalb.etpetssim.simulations.sugar.model","SugarSimulationManager","CLASS","<init>","CONSTRUCTOR","SugarConfig","public","","","","","","23"
"main","app/src/main/java/de/mkalb/etpetssim/simulations/sugar/model/SugarSimulationManager.java","de.mkalb.etpetssim.simulations.sugar.model","SugarSimulationManager","CLASS","<init>","CONSTRUCTOR","SugarConfig, SimulationInitializationCancellation","public","","","","","","27"
"main","app/src/main/java/de/mkalb/etpetssim/simulations/sugar/model/SugarSimulationManager.java","de.mkalb.etpetssim.simulations.sugar.model","SugarSimulationManager","CLASS","initializeGrid","METHOD","SugarConfig, SugarGridModel, Random, SimulationInitializationCancellation","private","","void","","","","48"
"main","app/src/main/java/de/mkalb/etpetssim/simulations/sugar/model/SugarSimulationManager.java","de.mkalb.etpetssim.simulations.sugar.model","SugarSimulationManager","CLASS","percentToClampedIndex","METHOD","int, double","private","","int","","@SuppressWarnings({""MagicNumber"", ""NumericCastThatLosesPrecision""})","","64"
"main","app/src/main/java/de/mkalb/etpetssim/simulations/sugar/model/SugarSimulationManager.java","de.mkalb.etpetssim.simulations.sugar.model","SugarSimulationManager","CLASS","computeSugarPeakCoordinates","METHOD","","private","","List<GridCoordinate>","","","","70"
"main","app/src/main/java/de/mkalb/etpetssim/simulations/sugar/model/SugarSimulationManager.java","de.mkalb.etpetssim.simulations.sugar.model","SugarSimulationManager","CLASS","initializeGridSugar","METHOD","SugarConfig, SugarGridModel, Random, SimulationInitializationCancellation","private","","void","","","","102"
"main","app/src/main/java/de/mkalb/etpetssim/simulations/sugar/model/SugarSimulationManager.java","de.mkalb.etpetssim.simulations.sugar.model","SugarSimulationManager","CLASS","computeSugarRadiusMap","METHOD","SugarConfig, List<GridCoordinate>, Random, SimulationInitializationCancellation","private","","Map<GridCoordinate, Integer>","","","","119"
"main","app/src/main/java/de/mkalb/etpetssim/simulations/sugar/model/SugarSimulationManager.java","de.mkalb.etpetssim.simulations.sugar.model","SugarSimulationManager","CLASS","computeSugarAmount","METHOD","int, int, int, int, Random","private","","int","","@SuppressWarnings({""NumericCastThatLosesPrecision""})","","170"
"main","app/src/main/java/de/mkalb/etpetssim/simulations/sugar/model/SugarSimulationManager.java","de.mkalb.etpetssim.simulations.sugar.model","SugarSimulationManager","CLASS","initializeGridAgent","METHOD","SugarConfig, SugarGridModel, Random, SimulationInitializationCancellation","private","","void","","","","181"
"main","app/src/main/java/de/mkalb/etpetssim/simulations/sugar/model/SugarSimulationManager.java","de.mkalb.etpetssim.simulations.sugar.model","SugarSimulationManager","CLASS","structure","METHOD","","public","","GridStructure","","@Override","","196"
"main","app/src/main/java/de/mkalb/etpetssim/simulations/sugar/model/SugarSimulationManager.java","de.mkalb.etpetssim.simulations.sugar.model","SugarSimulationManager","CLASS","statistics","METHOD","","public","","SugarStatistics","","@Override","","201"
"main","app/src/main/java/de/mkalb/etpetssim/simulations/sugar/model/SugarSimulationManager.java","de.mkalb.etpetssim.simulations.sugar.model","SugarSimulationManager","CLASS","updateStatistics","METHOD","","protected","","void","","@Override","","206"
"main","app/src/main/java/de/mkalb/etpetssim/simulations/sugar/model/SugarSimulationManager.java","de.mkalb.etpetssim.simulations.sugar.model","SugarSimulationManager","CLASS","initializeStatistics","METHOD","SugarGridModel","private","","void","","","","213"
"main","app/src/main/java/de/mkalb/etpetssim/simulations/sugar/model/SugarSimulationManager.java","de.mkalb.etpetssim.simulations.sugar.model","SugarSimulationManager","CLASS","executor","METHOD","","protected","","TimedSimulationExecutor<SugarEntity, SugarGridModel>","","@Override","","219"
"main","app/src/main/java/de/mkalb/etpetssim/simulations/sugar/model/SugarStatistics.java","de.mkalb.etpetssim.simulations.sugar.model","SugarStatistics","CLASS","<init>","CONSTRUCTOR","GridStructure","public","","","","","","23"
"main","app/src/main/java/de/mkalb/etpetssim/simulations/sugar/model/SugarStatistics.java","de.mkalb.etpetssim.simulations.sugar.model","SugarStatistics","CLASS","metrics","METHOD","","public","static","List<StatisticMetric<SugarStatistics>>","","","","29"
"main","app/src/main/java/de/mkalb/etpetssim/simulations/sugar/model/SugarStatistics.java","de.mkalb.etpetssim.simulations.sugar.model","SugarStatistics","CLASS","initializeStartupCellCounts","METHOD","int, int","package-private","","void","","","","40"
"main","app/src/main/java/de/mkalb/etpetssim/simulations/sugar/model/SugarStatistics.java","de.mkalb.etpetssim.simulations.sugar.model","SugarStatistics","CLASS","adjustAgentsCells","METHOD","int","package-private","","void","","","","46"
"main","app/src/main/java/de/mkalb/etpetssim/simulations/sugar/model/SugarStatistics.java","de.mkalb.etpetssim.simulations.sugar.model","SugarStatistics","CLASS","adjustResourceCells","METHOD","int","public","","void","","","","50"
"main","app/src/main/java/de/mkalb/etpetssim/simulations/sugar/model/SugarStatistics.java","de.mkalb.etpetssim.simulations.sugar.model","SugarStatistics","CLASS","getResourceCells","METHOD","","public","","int","","","","54"
"main","app/src/main/java/de/mkalb/etpetssim/simulations/sugar/model/SugarStatistics.java","de.mkalb.etpetssim.simulations.sugar.model","SugarStatistics","CLASS","getAgentCells","METHOD","","public","","int","","","","58"
"main","app/src/main/java/de/mkalb/etpetssim/simulations/sugar/model/SugarStatistics.java","de.mkalb.etpetssim.simulations.sugar.model","SugarStatistics","CLASS","toString","METHOD","","public","","String","","@Override","","62"
"main","app/src/main/java/de/mkalb/etpetssim/simulations/sugar/model/SugarStepRunner.java","de.mkalb.etpetssim.simulations.sugar.model","SugarStepRunner","CLASS","<init>","CONSTRUCTOR","SugarConfig, Random, SugarGridModel","public","","","","","","14"
"main","app/src/main/java/de/mkalb/etpetssim/simulations/sugar/model/SugarStepRunner.java","de.mkalb.etpetssim.simulations.sugar.model","SugarStepRunner","CLASS","model","METHOD","","public","","SugarGridModel","","","","22"
"main","app/src/main/java/de/mkalb/etpetssim/simulations/sugar/model/SugarStepRunner.java","de.mkalb.etpetssim.simulations.sugar.model","SugarStepRunner","CLASS","performStep","METHOD","int, SugarStatistics","public","","void","","@Override","","26"
"main","app/src/main/java/de/mkalb/etpetssim/simulations/sugar/model/SugarTerminationCondition.java","de.mkalb.etpetssim.simulations.sugar.model","SugarTerminationCondition","CLASS","isFinished","METHOD","SugarGridModel, int, SugarStatistics","public","","boolean","","@Override","","18"
"main","app/src/main/java/de/mkalb/etpetssim/simulations/sugar/model/SugarUserAction.java","de.mkalb.etpetssim.simulations.sugar.model","SugarUserAction","CLASS","apply","METHOD","SugarSimulationManager, SugarUserActionContext, GridCellView<SugarEntity>","public","","void","","@Override","","19"
"main","app/src/main/java/de/mkalb/etpetssim/simulations/sugar/model/SugarUserAction.java","de.mkalb.etpetssim.simulations.sugar.model","SugarUserAction","CLASS","applyFixedAction","METHOD","SugarGridModel, SugarStatistics, GridCoordinate, SugarUserActionContext.FixedAction","private","","void","","","","39"
"main","app/src/main/java/de/mkalb/etpetssim/simulations/sugar/model/SugarUserAction.java","de.mkalb.etpetssim.simulations.sugar.model","SugarUserAction","CLASS","applyAddSugar","METHOD","SugarSimulationManager, SugarGridModel, SugarStatistics, GridCoordinate, SugarAddSugarLevel","private","","void","","","","54"
"main","app/src/main/java/de/mkalb/etpetssim/simulations/sugar/model/entity/Agent.java","de.mkalb.etpetssim.simulations.sugar.model.entity","Agent","CLASS","<init>","CONSTRUCTOR","int, int","public","","","","","","8"
"main","app/src/main/java/de/mkalb/etpetssim/simulations/sugar/model/entity/Agent.java","de.mkalb.etpetssim.simulations.sugar.model.entity","Agent","CLASS","descriptorId","METHOD","","public","","String","","@Override","","18"
"main","app/src/main/java/de/mkalb/etpetssim/simulations/sugar/model/entity/Agent.java","de.mkalb.etpetssim.simulations.sugar.model.entity","Agent","CLASS","currentEnergy","METHOD","","public","","int","","","","23"
"main","app/src/main/java/de/mkalb/etpetssim/simulations/sugar/model/entity/Agent.java","de.mkalb.etpetssim.simulations.sugar.model.entity","Agent","CLASS","reduceEnergy","METHOD","int","public","","void","","","","27"
"main","app/src/main/java/de/mkalb/etpetssim/simulations/sugar/model/entity/Agent.java","de.mkalb.etpetssim.simulations.sugar.model.entity","Agent","CLASS","gainEnergy","METHOD","int","public","","void","","","","31"
"main","app/src/main/java/de/mkalb/etpetssim/simulations/sugar/model/entity/Agent.java","de.mkalb.etpetssim.simulations.sugar.model.entity","Agent","CLASS","stepIndexOfSpawn","METHOD","","public","","int","","","","35"
"main","app/src/main/java/de/mkalb/etpetssim/simulations/sugar/model/entity/Agent.java","de.mkalb.etpetssim.simulations.sugar.model.entity","Agent","CLASS","ageAtStepIndex","METHOD","int","public","","int","","","","39"
"main","app/src/main/java/de/mkalb/etpetssim/simulations/sugar/model/entity/Agent.java","de.mkalb.etpetssim.simulations.sugar.model.entity","Agent","CLASS","ageAtStepCount","METHOD","int","public","","int","","","","43"
"main","app/src/main/java/de/mkalb/etpetssim/simulations/sugar/model/entity/Agent.java","de.mkalb.etpetssim.simulations.sugar.model.entity","Agent","CLASS","isAgent","METHOD","","public","","boolean","","@Override","","47"
"main","app/src/main/java/de/mkalb/etpetssim/simulations/sugar/model/entity/Agent.java","de.mkalb.etpetssim.simulations.sugar.model.entity","Agent","CLASS","isEmpty","METHOD","","public","","boolean","","@Override","","52"
"main","app/src/main/java/de/mkalb/etpetssim/simulations/sugar/model/entity/Agent.java","de.mkalb.etpetssim.simulations.sugar.model.entity","Agent","CLASS","toDisplayString","METHOD","","public","","String","","@Override","","57"
"main","app/src/main/java/de/mkalb/etpetssim/simulations/sugar/model/entity/Agent.java","de.mkalb.etpetssim.simulations.sugar.model.entity","Agent","CLASS","toString","METHOD","","public","","String","","@Override","","62"
"main","app/src/main/java/de/mkalb/etpetssim/simulations/sugar/model/entity/AgentEntity.java","de.mkalb.etpetssim.simulations.sugar.model.entity","AgentEntity","INTERFACE","isResource","METHOD","","public","default","boolean","","@Override","","9"
"main","app/src/main/java/de/mkalb/etpetssim/simulations/sugar/model/entity/EntityDescriptors.java","de.mkalb.etpetssim.simulations.sugar.model.entity","EntityDescriptors","ENUM","<init>","CONSTRUCTOR","String, boolean, String, String, String, String, Color, Color","private","","","","","","47"
"main","app/src/main/java/de/mkalb/etpetssim/simulations/sugar/model/entity/EntityDescriptors.java","de.mkalb.etpetssim.simulations.sugar.model.entity","EntityDescriptors","ENUM","descriptorSpec","METHOD","","public","","GridEntityDescriptorSpec","","@Override","","66"
"main","app/src/main/java/de/mkalb/etpetssim/simulations/sugar/model/entity/NoAgent.java","de.mkalb.etpetssim.simulations.sugar.model.entity","NoAgent","ENUM","descriptorId","METHOD","","public","","String","","@Override","","19"
"main","app/src/main/java/de/mkalb/etpetssim/simulations/sugar/model/entity/NoAgent.java","de.mkalb.etpetssim.simulations.sugar.model.entity","NoAgent","ENUM","isAgent","METHOD","","public","","boolean","","@Override","","24"
"main","app/src/main/java/de/mkalb/etpetssim/simulations/sugar/model/entity/NoAgent.java","de.mkalb.etpetssim.simulations.sugar.model.entity","NoAgent","ENUM","isEmpty","METHOD","","public","","boolean","","@Override","","29"
"main","app/src/main/java/de/mkalb/etpetssim/simulations/sugar/model/entity/NoResource.java","de.mkalb.etpetssim.simulations.sugar.model.entity","NoResource","ENUM","descriptorId","METHOD","","public","","String","","@Override","","19"
"main","app/src/main/java/de/mkalb/etpetssim/simulations/sugar/model/entity/NoResource.java","de.mkalb.etpetssim.simulations.sugar.model.entity","NoResource","ENUM","isResource","METHOD","","public","","boolean","","@Override","","24"
"main","app/src/main/java/de/mkalb/etpetssim/simulations/sugar/model/entity/NoResource.java","de.mkalb.etpetssim.simulations.sugar.model.entity","NoResource","ENUM","isEmpty","METHOD","","public","","boolean","","@Override","","29"
"main","app/src/main/java/de/mkalb/etpetssim/simulations/sugar/model/entity/ResourceEntity.java","de.mkalb.etpetssim.simulations.sugar.model.entity","ResourceEntity","INTERFACE","isAgent","METHOD","","public","default","boolean","","@Override","","9"
"main","app/src/main/java/de/mkalb/etpetssim/simulations/sugar/model/entity/Sugar.java","de.mkalb.etpetssim.simulations.sugar.model.entity","Sugar","CLASS","<init>","CONSTRUCTOR","int, int","public","","","","","","8"
"main","app/src/main/java/de/mkalb/etpetssim/simulations/sugar/model/entity/Sugar.java","de.mkalb.etpetssim.simulations.sugar.model.entity","Sugar","CLASS","descriptorId","METHOD","","public","","String","","@Override","","18"
"main","app/src/main/java/de/mkalb/etpetssim/simulations/sugar/model/entity/Sugar.java","de.mkalb.etpetssim.simulations.sugar.model.entity","Sugar","CLASS","maxAmount","METHOD","","public","","int","","","","23"
"main","app/src/main/java/de/mkalb/etpetssim/simulations/sugar/model/entity/Sugar.java","de.mkalb.etpetssim.simulations.sugar.model.entity","Sugar","CLASS","currentAmount","METHOD","","public","","int","","","","27"
"main","app/src/main/java/de/mkalb/etpetssim/simulations/sugar/model/entity/Sugar.java","de.mkalb.etpetssim.simulations.sugar.model.entity","Sugar","CLASS","reduceAmount","METHOD","int","public","","void","","","","31"
"main","app/src/main/java/de/mkalb/etpetssim/simulations/sugar/model/entity/Sugar.java","de.mkalb.etpetssim.simulations.sugar.model.entity","Sugar","CLASS","gainAmount","METHOD","int","public","","void","","","","35"
"main","app/src/main/java/de/mkalb/etpetssim/simulations/sugar/model/entity/Sugar.java","de.mkalb.etpetssim.simulations.sugar.model.entity","Sugar","CLASS","isResource","METHOD","","public","","boolean","","@Override","","39"
"main","app/src/main/java/de/mkalb/etpetssim/simulations/sugar/model/entity/Sugar.java","de.mkalb.etpetssim.simulations.sugar.model.entity","Sugar","CLASS","isEmpty","METHOD","","public","","boolean","","@Override","","44"
"main","app/src/main/java/de/mkalb/etpetssim/simulations/sugar/model/entity/Sugar.java","de.mkalb.etpetssim.simulations.sugar.model.entity","Sugar","CLASS","toDisplayString","METHOD","","public","","String","","@Override","","49"
"main","app/src/main/java/de/mkalb/etpetssim/simulations/sugar/model/entity/Sugar.java","de.mkalb.etpetssim.simulations.sugar.model.entity","Sugar","CLASS","toString","METHOD","","public","","String","","@Override","","54"
"main","app/src/main/java/de/mkalb/etpetssim/simulations/sugar/model/entity/SugarEntity.java","de.mkalb.etpetssim.simulations.sugar.model.entity","SugarEntity","INTERFACE","isResource","METHOD","","public","","boolean","","","","22"
"main","app/src/main/java/de/mkalb/etpetssim/simulations/sugar/model/entity/SugarEntity.java","de.mkalb.etpetssim.simulations.sugar.model.entity","SugarEntity","INTERFACE","isAgent","METHOD","","public","","boolean","","","","29"
"main","app/src/main/java/de/mkalb/etpetssim/simulations/sugar/model/entity/SugarEntity.java","de.mkalb.etpetssim.simulations.sugar.model.entity","SugarEntity","INTERFACE","isEmpty","METHOD","","public","","boolean","","","","36"
"main","app/src/main/java/de/mkalb/etpetssim/simulations/sugar/model/entity/SugarEntity.java","de.mkalb.etpetssim.simulations.sugar.model.entity","SugarEntity","INTERFACE","isNotEmpty","METHOD","","public","default","boolean","","","","43"
"main","app/src/main/java/de/mkalb/etpetssim/simulations/sugar/shared/SugarAddSugarLevel.java","de.mkalb.etpetssim.simulations.sugar.shared","SugarAddSugarLevel","ENUM","<init>","CONSTRUCTOR","String, String, double","private","","","","","","15"
"main","app/src/main/java/de/mkalb/etpetssim/simulations/sugar/shared/SugarAddSugarLevel.java","de.mkalb.etpetssim.simulations.sugar.shared","SugarAddSugarLevel","ENUM","levelId","METHOD","","public","","String","","","","23"
"main","app/src/main/java/de/mkalb/etpetssim/simulations/sugar/shared/SugarAddSugarLevel.java","de.mkalb.etpetssim.simulations.sugar.shared","SugarAddSugarLevel","ENUM","labelKey","METHOD","","public","","String","","","","27"
"main","app/src/main/java/de/mkalb/etpetssim/simulations/sugar/shared/SugarAddSugarLevel.java","de.mkalb.etpetssim.simulations.sugar.shared","SugarAddSugarLevel","ENUM","resolveSugarAmount","METHOD","int","public","","int","","","","31"
"main","app/src/main/java/de/mkalb/etpetssim/simulations/sugar/view/SugarConfigView.java","de.mkalb.etpetssim.simulations.sugar.view","SugarConfigView","CLASS","<init>","CONSTRUCTOR","SugarConfigViewModel","public","","","","","","35"
"main","app/src/main/java/de/mkalb/etpetssim/simulations/sugar/view/SugarConfigView.java","de.mkalb.etpetssim.simulations.sugar.view","SugarConfigView","CLASS","buildConfigRegion","METHOD","","public","","Region","","@Override","","39"
"main","app/src/main/java/de/mkalb/etpetssim/simulations/sugar/view/SugarMainView.java","de.mkalb.etpetssim.simulations.sugar.view","SugarMainView","CLASS","<init>","CONSTRUCTOR","DefaultMainViewModel<SugarEntity, SugarCell, SugarGridModel, SugarConfig, SugarStatistics, SugarSimulationManager, SugarUserActionContext>, SugarEditToolBarViewModel, GridEntityDescriptorRegistry, SugarConfigView, DefaultControlView, SugarObservationView","public","","","","","","63"
"main","app/src/main/java/de/mkalb/etpetssim/simulations/sugar/view/SugarMainView.java","de.mkalb.etpetssim.simulations.sugar.view","SugarMainView","CLASS","computeMaxColorAgentEnergy","METHOD","SugarConfig","private","","int","","","","80"
"main","app/src/main/java/de/mkalb/etpetssim/simulations/sugar/view/SugarMainView.java","de.mkalb.etpetssim.simulations.sugar.view","SugarMainView","CLASS","initSimulation","METHOD","SugarConfig, CellDimension, SugarGridModel","protected","","void","","@Override","","84"
"main","app/src/main/java/de/mkalb/etpetssim/simulations/sugar/view/SugarMainView.java","de.mkalb.etpetssim.simulations.sugar.view","SugarMainView","CLASS","resolveResourceFillColor","METHOD","GridEntityDescriptor, ResourceEntity","private","","Color","","","","134"
"main","app/src/main/java/de/mkalb/etpetssim/simulations/sugar/view/SugarMainView.java","de.mkalb.etpetssim.simulations.sugar.view","SugarMainView","CLASS","resolveAgentFillColor","METHOD","GridEntityDescriptor, AgentEntity","private","","Color","","","","149"
"main","app/src/main/java/de/mkalb/etpetssim/simulations/sugar/view/SugarMainView.java","de.mkalb.etpetssim.simulations.sugar.view","SugarMainView","CLASS","handleGridCellSelected","METHOD","FXGridCanvasPainter, SugarCell, SugarCell","protected","","void","","@Override","","164"
"main","app/src/main/java/de/mkalb/etpetssim/simulations/sugar/view/SugarMainView.java","de.mkalb.etpetssim.simulations.sugar.view","SugarMainView","CLASS","drawSimulation","METHOD","SugarGridModel, int, int","protected","","void","","@Override","","178"
"main","app/src/main/java/de/mkalb/etpetssim/simulations/sugar/view/SugarMainView.java","de.mkalb.etpetssim.simulations.sugar.view","SugarMainView","CLASS","createUserActionDescriptors","METHOD","","protected","","List<SimulationUserActionDescriptor<SugarUserActionContext>>","","@Override","","205"
"main","app/src/main/java/de/mkalb/etpetssim/simulations/sugar/view/SugarMainView.java","de.mkalb.etpetssim.simulations.sugar.view","SugarMainView","CLASS","createEditToolBarOptionPanel","METHOD","ObjectProperty<String>","protected","","Node","","@Override","","224"
"main","app/src/main/java/de/mkalb/etpetssim/simulations/sugar/view/SugarMainView.java","de.mkalb.etpetssim.simulations.sugar.view","SugarMainView","CLASS","createAddSugarLevelCell","METHOD","","private","","ListCell<SugarAddSugarLevel>","","","","291"
"main","app/src/main/java/de/mkalb/etpetssim/simulations/sugar/view/SugarObservationView.java","de.mkalb.etpetssim.simulations.sugar.view","SugarObservationView","CLASS","<init>","CONSTRUCTOR","DefaultObservationViewModel<SugarEntity, SugarCell, SugarStatistics>, GridEntityDescriptorRegistry","public","","","","","","27"
"main","app/src/main/java/de/mkalb/etpetssim/simulations/sugar/view/SugarObservationView.java","de.mkalb.etpetssim.simulations.sugar.view","SugarObservationView","CLASS","onSelectedCellChanged","METHOD","SugarCell","protected","","void","","@Override","","34"
"main","app/src/main/java/de/mkalb/etpetssim/simulations/sugar/view/SugarObservationView.java","de.mkalb.etpetssim.simulations.sugar.view","SugarObservationView","CLASS","buildObservationRegion","METHOD","","public","","Region","","@Override","","51"
"main","app/src/main/java/de/mkalb/etpetssim/simulations/sugar/view/SugarObservationView.java","de.mkalb.etpetssim.simulations.sugar.view","SugarObservationView","CLASS","updateObservationLabels","METHOD","","protected","","void","","@Override","","79"
"main","app/src/main/java/de/mkalb/etpetssim/simulations/sugar/viewmodel/SugarConfigViewModel.java","de.mkalb.etpetssim.simulations.sugar.viewmodel","SugarConfigViewModel","CLASS","<init>","CONSTRUCTOR","ReadOnlyObjectProperty<SimulationState>","public","","","","","","83"
"main","app/src/main/java/de/mkalb/etpetssim/simulations/sugar/viewmodel/SugarConfigViewModel.java","de.mkalb.etpetssim.simulations.sugar.viewmodel","SugarConfigViewModel","CLASS","getConfig","METHOD","","public","","SugarConfig","","@Override","","87"
"main","app/src/main/java/de/mkalb/etpetssim/simulations/sugar/viewmodel/SugarConfigViewModel.java","de.mkalb.etpetssim.simulations.sugar.viewmodel","SugarConfigViewModel","CLASS","agentPercentProperty","METHOD","","public","","InputDoubleProperty","","","","111"
"main","app/src/main/java/de/mkalb/etpetssim/simulations/sugar/viewmodel/SugarConfigViewModel.java","de.mkalb.etpetssim.simulations.sugar.viewmodel","SugarConfigViewModel","CLASS","sugarPeaksProperty","METHOD","","public","","InputIntegerProperty","","","","115"
"main","app/src/main/java/de/mkalb/etpetssim/simulations/sugar/viewmodel/SugarConfigViewModel.java","de.mkalb.etpetssim.simulations.sugar.viewmodel","SugarConfigViewModel","CLASS","sugarRadiusLimitProperty","METHOD","","public","","InputIntegerProperty","","","","119"
"main","app/src/main/java/de/mkalb/etpetssim/simulations/sugar/viewmodel/SugarConfigViewModel.java","de.mkalb.etpetssim.simulations.sugar.viewmodel","SugarConfigViewModel","CLASS","maxSugarAmountProperty","METHOD","","public","","InputIntegerProperty","","","","123"
"main","app/src/main/java/de/mkalb/etpetssim/simulations/sugar/viewmodel/SugarConfigViewModel.java","de.mkalb.etpetssim.simulations.sugar.viewmodel","SugarConfigViewModel","CLASS","agentInitialEnergyProperty","METHOD","","public","","InputIntegerProperty","","","","127"
"main","app/src/main/java/de/mkalb/etpetssim/simulations/sugar/viewmodel/SugarConfigViewModel.java","de.mkalb.etpetssim.simulations.sugar.viewmodel","SugarConfigViewModel","CLASS","sugarRegenerationRateProperty","METHOD","","public","","InputIntegerProperty","","","","131"
"main","app/src/main/java/de/mkalb/etpetssim/simulations/sugar/viewmodel/SugarConfigViewModel.java","de.mkalb.etpetssim.simulations.sugar.viewmodel","SugarConfigViewModel","CLASS","agentMetabolismRateProperty","METHOD","","public","","InputIntegerProperty","","","","135"
"main","app/src/main/java/de/mkalb/etpetssim/simulations/sugar/viewmodel/SugarConfigViewModel.java","de.mkalb.etpetssim.simulations.sugar.viewmodel","SugarConfigViewModel","CLASS","agentVisionRangeProperty","METHOD","","public","","InputIntegerProperty","","","","139"
"main","app/src/main/java/de/mkalb/etpetssim/simulations/sugar/viewmodel/SugarConfigViewModel.java","de.mkalb.etpetssim.simulations.sugar.viewmodel","SugarConfigViewModel","CLASS","agentMaxAgeProperty","METHOD","","public","","InputIntegerProperty","","","","143"
"main","app/src/main/java/de/mkalb/etpetssim/simulations/sugar/viewmodel/SugarEditToolBarViewModel.java","de.mkalb.etpetssim.simulations.sugar.viewmodel","SugarEditToolBarViewModel","CLASS","<init>","CONSTRUCTOR","","public","","","","","","16"
"main","app/src/main/java/de/mkalb/etpetssim/simulations/sugar/viewmodel/SugarEditToolBarViewModel.java","de.mkalb.etpetssim.simulations.sugar.viewmodel","SugarEditToolBarViewModel","CLASS","availableAddSugarLevels","METHOD","","public","","ObservableList<SugarAddSugarLevel>","","","","20"
"main","app/src/main/java/de/mkalb/etpetssim/simulations/sugar/viewmodel/SugarEditToolBarViewModel.java","de.mkalb.etpetssim.simulations.sugar.viewmodel","SugarEditToolBarViewModel","CLASS","selectedAddSugarLevelProperty","METHOD","","public","","ObjectProperty<@Nullable SugarAddSugarLevel>","","","","24"
"main","app/src/main/java/de/mkalb/etpetssim/simulations/sugar/viewmodel/SugarEditToolBarViewModel.java","de.mkalb.etpetssim.simulations.sugar.viewmodel","SugarEditToolBarViewModel","CLASS","getSelectedAddSugarLevel","METHOD","","public","","SugarAddSugarLevel","","@Nullable","","28"
"main","app/src/main/java/de/mkalb/etpetssim/simulations/sugar/viewmodel/SugarEditToolBarViewModel.java","de.mkalb.etpetssim.simulations.sugar.viewmodel","SugarEditToolBarViewModel","CLASS","setSelectedAddSugarLevel","METHOD","SugarAddSugarLevel","public","","void","","","","32"
"main","app/src/main/java/de/mkalb/etpetssim/simulations/sugar/viewmodel/SugarEditToolBarViewModel.java","de.mkalb.etpetssim.simulations.sugar.viewmodel","SugarEditToolBarViewModel","CLASS","resolveSelectedAddSugarContext","METHOD","","public","","Optional<SugarUserActionContext.AddSugar>","","","","38"
"main","app/src/main/java/de/mkalb/etpetssim/simulations/sugar/viewmodel/SugarEditToolBarViewModel.java","de.mkalb.etpetssim.simulations.sugar.viewmodel","SugarEditToolBarViewModel","CLASS","containsLevelId","METHOD","String","private","","boolean","","","","46"
"main","app/src/main/java/de/mkalb/etpetssim/simulations/wator/WatorFactory.java","de.mkalb.etpetssim.simulations.wator","WatorFactory","CLASS","<init>","CONSTRUCTOR","","private","","","","","","19"
"main","app/src/main/java/de/mkalb/etpetssim/simulations/wator/WatorFactory.java","de.mkalb.etpetssim.simulations.wator","WatorFactory","CLASS","createMainView","METHOD","","public","static","SimulationMainView","","@SuppressWarnings(""UnnecessaryLocalVariable"")","","22"
"main","app/src/main/java/de/mkalb/etpetssim/simulations/wator/model/WatorBalance.java","de.mkalb.etpetssim.simulations.wator.model","WatorBalance","CLASS","<init>","CONSTRUCTOR","","private","","","","","","21"
"main","app/src/main/java/de/mkalb/etpetssim/simulations/wator/model/WatorConfig.java","de.mkalb.etpetssim.simulations.wator.model","WatorConfig","RECORD","hasValidRanges","METHOD","","private","","boolean","","","","61"
"main","app/src/main/java/de/mkalb/etpetssim/simulations/wator/model/WatorConfig.java","de.mkalb.etpetssim.simulations.wator.model","WatorConfig","RECORD","hasValidCombinedPopulationShare","METHOD","","private","","boolean","","","","76"
"main","app/src/main/java/de/mkalb/etpetssim/simulations/wator/model/WatorConfig.java","de.mkalb.etpetssim.simulations.wator.model","WatorConfig","RECORD","isValid","METHOD","","public","","boolean","","@Override","","85"
"main","app/src/main/java/de/mkalb/etpetssim/simulations/wator/model/WatorConstraints.java","de.mkalb.etpetssim.simulations.wator.model","WatorConstraints","CLASS","<init>","CONSTRUCTOR","","private","","","","","","94"
"main","app/src/main/java/de/mkalb/etpetssim/simulations/wator/model/WatorSimulationManager.java","de.mkalb.etpetssim.simulations.wator.model","WatorSimulationManager","CLASS","<init>","CONSTRUCTOR","WatorConfig","public","","","","","","23"
"main","app/src/main/java/de/mkalb/etpetssim/simulations/wator/model/WatorSimulationManager.java","de.mkalb.etpetssim.simulations.wator.model","WatorSimulationManager","CLASS","<init>","CONSTRUCTOR","WatorConfig, SimulationInitializationCancellation","public","","","","","","27"
"main","app/src/main/java/de/mkalb/etpetssim/simulations/wator/model/WatorSimulationManager.java","de.mkalb.etpetssim.simulations.wator.model","WatorSimulationManager","CLASS","initializeGrid","METHOD","WritableGridModel<WatorEntity>, Random, SimulationInitializationCancellation","private","","void","","","","48"
"main","app/src/main/java/de/mkalb/etpetssim/simulations/wator/model/WatorSimulationManager.java","de.mkalb.etpetssim.simulations.wator.model","WatorSimulationManager","CLASS","createFish","METHOD","int","public","","Fish","","","","79"
"main","app/src/main/java/de/mkalb/etpetssim/simulations/wator/model/WatorSimulationManager.java","de.mkalb.etpetssim.simulations.wator.model","WatorSimulationManager","CLASS","createInitialFish","METHOD","Random","private","","Fish","","","","83"
"main","app/src/main/java/de/mkalb/etpetssim/simulations/wator/model/WatorSimulationManager.java","de.mkalb.etpetssim.simulations.wator.model","WatorSimulationManager","CLASS","createShark","METHOD","int","public","","Shark","","","","88"
"main","app/src/main/java/de/mkalb/etpetssim/simulations/wator/model/WatorSimulationManager.java","de.mkalb.etpetssim.simulations.wator.model","WatorSimulationManager","CLASS","createInitialShark","METHOD","Random","private","","Shark","","","","92"
"main","app/src/main/java/de/mkalb/etpetssim/simulations/wator/model/WatorSimulationManager.java","de.mkalb.etpetssim.simulations.wator.model","WatorSimulationManager","CLASS","structure","METHOD","","public","","GridStructure","","@Override","","97"
"main","app/src/main/java/de/mkalb/etpetssim/simulations/wator/model/WatorSimulationManager.java","de.mkalb.etpetssim.simulations.wator.model","WatorSimulationManager","CLASS","statistics","METHOD","","public","","WatorStatistics","","@Override","","102"
"main","app/src/main/java/de/mkalb/etpetssim/simulations/wator/model/WatorSimulationManager.java","de.mkalb.etpetssim.simulations.wator.model","WatorSimulationManager","CLASS","updateStatistics","METHOD","","protected","","void","","@Override","","107"
"main","app/src/main/java/de/mkalb/etpetssim/simulations/wator/model/WatorSimulationManager.java","de.mkalb.etpetssim.simulations.wator.model","WatorSimulationManager","CLASS","initializeStatistics","METHOD","ReadableGridModel<WatorEntity>","private","","void","","","","114"
"main","app/src/main/java/de/mkalb/etpetssim/simulations/wator/model/WatorSimulationManager.java","de.mkalb.etpetssim.simulations.wator.model","WatorSimulationManager","CLASS","executor","METHOD","","protected","","TimedSimulationExecutor<WatorEntity, WritableGridModel<WatorEntity>>","","@Override","","120"
"main","app/src/main/java/de/mkalb/etpetssim/simulations/wator/model/WatorStatistics.java","de.mkalb.etpetssim.simulations.wator.model","WatorStatistics","CLASS","<init>","CONSTRUCTOR","GridStructure","public","","","","","","24"
"main","app/src/main/java/de/mkalb/etpetssim/simulations/wator/model/WatorStatistics.java","de.mkalb.etpetssim.simulations.wator.model","WatorStatistics","CLASS","metrics","METHOD","","public","static","List<StatisticMetric<WatorStatistics>>","","","","30"
"main","app/src/main/java/de/mkalb/etpetssim/simulations/wator/model/WatorStatistics.java","de.mkalb.etpetssim.simulations.wator.model","WatorStatistics","CLASS","initializeStartupCellCounts","METHOD","int, int","package-private","","void","","","","41"
"main","app/src/main/java/de/mkalb/etpetssim/simulations/wator/model/WatorStatistics.java","de.mkalb.etpetssim.simulations.wator.model","WatorStatistics","CLASS","adjustCellCounts","METHOD","int, int","public","","void","","","","47"
"main","app/src/main/java/de/mkalb/etpetssim/simulations/wator/model/WatorStatistics.java","de.mkalb.etpetssim.simulations.wator.model","WatorStatistics","CLASS","incrementFishCells","METHOD","","package-private","","void","","","","56"
"main","app/src/main/java/de/mkalb/etpetssim/simulations/wator/model/WatorStatistics.java","de.mkalb.etpetssim.simulations.wator.model","WatorStatistics","CLASS","decrementFishCells","METHOD","","package-private","","void","","","","63"
"main","app/src/main/java/de/mkalb/etpetssim/simulations/wator/model/WatorStatistics.java","de.mkalb.etpetssim.simulations.wator.model","WatorStatistics","CLASS","incrementSharkCells","METHOD","","package-private","","void","","","","70"
"main","app/src/main/java/de/mkalb/etpetssim/simulations/wator/model/WatorStatistics.java","de.mkalb.etpetssim.simulations.wator.model","WatorStatistics","CLASS","decrementSharkCells","METHOD","","package-private","","void","","","","77"
"main","app/src/main/java/de/mkalb/etpetssim/simulations/wator/model/WatorStatistics.java","de.mkalb.etpetssim.simulations.wator.model","WatorStatistics","CLASS","getFishCells","METHOD","","public","","int","","","","81"
"main","app/src/main/java/de/mkalb/etpetssim/simulations/wator/model/WatorStatistics.java","de.mkalb.etpetssim.simulations.wator.model","WatorStatistics","CLASS","getSharkCells","METHOD","","public","","int","","","","85"
"main","app/src/main/java/de/mkalb/etpetssim/simulations/wator/model/WatorStatistics.java","de.mkalb.etpetssim.simulations.wator.model","WatorStatistics","CLASS","toString","METHOD","","public","","String","","@Override","","89"
"main","app/src/main/java/de/mkalb/etpetssim/simulations/wator/model/WatorStepLogic.java","de.mkalb.etpetssim.simulations.wator.model","WatorStepLogic","CLASS","<init>","CONSTRUCTOR","WatorConfig, Random, CreatureFactory","public","","","","","","17"
"main","app/src/main/java/de/mkalb/etpetssim/simulations/wator/model/WatorStepLogic.java","de.mkalb.etpetssim.simulations.wator.model","WatorStepLogic","CLASS","performAgentStep","METHOD","GridCell<WatorEntity>, WritableGridModel<WatorEntity>, int, WatorStatistics","public","","void","","@Override","","23"
"main","app/src/main/java/de/mkalb/etpetssim/simulations/wator/model/WatorStepLogic.java","de.mkalb.etpetssim.simulations.wator.model","WatorStepLogic","CLASS","fishLogic","METHOD","GridCell<WatorEntity>, WritableGridModel<WatorEntity>, int, WatorStatistics, Fish, List<GridCell<WatorEntity>>","private","","void","","","","49"
"main","app/src/main/java/de/mkalb/etpetssim/simulations/wator/model/WatorStepLogic.java","de.mkalb.etpetssim.simulations.wator.model","WatorStepLogic","CLASS","sharkLogic","METHOD","GridCell<WatorEntity>, WritableGridModel<WatorEntity>, int, WatorStatistics, Shark, List<GridCell<WatorEntity>>, List<GridCell<WatorEntity>>","private","","void","","","","87"
"main","app/src/main/java/de/mkalb/etpetssim/simulations/wator/model/WatorStepLogic.java","de.mkalb.etpetssim.simulations.wator.model","WatorStepLogic","CLASS","chooseRandomCell","METHOD","List<GridCell<WatorEntity>>","private","","GridCell<WatorEntity>","","","","133"
"main","app/src/main/java/de/mkalb/etpetssim/simulations/wator/model/WatorTerminationCondition.java","de.mkalb.etpetssim.simulations.wator.model","WatorTerminationCondition","CLASS","isFinished","METHOD","ReadableGridModel<WatorEntity>, int, WatorStatistics","public","","boolean","","@Override","","10"
"main","app/src/main/java/de/mkalb/etpetssim/simulations/wator/model/WatorUserAction.java","de.mkalb.etpetssim.simulations.wator.model","WatorUserAction","CLASS","apply","METHOD","WatorSimulationManager, WatorUserActionContext, GridCellView<WatorEntity>","public","","void","","@Override","","18"
"main","app/src/main/java/de/mkalb/etpetssim/simulations/wator/model/entity/CreatureBase.java","de.mkalb.etpetssim.simulations.wator.model.entity","CreatureBase","CLASS","<init>","CONSTRUCTOR","String, long, int","protected","","","","","","13"
"main","app/src/main/java/de/mkalb/etpetssim/simulations/wator/model/entity/CreatureBase.java","de.mkalb.etpetssim.simulations.wator.model.entity","CreatureBase","CLASS","descriptorId","METHOD","","public","final","String","","@Override","","25"
"main","app/src/main/java/de/mkalb/etpetssim/simulations/wator/model/entity/CreatureBase.java","de.mkalb.etpetssim.simulations.wator.model.entity","CreatureBase","CLASS","equals","METHOD","Object","public","final","boolean","","@Override","","30"
"main","app/src/main/java/de/mkalb/etpetssim/simulations/wator/model/entity/CreatureBase.java","de.mkalb.etpetssim.simulations.wator.model.entity","CreatureBase","CLASS","hashCode","METHOD","","public","final","int","","@Override","","39"
"main","app/src/main/java/de/mkalb/etpetssim/simulations/wator/model/entity/CreatureBase.java","de.mkalb.etpetssim.simulations.wator.model.entity","CreatureBase","CLASS","compareTo","METHOD","CreatureBase","public","final","int","","@Override","","44"
"main","app/src/main/java/de/mkalb/etpetssim/simulations/wator/model/entity/CreatureBase.java","de.mkalb.etpetssim.simulations.wator.model.entity","CreatureBase","CLASS","sequenceId","METHOD","","public","final","long","","","","49"
"main","app/src/main/java/de/mkalb/etpetssim/simulations/wator/model/entity/CreatureBase.java","de.mkalb.etpetssim.simulations.wator.model.entity","CreatureBase","CLASS","stepIndexOfBirth","METHOD","","public","final","int","","","","53"
"main","app/src/main/java/de/mkalb/etpetssim/simulations/wator/model/entity/CreatureBase.java","de.mkalb.etpetssim.simulations.wator.model.entity","CreatureBase","CLASS","ageAtStepIndex","METHOD","int","public","final","int","","","","57"
"main","app/src/main/java/de/mkalb/etpetssim/simulations/wator/model/entity/CreatureBase.java","de.mkalb.etpetssim.simulations.wator.model.entity","CreatureBase","CLASS","ageAtStepCount","METHOD","int","public","final","int","","","","61"
"main","app/src/main/java/de/mkalb/etpetssim/simulations/wator/model/entity/CreatureBase.java","de.mkalb.etpetssim.simulations.wator.model.entity","CreatureBase","CLASS","numberOfReproductions","METHOD","","public","final","int","","","","65"
"main","app/src/main/java/de/mkalb/etpetssim/simulations/wator/model/entity/CreatureBase.java","de.mkalb.etpetssim.simulations.wator.model.entity","CreatureBase","CLASS","timeOfLastReproduction","METHOD","","public","final","OptionalInt","","","","69"
"main","app/src/main/java/de/mkalb/etpetssim/simulations/wator/model/entity/CreatureBase.java","de.mkalb.etpetssim.simulations.wator.model.entity","CreatureBase","CLASS","reproduce","METHOD","CreatureBase","public","final","void","","","","73"
"main","app/src/main/java/de/mkalb/etpetssim/simulations/wator/model/entity/CreatureBase.java","de.mkalb.etpetssim.simulations.wator.model.entity","CreatureBase","CLASS","isAgent","METHOD","","public","final","boolean","","@Override","","77"
"main","app/src/main/java/de/mkalb/etpetssim/simulations/wator/model/entity/CreatureBase.java","de.mkalb.etpetssim.simulations.wator.model.entity","CreatureBase","CLASS","isWater","METHOD","","public","final","boolean","","@Override","","82"
"main","app/src/main/java/de/mkalb/etpetssim/simulations/wator/model/entity/CreatureFactory.java","de.mkalb.etpetssim.simulations.wator.model.entity","CreatureFactory","CLASS","<init>","CONSTRUCTOR","","public","","","","","","7"
"main","app/src/main/java/de/mkalb/etpetssim/simulations/wator/model/entity/CreatureFactory.java","de.mkalb.etpetssim.simulations.wator.model.entity","CreatureFactory","CLASS","createFish","METHOD","int","public","","Fish","","","","11"
"main","app/src/main/java/de/mkalb/etpetssim/simulations/wator/model/entity/CreatureFactory.java","de.mkalb.etpetssim.simulations.wator.model.entity","CreatureFactory","CLASS","createShark","METHOD","int, int","public","","Shark","","","","17"
"main","app/src/main/java/de/mkalb/etpetssim/simulations/wator/model/entity/EntityDescriptors.java","de.mkalb.etpetssim.simulations.wator.model.entity","EntityDescriptors","ENUM","<init>","CONSTRUCTOR","String, boolean, String, String, String, String, Color, Color","private","","","","","","47"
"main","app/src/main/java/de/mkalb/etpetssim/simulations/wator/model/entity/EntityDescriptors.java","de.mkalb.etpetssim.simulations.wator.model.entity","EntityDescriptors","ENUM","descriptorSpec","METHOD","","public","","GridEntityDescriptorSpec","","@Override","","66"
"main","app/src/main/java/de/mkalb/etpetssim/simulations/wator/model/entity/Fish.java","de.mkalb.etpetssim.simulations.wator.model.entity","Fish","CLASS","<init>","CONSTRUCTOR","long, int","public","","","","","","5"
"main","app/src/main/java/de/mkalb/etpetssim/simulations/wator/model/entity/Fish.java","de.mkalb.etpetssim.simulations.wator.model.entity","Fish","CLASS","isFish","METHOD","","public","","boolean","","@Override","","9"
"main","app/src/main/java/de/mkalb/etpetssim/simulations/wator/model/entity/Fish.java","de.mkalb.etpetssim.simulations.wator.model.entity","Fish","CLASS","isShark","METHOD","","public","","boolean","","@Override","","14"
"main","app/src/main/java/de/mkalb/etpetssim/simulations/wator/model/entity/Fish.java","de.mkalb.etpetssim.simulations.wator.model.entity","Fish","CLASS","toDisplayString","METHOD","","public","","String","","@Override","","19"
"main","app/src/main/java/de/mkalb/etpetssim/simulations/wator/model/entity/Fish.java","de.mkalb.etpetssim.simulations.wator.model.entity","Fish","CLASS","toString","METHOD","","public","","String","","@Override","","24"
"main","app/src/main/java/de/mkalb/etpetssim/simulations/wator/model/entity/Shark.java","de.mkalb.etpetssim.simulations.wator.model.entity","Shark","CLASS","<init>","CONSTRUCTOR","long, int, int","public","","","","","","7"
"main","app/src/main/java/de/mkalb/etpetssim/simulations/wator/model/entity/Shark.java","de.mkalb.etpetssim.simulations.wator.model.entity","Shark","CLASS","currentEnergy","METHOD","","public","","int","","","","12"
"main","app/src/main/java/de/mkalb/etpetssim/simulations/wator/model/entity/Shark.java","de.mkalb.etpetssim.simulations.wator.model.entity","Shark","CLASS","reduceEnergy","METHOD","int","public","","void","","","","16"
"main","app/src/main/java/de/mkalb/etpetssim/simulations/wator/model/entity/Shark.java","de.mkalb.etpetssim.simulations.wator.model.entity","Shark","CLASS","gainEnergy","METHOD","int","public","","void","","","","20"
"main","app/src/main/java/de/mkalb/etpetssim/simulations/wator/model/entity/Shark.java","de.mkalb.etpetssim.simulations.wator.model.entity","Shark","CLASS","isFish","METHOD","","public","","boolean","","@Override","","24"
"main","app/src/main/java/de/mkalb/etpetssim/simulations/wator/model/entity/Shark.java","de.mkalb.etpetssim.simulations.wator.model.entity","Shark","CLASS","isShark","METHOD","","public","","boolean","","@Override","","29"
"main","app/src/main/java/de/mkalb/etpetssim/simulations/wator/model/entity/Shark.java","de.mkalb.etpetssim.simulations.wator.model.entity","Shark","CLASS","toDisplayString","METHOD","","public","","String","","@Override","","34"
"main","app/src/main/java/de/mkalb/etpetssim/simulations/wator/model/entity/Shark.java","de.mkalb.etpetssim.simulations.wator.model.entity","Shark","CLASS","toString","METHOD","","public","","String","","@Override","","39"
"main","app/src/main/java/de/mkalb/etpetssim/simulations/wator/model/entity/TerrainConstant.java","de.mkalb.etpetssim.simulations.wator.model.entity","TerrainConstant","ENUM","<init>","CONSTRUCTOR","String","private","","","","@SuppressWarnings(""SameParameterValue"")","","16"
"main","app/src/main/java/de/mkalb/etpetssim/simulations/wator/model/entity/TerrainConstant.java","de.mkalb.etpetssim.simulations.wator.model.entity","TerrainConstant","ENUM","descriptorId","METHOD","","public","","String","","@Override","","21"
"main","app/src/main/java/de/mkalb/etpetssim/simulations/wator/model/entity/TerrainConstant.java","de.mkalb.etpetssim.simulations.wator.model.entity","TerrainConstant","ENUM","isAgent","METHOD","","public","","boolean","","@Override","","26"
"main","app/src/main/java/de/mkalb/etpetssim/simulations/wator/model/entity/TerrainConstant.java","de.mkalb.etpetssim.simulations.wator.model.entity","TerrainConstant","ENUM","isFish","METHOD","","public","","boolean","","@Override","","31"
"main","app/src/main/java/de/mkalb/etpetssim/simulations/wator/model/entity/TerrainConstant.java","de.mkalb.etpetssim.simulations.wator.model.entity","TerrainConstant","ENUM","isShark","METHOD","","public","","boolean","","@Override","","36"
"main","app/src/main/java/de/mkalb/etpetssim/simulations/wator/model/entity/TerrainConstant.java","de.mkalb.etpetssim.simulations.wator.model.entity","TerrainConstant","ENUM","isWater","METHOD","","public","final","boolean","","@Override","","41"
"main","app/src/main/java/de/mkalb/etpetssim/simulations/wator/model/entity/WatorEntity.java","de.mkalb.etpetssim.simulations.wator.model.entity","WatorEntity","INTERFACE","isAgent","METHOD","","public","","boolean","","","","20"
"main","app/src/main/java/de/mkalb/etpetssim/simulations/wator/model/entity/WatorEntity.java","de.mkalb.etpetssim.simulations.wator.model.entity","WatorEntity","INTERFACE","isFish","METHOD","","public","","boolean","","","","27"
"main","app/src/main/java/de/mkalb/etpetssim/simulations/wator/model/entity/WatorEntity.java","de.mkalb.etpetssim.simulations.wator.model.entity","WatorEntity","INTERFACE","isShark","METHOD","","public","","boolean","","","","34"
"main","app/src/main/java/de/mkalb/etpetssim/simulations/wator/model/entity/WatorEntity.java","de.mkalb.etpetssim.simulations.wator.model.entity","WatorEntity","INTERFACE","isWater","METHOD","","public","","boolean","","","","41"
"main","app/src/main/java/de/mkalb/etpetssim/simulations/wator/view/WatorConfigView.java","de.mkalb.etpetssim.simulations.wator.view","WatorConfigView","CLASS","<init>","CONSTRUCTOR","WatorConfigViewModel","public","","","","","","47"
"main","app/src/main/java/de/mkalb/etpetssim/simulations/wator/view/WatorConfigView.java","de.mkalb.etpetssim.simulations.wator.view","WatorConfigView","CLASS","buildConfigRegion","METHOD","","public","","Region","","@Override","","51"
"main","app/src/main/java/de/mkalb/etpetssim/simulations/wator/view/WatorConfigView.java","de.mkalb.etpetssim.simulations.wator.view","WatorConfigView","CLASS","createFishRulesPane","METHOD","","private","","TitledPane","","","","92"
"main","app/src/main/java/de/mkalb/etpetssim/simulations/wator/view/WatorConfigView.java","de.mkalb.etpetssim.simulations.wator.view","WatorConfigView","CLASS","createSharkRulesPane","METHOD","","private","","TitledPane","","","","121"
"main","app/src/main/java/de/mkalb/etpetssim/simulations/wator/view/WatorMainView.java","de.mkalb.etpetssim.simulations.wator.view","WatorMainView","CLASS","<init>","CONSTRUCTOR","DefaultMainViewModel<WatorEntity, GridCell<WatorEntity>, WritableGridModel<WatorEntity>, WatorConfig, WatorStatistics, WatorSimulationManager, WatorUserActionContext>, GridEntityDescriptorRegistry, WatorConfigView, DefaultControlView, WatorObservationView","public","","","","","","55"
"main","app/src/main/java/de/mkalb/etpetssim/simulations/wator/view/WatorMainView.java","de.mkalb.etpetssim.simulations.wator.view","WatorMainView","CLASS","computeMaxColorSharkEnergy","METHOD","WatorConfig","private","","int","","","","70"
"main","app/src/main/java/de/mkalb/etpetssim/simulations/wator/view/WatorMainView.java","de.mkalb.etpetssim.simulations.wator.view","WatorMainView","CLASS","initSimulation","METHOD","WatorConfig, CellDimension, WritableGridModel<WatorEntity>","protected","","void","","@Override","","74"
"main","app/src/main/java/de/mkalb/etpetssim/simulations/wator/view/WatorMainView.java","de.mkalb.etpetssim.simulations.wator.view","WatorMainView","CLASS","resolveEntityFillColor","METHOD","GridEntityDescriptor, WatorEntity, int","private","","Color","","","","142"
"main","app/src/main/java/de/mkalb/etpetssim/simulations/wator/view/WatorMainView.java","de.mkalb.etpetssim.simulations.wator.view","WatorMainView","CLASS","handleGridCellSelected","METHOD","FXGridCanvasPainter, GridCell<WatorEntity>, GridCell<WatorEntity>","protected","","void","","@Override","","159"
"main","app/src/main/java/de/mkalb/etpetssim/simulations/wator/view/WatorMainView.java","de.mkalb.etpetssim.simulations.wator.view","WatorMainView","CLASS","drawSimulation","METHOD","WritableGridModel<WatorEntity>, int, int","protected","","void","","@Override","","173"
"main","app/src/main/java/de/mkalb/etpetssim/simulations/wator/view/WatorMainView.java","de.mkalb.etpetssim.simulations.wator.view","WatorMainView","CLASS","createUserActionDescriptors","METHOD","","protected","","List<SimulationUserActionDescriptor<WatorUserActionContext>>","","@Override","","192"
"main","app/src/main/java/de/mkalb/etpetssim/simulations/wator/view/WatorObservationView.java","de.mkalb.etpetssim.simulations.wator.view","WatorObservationView","CLASS","<init>","CONSTRUCTOR","DefaultObservationViewModel<WatorEntity, GridCell<WatorEntity>, WatorStatistics>, GridEntityDescriptorRegistry","public","","","","","","26"
"main","app/src/main/java/de/mkalb/etpetssim/simulations/wator/view/WatorObservationView.java","de.mkalb.etpetssim.simulations.wator.view","WatorObservationView","CLASS","onSelectedCellChanged","METHOD","GridCell<WatorEntity>","protected","","void","","@Override","","33"
"main","app/src/main/java/de/mkalb/etpetssim/simulations/wator/view/WatorObservationView.java","de.mkalb.etpetssim.simulations.wator.view","WatorObservationView","CLASS","buildObservationRegion","METHOD","","public","","Region","","@Override","","46"
"main","app/src/main/java/de/mkalb/etpetssim/simulations/wator/view/WatorObservationView.java","de.mkalb.etpetssim.simulations.wator.view","WatorObservationView","CLASS","updateObservationLabels","METHOD","","protected","","void","","@Override","","72"
"main","app/src/main/java/de/mkalb/etpetssim/simulations/wator/viewmodel/WatorConfigViewModel.java","de.mkalb.etpetssim.simulations.wator.viewmodel","WatorConfigViewModel","CLASS","<init>","CONSTRUCTOR","ReadOnlyObjectProperty<SimulationState>","public","","","","","","107"
"main","app/src/main/java/de/mkalb/etpetssim/simulations/wator/viewmodel/WatorConfigViewModel.java","de.mkalb.etpetssim.simulations.wator.viewmodel","WatorConfigViewModel","CLASS","getConfig","METHOD","","public","","WatorConfig","","@Override","","115"
"main","app/src/main/java/de/mkalb/etpetssim/simulations/wator/viewmodel/WatorConfigViewModel.java","de.mkalb.etpetssim.simulations.wator.viewmodel","WatorConfigViewModel","CLASS","fishPercentProperty","METHOD","","public","","InputDoubleProperty","","","","141"
"main","app/src/main/java/de/mkalb/etpetssim/simulations/wator/viewmodel/WatorConfigViewModel.java","de.mkalb.etpetssim.simulations.wator.viewmodel","WatorConfigViewModel","CLASS","sharkPercentProperty","METHOD","","public","","InputDoubleProperty","","","","145"
"main","app/src/main/java/de/mkalb/etpetssim/simulations/wator/viewmodel/WatorConfigViewModel.java","de.mkalb.etpetssim.simulations.wator.viewmodel","WatorConfigViewModel","CLASS","neighborhoodModeProperty","METHOD","","public","","InputChoiceProperty<NeighborhoodMode>","","","","149"
"main","app/src/main/java/de/mkalb/etpetssim/simulations/wator/viewmodel/WatorConfigViewModel.java","de.mkalb.etpetssim.simulations.wator.viewmodel","WatorConfigViewModel","CLASS","fishMaxAgeProperty","METHOD","","public","","InputIntegerProperty","","","","153"
"main","app/src/main/java/de/mkalb/etpetssim/simulations/wator/viewmodel/WatorConfigViewModel.java","de.mkalb.etpetssim.simulations.wator.viewmodel","WatorConfigViewModel","CLASS","fishMinReproductionAgeProperty","METHOD","","public","","InputIntegerProperty","","","","157"
"main","app/src/main/java/de/mkalb/etpetssim/simulations/wator/viewmodel/WatorConfigViewModel.java","de.mkalb.etpetssim.simulations.wator.viewmodel","WatorConfigViewModel","CLASS","fishMinReproductionIntervalProperty","METHOD","","public","","InputIntegerProperty","","","","161"
"main","app/src/main/java/de/mkalb/etpetssim/simulations/wator/viewmodel/WatorConfigViewModel.java","de.mkalb.etpetssim.simulations.wator.viewmodel","WatorConfigViewModel","CLASS","sharkMaxAgeProperty","METHOD","","public","","InputIntegerProperty","","","","165"
"main","app/src/main/java/de/mkalb/etpetssim/simulations/wator/viewmodel/WatorConfigViewModel.java","de.mkalb.etpetssim.simulations.wator.viewmodel","WatorConfigViewModel","CLASS","sharkBirthEnergyProperty","METHOD","","public","","InputIntegerProperty","","","","169"
"main","app/src/main/java/de/mkalb/etpetssim/simulations/wator/viewmodel/WatorConfigViewModel.java","de.mkalb.etpetssim.simulations.wator.viewmodel","WatorConfigViewModel","CLASS","sharkEnergyLossPerStepProperty","METHOD","","public","","InputIntegerProperty","","","","173"
"main","app/src/main/java/de/mkalb/etpetssim/simulations/wator/viewmodel/WatorConfigViewModel.java","de.mkalb.etpetssim.simulations.wator.viewmodel","WatorConfigViewModel","CLASS","sharkEnergyGainPerFishProperty","METHOD","","public","","InputIntegerProperty","","","","177"
"main","app/src/main/java/de/mkalb/etpetssim/simulations/wator/viewmodel/WatorConfigViewModel.java","de.mkalb.etpetssim.simulations.wator.viewmodel","WatorConfigViewModel","CLASS","sharkMinReproductionAgeProperty","METHOD","","public","","InputIntegerProperty","","","","181"
"main","app/src/main/java/de/mkalb/etpetssim/simulations/wator/viewmodel/WatorConfigViewModel.java","de.mkalb.etpetssim.simulations.wator.viewmodel","WatorConfigViewModel","CLASS","sharkMinReproductionEnergyProperty","METHOD","","public","","InputIntegerProperty","","","","185"
"main","app/src/main/java/de/mkalb/etpetssim/simulations/wator/viewmodel/WatorConfigViewModel.java","de.mkalb.etpetssim.simulations.wator.viewmodel","WatorConfigViewModel","CLASS","sharkMinReproductionIntervalProperty","METHOD","","public","","InputIntegerProperty","","","","189"
"main","app/src/main/java/de/mkalb/etpetssim/ui/CellDimension.java","de.mkalb.etpetssim.ui","CellDimension","RECORD","<init>","COMPACT_CONSTRUCTOR","","public","","","","","","51"
"main","app/src/main/java/de/mkalb/etpetssim/ui/CellDimension.java","de.mkalb.etpetssim.ui","CellDimension","RECORD","boundingBoxDimension","METHOD","","public","","Dimension2D","","","","76"
"main","app/src/main/java/de/mkalb/etpetssim/ui/CellDimension.java","de.mkalb.etpetssim.ui","CellDimension","RECORD","boundingBoxAt","METHOD","double, double","public","","Rectangle2D","","","","90"
"main","app/src/main/java/de/mkalb/etpetssim/ui/CellDimension.java","de.mkalb.etpetssim.ui","CellDimension","RECORD","boundingBoxAt","METHOD","Point2D","public","","Rectangle2D","","","","103"
"main","app/src/main/java/de/mkalb/etpetssim/ui/CellDimension.java","de.mkalb.etpetssim.ui","CellDimension","RECORD","toDisplayString","METHOD","","public","","String","","","","118"
"main","app/src/main/java/de/mkalb/etpetssim/ui/FXComponentFactory.java","de.mkalb.etpetssim.ui","FXComponentFactory","CLASS","<init>","CONSTRUCTOR","","private","","","","","","29"
"main","app/src/main/java/de/mkalb/etpetssim/ui/FXComponentFactory.java","de.mkalb.etpetssim.ui","FXComponentFactory","CLASS","createLabel","METHOD","String, String","public","static","Label","","","","39"
"main","app/src/main/java/de/mkalb/etpetssim/ui/FXComponentFactory.java","de.mkalb.etpetssim.ui","FXComponentFactory","CLASS","createHBox","METHOD","String","public","static","HBox","","","","51"
"main","app/src/main/java/de/mkalb/etpetssim/ui/FXComponentFactory.java","de.mkalb.etpetssim.ui","FXComponentFactory","CLASS","createVBox","METHOD","String","public","static","VBox","","","","63"
"main","app/src/main/java/de/mkalb/etpetssim/ui/FXComponentFactory.java","de.mkalb.etpetssim.ui","FXComponentFactory","CLASS","createLabeledEnumRadioButtons","METHOD","InputEnumProperty<E>, Function<E, String>, P, String, String, String","public","static","LabeledControl<P>","","@SuppressWarnings(""unchecked"")","E extends Enum<E>, P extends Pane","90"
"main","app/src/main/java/de/mkalb/etpetssim/ui/FXComponentFactory.java","de.mkalb.etpetssim.ui","FXComponentFactory","CLASS","createLabeledEnumCheckBox","METHOD","InputEnumProperty<E>, E, E, String, String, String","public","static","LabeledControl<CheckBox>","","","E extends Enum<E>","166"
"main","app/src/main/java/de/mkalb/etpetssim/ui/FXComponentFactory.java","de.mkalb.etpetssim.ui","FXComponentFactory","CLASS","createLabeledChoiceComboBox","METHOD","InputChoiceProperty<T>, String, String, String","public","static","LabeledControl<ComboBox<T>>","","","T","229"
"main","app/src/main/java/de/mkalb/etpetssim/ui/FXComponentFactory.java","de.mkalb.etpetssim.ui","FXComponentFactory","CLASS","createLabeledChoiceComboBox","METHOD","InputChoiceProperty<T>, String, String, String, Consumer<Runnable>","public","static","LabeledControl<ComboBox<T>>","","@SuppressWarnings(""ConstantValue"")","T","249"
"main","app/src/main/java/de/mkalb/etpetssim/ui/FXComponentFactory.java","de.mkalb.etpetssim.ui","FXComponentFactory","CLASS","createDisplayNameListCell","METHOD","Map<T, String>","private","static","ListCell<T>","","","T","317"
"main","app/src/main/java/de/mkalb/etpetssim/ui/FXComponentFactory.java","de.mkalb.etpetssim.ui","FXComponentFactory","CLASS","createLabeledIntSlider","METHOD","InputDoublePropertyIntRange, String, String, String","public","static","LabeledControl<Slider>","","","","350"
"main","app/src/main/java/de/mkalb/etpetssim/ui/FXComponentFactory.java","de.mkalb.etpetssim.ui","FXComponentFactory","CLASS","createLabeledIntSpinner","METHOD","InputIntegerProperty, String, String, String","public","static","LabeledControl<Spinner<Integer>>","","","","396"
"main","app/src/main/java/de/mkalb/etpetssim/ui/FXComponentFactory.java","de.mkalb.etpetssim.ui","FXComponentFactory","CLASS","normalizeAndSyncSpinnerValue","METHOD","Spinner<Integer>, InputIntegerProperty","private","static","void","","","","464"
"main","app/src/main/java/de/mkalb/etpetssim/ui/FXComponentFactory.java","de.mkalb.etpetssim.ui","FXComponentFactory","CLASS","createLabeledPercentSlider","METHOD","InputDoubleProperty, String, String, String","public","static","LabeledControl<Slider>","","@SuppressWarnings(""NumericCastThatLosesPrecision"")","","512"
"main","app/src/main/java/de/mkalb/etpetssim/ui/FXComponentFactory.java","de.mkalb.etpetssim.ui","FXComponentFactory","CLASS","computeMinorTickCountForPercentSlider","METHOD","int","private","static","int","","","","569"
"main","app/src/main/java/de/mkalb/etpetssim/ui/FXComponentFactory.java","de.mkalb.etpetssim.ui","FXComponentFactory","CLASS","createLabeledDoubleSlider","METHOD","InputDoubleProperty, int, String, String, String","public","static","LabeledControl<Slider>","","","","603"
"main","app/src/main/java/de/mkalb/etpetssim/ui/FXComponentFactory.java","de.mkalb.etpetssim.ui","FXComponentFactory","CLASS","createLabeledStringTextBox","METHOD","StringProperty, StringProperty, String, String, String, String, String","public","static","LabeledControl<HBox>","","","","667"
"main","app/src/main/java/de/mkalb/etpetssim/ui/FXComponentFactory.java","de.mkalb.etpetssim.ui","FXComponentFactory","CLASS","createLabeledStringTextBoxWithAdopt","METHOD","StringProperty, StringProperty, ReadOnlyStringProperty, String, String, String, String, String, String","public","static","LabeledControl<HBox>","","","","723"
"main","app/src/main/java/de/mkalb/etpetssim/ui/FXGridCanvasPainter.java","de.mkalb.etpetssim.ui","FXGridCanvasPainter","CLASS","<init>","CONSTRUCTOR","Canvas, GridStructure, double","public","","","","","","40"
"main","app/src/main/java/de/mkalb/etpetssim/ui/FXGridCanvasPainter.java","de.mkalb.etpetssim.ui","FXGridCanvasPainter","CLASS","scalePolygonFromCenter","METHOD","double[], double[], double, double, double","private","static","double[][]","","","","69"
"main","app/src/main/java/de/mkalb/etpetssim/ui/FXGridCanvasPainter.java","de.mkalb.etpetssim.ui","FXGridCanvasPainter","CLASS","toString","METHOD","","public","","String","","@Override","","83"
"main","app/src/main/java/de/mkalb/etpetssim/ui/FXGridCanvasPainter.java","de.mkalb.etpetssim.ui","FXGridCanvasPainter","CLASS","canvas","METHOD","","public","","Canvas","","","","98"
"main","app/src/main/java/de/mkalb/etpetssim/ui/FXGridCanvasPainter.java","de.mkalb.etpetssim.ui","FXGridCanvasPainter","CLASS","gridStructure","METHOD","","public","","GridStructure","","","","107"
"main","app/src/main/java/de/mkalb/etpetssim/ui/FXGridCanvasPainter.java","de.mkalb.etpetssim.ui","FXGridCanvasPainter","CLASS","graphicsContext2D","METHOD","","public","","GraphicsContext","","","","116"
"main","app/src/main/java/de/mkalb/etpetssim/ui/FXGridCanvasPainter.java","de.mkalb.etpetssim.ui","FXGridCanvasPainter","CLASS","cellDimension","METHOD","","public","","CellDimension","","","","125"
"main","app/src/main/java/de/mkalb/etpetssim/ui/FXGridCanvasPainter.java","de.mkalb.etpetssim.ui","FXGridCanvasPainter","CLASS","gridDimension2D","METHOD","","public","","Dimension2D","","","","134"
"main","app/src/main/java/de/mkalb/etpetssim/ui/FXGridCanvasPainter.java","de.mkalb.etpetssim.ui","FXGridCanvasPainter","CLASS","isInsideGrid","METHOD","GridCoordinate","public","","boolean","","","","146"
"main","app/src/main/java/de/mkalb/etpetssim/ui/FXGridCanvasPainter.java","de.mkalb.etpetssim.ui","FXGridCanvasPainter","CLASS","isOutsideGrid","METHOD","GridCoordinate","public","","boolean","","","","160"
"main","app/src/main/java/de/mkalb/etpetssim/ui/FXGridCanvasPainter.java","de.mkalb.etpetssim.ui","FXGridCanvasPainter","CLASS","fillCanvasBackground","METHOD","Paint","public","","void","","","","169"
"main","app/src/main/java/de/mkalb/etpetssim/ui/FXGridCanvasPainter.java","de.mkalb.etpetssim.ui","FXGridCanvasPainter","CLASS","clearCanvasBackground","METHOD","","public","","void","","","","177"
"main","app/src/main/java/de/mkalb/etpetssim/ui/FXGridCanvasPainter.java","de.mkalb.etpetssim.ui","FXGridCanvasPainter","CLASS","fillGridBackground","METHOD","Paint","public","","void","","","","188"
"main","app/src/main/java/de/mkalb/etpetssim/ui/FXGridCanvasPainter.java","de.mkalb.etpetssim.ui","FXGridCanvasPainter","CLASS","clearGridBackground","METHOD","","public","","void","","","","199"
"main","app/src/main/java/de/mkalb/etpetssim/ui/FXGridCanvasPainter.java","de.mkalb.etpetssim.ui","FXGridCanvasPainter","CLASS","drawCell","METHOD","GridCoordinate, Paint, Paint, double","public","","void","","","","211"
"main","app/src/main/java/de/mkalb/etpetssim/ui/FXGridCanvasPainter.java","de.mkalb.etpetssim.ui","FXGridCanvasPainter","CLASS","drawScaledCell","METHOD","GridCoordinate, Paint, Paint, double, double","public","","void","","","","230"
"main","app/src/main/java/de/mkalb/etpetssim/ui/FXGridCanvasPainter.java","de.mkalb.etpetssim.ui","FXGridCanvasPainter","CLASS","drawCellFrameSegment","METHOD","GridCoordinate, Paint, double, CellShapeSide","public","","void","","","","250"
"main","app/src/main/java/de/mkalb/etpetssim/ui/FXGridCanvasPainter.java","de.mkalb.etpetssim.ui","FXGridCanvasPainter","CLASS","drawCellBoundingBox","METHOD","GridCoordinate, Paint, Paint, double, StrokeType","public","","void","","","","268"
"main","app/src/main/java/de/mkalb/etpetssim/ui/FXGridCanvasPainter.java","de.mkalb.etpetssim.ui","FXGridCanvasPainter","CLASS","drawCellInnerCircle","METHOD","GridCoordinate, Paint, Paint, double, StrokeType","public","","void","","","","285"
"main","app/src/main/java/de/mkalb/etpetssim/ui/FXGridCanvasPainter.java","de.mkalb.etpetssim.ui","FXGridCanvasPainter","CLASS","drawCellOuterCircle","METHOD","GridCoordinate, Paint, Paint, double, StrokeType","public","","void","","","","302"
"main","app/src/main/java/de/mkalb/etpetssim/ui/FXGridCanvasPainter.java","de.mkalb.etpetssim.ui","FXGridCanvasPainter","CLASS","drawTriangle","METHOD","GridCoordinate, double, Paint, Paint, double","public","","void","","","","319"
"main","app/src/main/java/de/mkalb/etpetssim/ui/FXGridCanvasPainter.java","de.mkalb.etpetssim.ui","FXGridCanvasPainter","CLASS","drawTriangleMatchingCellWidth","METHOD","GridCoordinate, Paint, Paint, double","public","","void","","","","341"
"main","app/src/main/java/de/mkalb/etpetssim/ui/FXGridCanvasPainter.java","de.mkalb.etpetssim.ui","FXGridCanvasPainter","CLASS","drawHexagon","METHOD","GridCoordinate, double, Paint, Paint, double","public","","void","","","","358"
"main","app/src/main/java/de/mkalb/etpetssim/ui/FXGridCanvasPainter.java","de.mkalb.etpetssim.ui","FXGridCanvasPainter","CLASS","drawHexagonMatchingCellWidth","METHOD","GridCoordinate, Paint, Paint, double","public","","void","","","","380"
"main","app/src/main/java/de/mkalb/etpetssim/ui/FXGridCanvasPainter.java","de.mkalb.etpetssim.ui","FXGridCanvasPainter","CLASS","drawRectangle","METHOD","Rectangle2D, Paint, Paint, double, StrokeType","public","","void","","","","397"
"main","app/src/main/java/de/mkalb/etpetssim/ui/FXGridCanvasPainter.java","de.mkalb.etpetssim.ui","FXGridCanvasPainter","CLASS","drawCircle","METHOD","Point2D, double, Paint, Paint, double, StrokeType","public","","void","","","","435"
"main","app/src/main/java/de/mkalb/etpetssim/ui/FXGridCanvasPainter.java","de.mkalb.etpetssim.ui","FXGridCanvasPainter","CLASS","drawPolygon","METHOD","double[], double[], Paint, Paint, double","public","","void","","","","494"
"main","app/src/main/java/de/mkalb/etpetssim/ui/FXGridCanvasPainter.java","de.mkalb.etpetssim.ui","FXGridCanvasPainter","CLASS","drawPolyline","METHOD","double[], double[], Paint, double","public","","void","","","","519"
"main","app/src/main/java/de/mkalb/etpetssim/ui/FXGridCanvasPainter.java","de.mkalb.etpetssim.ui","FXGridCanvasPainter","CLASS","drawPixelDirect","METHOD","int, int, Color","public","","void","","@SuppressWarnings(""NumericCastThatLosesPrecision"")","","540"
"main","app/src/main/java/de/mkalb/etpetssim/ui/FXGridCanvasPainter.java","de.mkalb.etpetssim.ui","FXGridCanvasPainter","CLASS","drawPixelRect","METHOD","int, int, Paint","public","","void","","@SuppressWarnings(""NumericCastThatLosesPrecision"")","","559"
"main","app/src/main/java/de/mkalb/etpetssim/ui/FXGridCanvasPainter.java","de.mkalb.etpetssim.ui","FXGridCanvasPainter","CLASS","drawCenteredTextInCell","METHOD","GridCoordinate, String, Paint, Font","public","","void","","","","577"
"main","app/src/main/java/de/mkalb/etpetssim/ui/FXGridCanvasPainter.java","de.mkalb.etpetssim.ui","FXGridCanvasPainter","CLASS","drawCenteredTextAt","METHOD","Point2D, String, Paint, Font","public","","void","","","","591"
"main","app/src/main/java/de/mkalb/etpetssim/ui/FXGridCanvasPainter.java","de.mkalb.etpetssim.ui","FXGridCanvasPainter","CLASS","drawCenteredTextWithBackgroundAt","METHOD","Point2D, String, Paint, Font, Paint, double","public","","void","","","","613"
"main","app/src/main/java/de/mkalb/etpetssim/ui/FXGridCanvasPainter.java","de.mkalb.etpetssim.ui","FXGridCanvasPainter","CLASS","computeTextDimension","METHOD","String, Font","package-private","","Dimension2D","","","","637"
"main","app/src/main/java/de/mkalb/etpetssim/ui/FXGridCanvasPainter.java","de.mkalb.etpetssim.ui","FXGridCanvasPainter","CLASS","computeCenteredTextOffset","METHOD","String, Font","package-private","","Point2D","","","","653"
"main","app/src/main/java/de/mkalb/etpetssim/ui/FXPaintFactory.java","de.mkalb.etpetssim.ui","FXPaintFactory","CLASS","<init>","CONSTRUCTOR","","private","","","","","","22"
"main","app/src/main/java/de/mkalb/etpetssim/ui/FXPaintFactory.java","de.mkalb.etpetssim.ui","FXPaintFactory","CLASS","computeBrightnessVariantsMap","METHOD","Color, int, int, int, double","public","static","Map<Integer, Color>","","","","44"
"main","app/src/main/java/de/mkalb/etpetssim/ui/FXPaintFactory.java","de.mkalb.etpetssim.ui","FXPaintFactory","CLASS","adjustBrightness","METHOD","Color, double","public","static","Color","","","","93"
"main","app/src/main/java/de/mkalb/etpetssim/ui/FXPaintFactory.java","de.mkalb.etpetssim.ui","FXPaintFactory","CLASS","createHorizontalGradient","METHOD","Color, Color","public","static","Paint","","","","110"
"main","app/src/main/java/de/mkalb/etpetssim/ui/FXPaintFactory.java","de.mkalb.etpetssim.ui","FXPaintFactory","CLASS","createVerticalGradient","METHOD","Color, Color","public","static","Paint","","","","127"
"main","app/src/main/java/de/mkalb/etpetssim/ui/FXPaintFactory.java","de.mkalb.etpetssim.ui","FXPaintFactory","CLASS","createRadialGradient","METHOD","Color, Color","public","static","Paint","","","","144"
"main","app/src/main/java/de/mkalb/etpetssim/ui/FXPaintFactory.java","de.mkalb.etpetssim.ui","FXPaintFactory","CLASS","adjustColorAlpha","METHOD","Color, double","public","static","Color","","","","167"
"main","app/src/main/java/de/mkalb/etpetssim/ui/FXStyleClasses.java","de.mkalb.etpetssim.ui","FXStyleClasses","CLASS","<init>","CONSTRUCTOR","","private","","","","","","75"
"main","app/src/main/java/de/mkalb/etpetssim/ui/GridGeometry.java","de.mkalb.etpetssim.ui","GridGeometry","CLASS","<init>","CONSTRUCTOR","","private","","","","","","86"
"main","app/src/main/java/de/mkalb/etpetssim/ui/GridGeometry.java","de.mkalb.etpetssim.ui","GridGeometry","CLASS","convertEdgeLengthToMatchWidth","METHOD","double, CellShape, CellShape","public","static","double","","","","98"
"main","app/src/main/java/de/mkalb/etpetssim/ui/GridGeometry.java","de.mkalb.etpetssim.ui","GridGeometry","CLASS","computeCellDimension","METHOD","double, CellShape","public","static","CellDimension","","","","126"
"main","app/src/main/java/de/mkalb/etpetssim/ui/GridGeometry.java","de.mkalb.etpetssim.ui","GridGeometry","CLASS","computeGridDimension","METHOD","GridSize, CellDimension, CellShape","public","static","Dimension2D","","","","179"
"main","app/src/main/java/de/mkalb/etpetssim/ui/GridGeometry.java","de.mkalb.etpetssim.ui","GridGeometry","CLASS","computeGridDimension","METHOD","GridSize, double, CellShape","public","static","Dimension2D","","","","220"
"main","app/src/main/java/de/mkalb/etpetssim/ui/GridGeometry.java","de.mkalb.etpetssim.ui","GridGeometry","CLASS","isPointInTriangle","METHOD","Point2D, Point2D, Point2D, Point2D","public","static","boolean","","","","237"
"main","app/src/main/java/de/mkalb/etpetssim/ui/GridGeometry.java","de.mkalb.etpetssim.ui","GridGeometry","CLASS","isPointInTriangleCell","METHOD","Point2D, GridCoordinate, CellDimension","public","static","boolean","","","","253"
"main","app/src/main/java/de/mkalb/etpetssim/ui/GridGeometry.java","de.mkalb.etpetssim.ui","GridGeometry","CLASS","toCanvasPosition","METHOD","GridCoordinate, CellDimension, CellShape","public","static","Point2D","","","","266"
"main","app/src/main/java/de/mkalb/etpetssim/ui/GridGeometry.java","de.mkalb.etpetssim.ui","GridGeometry","CLASS","estimateGridCoordinate","METHOD","Point2D, CellDimension, Dimension2D, GridStructure","public","static","GridCoordinate","","@SuppressWarnings(""NumericCastThatLosesPrecision"")","","288"
"main","app/src/main/java/de/mkalb/etpetssim/ui/GridGeometry.java","de.mkalb.etpetssim.ui","GridGeometry","CLASS","fromCanvasPosition","METHOD","Point2D, CellDimension, Dimension2D, GridStructure","public","static","GridCoordinate","","","","336"
"main","app/src/main/java/de/mkalb/etpetssim/ui/GridGeometry.java","de.mkalb.etpetssim.ui","GridGeometry","CLASS","computeCellCenter","METHOD","GridCoordinate, CellDimension, CellShape","public","static","Point2D","","","","393"
"main","app/src/main/java/de/mkalb/etpetssim/ui/GridGeometry.java","de.mkalb.etpetssim.ui","GridGeometry","CLASS","computeCellBounds","METHOD","GridCoordinate, CellDimension, CellShape","public","static","Rectangle2D","","","","413"
"main","app/src/main/java/de/mkalb/etpetssim/ui/GridGeometry.java","de.mkalb.etpetssim.ui","GridGeometry","CLASS","computeCellPolygon","METHOD","GridCoordinate, CellDimension, CellShape","public","static","double[][]","","","","425"
"main","app/src/main/java/de/mkalb/etpetssim/ui/GridGeometry.java","de.mkalb.etpetssim.ui","GridGeometry","CLASS","computeCellFrameSegmentPolyline","METHOD","GridCoordinate, CellDimension, CellShape, CellShapeSide","public","static","double[][]","","","","452"
"main","app/src/main/java/de/mkalb/etpetssim/ui/GridGeometry.java","de.mkalb.etpetssim.ui","GridGeometry","CLASS","computeTrianglePolygon","METHOD","Point2D, CellDimension, boolean","public","static","double[][]","","","","472"
"main","app/src/main/java/de/mkalb/etpetssim/ui/GridGeometry.java","de.mkalb.etpetssim.ui","GridGeometry","CLASS","computeTriangleFrameSegmentPolyline","METHOD","Point2D, CellDimension, boolean, CellShapeSide","public","static","double[][]","","","","515"
"main","app/src/main/java/de/mkalb/etpetssim/ui/GridGeometry.java","de.mkalb.etpetssim.ui","GridGeometry","CLASS","computeSquarePolygon","METHOD","Point2D, CellDimension","public","static","double[][]","","","","609"
"main","app/src/main/java/de/mkalb/etpetssim/ui/GridGeometry.java","de.mkalb.etpetssim.ui","GridGeometry","CLASS","computeSquareFrameSegmentPolyline","METHOD","Point2D, CellDimension, CellShapeSide","public","static","double[][]","","","","643"
"main","app/src/main/java/de/mkalb/etpetssim/ui/GridGeometry.java","de.mkalb.etpetssim.ui","GridGeometry","CLASS","computeHexagonPolygon","METHOD","Point2D, CellDimension","public","static","double[][]","","","","696"
"main","app/src/main/java/de/mkalb/etpetssim/ui/GridGeometry.java","de.mkalb.etpetssim.ui","GridGeometry","CLASS","computeHexagonFrameSegmentPolyline","METHOD","Point2D, CellDimension, CellShapeSide","public","static","double[][]","","@SuppressWarnings(""DuplicateExpressions"")","","735"
"main","app/src/main/java/de/mkalb/etpetssim/ui/InputChoiceProperty.java","de.mkalb.etpetssim.ui","InputChoiceProperty","RECORD","<init>","COMPACT_CONSTRUCTOR","","public","","","","","","41"
"main","app/src/main/java/de/mkalb/etpetssim/ui/InputChoiceProperty.java","de.mkalb.etpetssim.ui","InputChoiceProperty","RECORD","ofList","METHOD","T, List<T>, Function<T, String>","public","static","InputChoiceProperty<T>","","","T","69"
"main","app/src/main/java/de/mkalb/etpetssim/ui/InputChoiceProperty.java","de.mkalb.etpetssim.ui","InputChoiceProperty","RECORD","ofEnum","METHOD","T, Class<T>, Function<T, String>","public","static","InputChoiceProperty<T>","","","T extends Enum<T>","99"
"main","app/src/main/java/de/mkalb/etpetssim/ui/InputChoiceProperty.java","de.mkalb.etpetssim.ui","InputChoiceProperty","RECORD","isInvalidValue","METHOD","T, List<T>","package-private","static","boolean","","","T","113"
"main","app/src/main/java/de/mkalb/etpetssim/ui/InputChoiceProperty.java","de.mkalb.etpetssim.ui","InputChoiceProperty","RECORD","asStringBinding","METHOD","String","public","","StringBinding","","","","123"
"main","app/src/main/java/de/mkalb/etpetssim/ui/InputChoiceProperty.java","de.mkalb.etpetssim.ui","InputChoiceProperty","RECORD","getValue","METHOD","","public","","T","","","","132"
"main","app/src/main/java/de/mkalb/etpetssim/ui/InputChoiceProperty.java","de.mkalb.etpetssim.ui","InputChoiceProperty","RECORD","setValue","METHOD","T","public","","void","","","","141"
"main","app/src/main/java/de/mkalb/etpetssim/ui/InputChoiceProperty.java","de.mkalb.etpetssim.ui","InputChoiceProperty","RECORD","isValue","METHOD","T","public","","boolean","","","","151"
"main","app/src/main/java/de/mkalb/etpetssim/ui/InputChoiceProperty.java","de.mkalb.etpetssim.ui","InputChoiceProperty","RECORD","hasMultipleValidValues","METHOD","","public","","boolean","","","","160"
"main","app/src/main/java/de/mkalb/etpetssim/ui/InputDoubleProperty.java","de.mkalb.etpetssim.ui","InputDoubleProperty","RECORD","<init>","COMPACT_CONSTRUCTOR","","public","","","","","","31"
"main","app/src/main/java/de/mkalb/etpetssim/ui/InputDoubleProperty.java","de.mkalb.etpetssim.ui","InputDoubleProperty","RECORD","of","METHOD","double, double, double","public","static","InputDoubleProperty","","","","51"
"main","app/src/main/java/de/mkalb/etpetssim/ui/InputDoubleProperty.java","de.mkalb.etpetssim.ui","InputDoubleProperty","RECORD","isInvalidValue","METHOD","double, double, double","package-private","static","boolean","","","","74"
"main","app/src/main/java/de/mkalb/etpetssim/ui/InputDoubleProperty.java","de.mkalb.etpetssim.ui","InputDoubleProperty","RECORD","asObjectProperty","METHOD","","public","","ObjectProperty<Double>","","","","83"
"main","app/src/main/java/de/mkalb/etpetssim/ui/InputDoubleProperty.java","de.mkalb.etpetssim.ui","InputDoubleProperty","RECORD","asStringBinding","METHOD","String","public","","StringBinding","","","","93"
"main","app/src/main/java/de/mkalb/etpetssim/ui/InputDoubleProperty.java","de.mkalb.etpetssim.ui","InputDoubleProperty","RECORD","getValue","METHOD","","public","","double","","","","102"
"main","app/src/main/java/de/mkalb/etpetssim/ui/InputDoubleProperty.java","de.mkalb.etpetssim.ui","InputDoubleProperty","RECORD","setValue","METHOD","double","public","","void","","","","111"
"main","app/src/main/java/de/mkalb/etpetssim/ui/InputDoubleProperty.java","de.mkalb.etpetssim.ui","InputDoubleProperty","RECORD","adjustValue","METHOD","double","public","","double","","","","121"
"main","app/src/main/java/de/mkalb/etpetssim/ui/InputDoublePropertyIntRange.java","de.mkalb.etpetssim.ui","InputDoublePropertyIntRange","RECORD","<init>","COMPACT_CONSTRUCTOR","","public","","","","","","33"
"main","app/src/main/java/de/mkalb/etpetssim/ui/InputDoublePropertyIntRange.java","de.mkalb.etpetssim.ui","InputDoublePropertyIntRange","RECORD","of","METHOD","int, int, int","public","static","InputDoublePropertyIntRange","","","","53"
"main","app/src/main/java/de/mkalb/etpetssim/ui/InputDoublePropertyIntRange.java","de.mkalb.etpetssim.ui","InputDoublePropertyIntRange","RECORD","isInvalidValue","METHOD","double, int, int","package-private","static","boolean","","","","78"
"main","app/src/main/java/de/mkalb/etpetssim/ui/InputDoublePropertyIntRange.java","de.mkalb.etpetssim.ui","InputDoublePropertyIntRange","RECORD","asObjectProperty","METHOD","","public","","ObjectProperty<Double>","","","","87"
"main","app/src/main/java/de/mkalb/etpetssim/ui/InputDoublePropertyIntRange.java","de.mkalb.etpetssim.ui","InputDoublePropertyIntRange","RECORD","asStringBinding","METHOD","String","public","","StringBinding","","","","97"
"main","app/src/main/java/de/mkalb/etpetssim/ui/InputDoublePropertyIntRange.java","de.mkalb.etpetssim.ui","InputDoublePropertyIntRange","RECORD","getValue","METHOD","","public","","double","","","","106"
"main","app/src/main/java/de/mkalb/etpetssim/ui/InputDoublePropertyIntRange.java","de.mkalb.etpetssim.ui","InputDoublePropertyIntRange","RECORD","setValue","METHOD","double","public","","void","","","","115"
"main","app/src/main/java/de/mkalb/etpetssim/ui/InputDoublePropertyIntRange.java","de.mkalb.etpetssim.ui","InputDoublePropertyIntRange","RECORD","adjustValue","METHOD","double","public","","double","","","","125"
"main","app/src/main/java/de/mkalb/etpetssim/ui/InputEnumProperty.java","de.mkalb.etpetssim.ui","InputEnumProperty","RECORD","<init>","COMPACT_CONSTRUCTOR","","public","","","","","","41"
"main","app/src/main/java/de/mkalb/etpetssim/ui/InputEnumProperty.java","de.mkalb.etpetssim.ui","InputEnumProperty","RECORD","of","METHOD","E, List<E>, Function<E, String>","public","static","InputEnumProperty<E>","","","E extends Enum<E>","68"
"main","app/src/main/java/de/mkalb/etpetssim/ui/InputEnumProperty.java","de.mkalb.etpetssim.ui","InputEnumProperty","RECORD","of","METHOD","E, Class<E>, Function<E, String>","public","static","InputEnumProperty<E>","","","E extends Enum<E>","97"
"main","app/src/main/java/de/mkalb/etpetssim/ui/InputEnumProperty.java","de.mkalb.etpetssim.ui","InputEnumProperty","RECORD","isInvalidValue","METHOD","E, List<E>","package-private","static","boolean","","","E extends Enum<E>","110"
"main","app/src/main/java/de/mkalb/etpetssim/ui/InputEnumProperty.java","de.mkalb.etpetssim.ui","InputEnumProperty","RECORD","asStringBinding","METHOD","String","public","","StringBinding","","","","120"
"main","app/src/main/java/de/mkalb/etpetssim/ui/InputEnumProperty.java","de.mkalb.etpetssim.ui","InputEnumProperty","RECORD","getValue","METHOD","","public","","E","","","","129"
"main","app/src/main/java/de/mkalb/etpetssim/ui/InputEnumProperty.java","de.mkalb.etpetssim.ui","InputEnumProperty","RECORD","setValue","METHOD","E","public","","void","","","","138"
"main","app/src/main/java/de/mkalb/etpetssim/ui/InputEnumProperty.java","de.mkalb.etpetssim.ui","InputEnumProperty","RECORD","isValue","METHOD","E","public","","boolean","","","","148"
"main","app/src/main/java/de/mkalb/etpetssim/ui/InputEnumProperty.java","de.mkalb.etpetssim.ui","InputEnumProperty","RECORD","hasMultipleValidValues","METHOD","","public","","boolean","","","","157"
"main","app/src/main/java/de/mkalb/etpetssim/ui/InputIntegerProperty.java","de.mkalb.etpetssim.ui","InputIntegerProperty","RECORD","<init>","COMPACT_CONSTRUCTOR","","public","","","","","","35"
"main","app/src/main/java/de/mkalb/etpetssim/ui/InputIntegerProperty.java","de.mkalb.etpetssim.ui","InputIntegerProperty","RECORD","of","METHOD","int, int, int, int","public","static","InputIntegerProperty","","","","62"
"main","app/src/main/java/de/mkalb/etpetssim/ui/InputIntegerProperty.java","de.mkalb.etpetssim.ui","InputIntegerProperty","RECORD","isInvalidValue","METHOD","int, int, int, int","package-private","static","boolean","","","","86"
"main","app/src/main/java/de/mkalb/etpetssim/ui/InputIntegerProperty.java","de.mkalb.etpetssim.ui","InputIntegerProperty","RECORD","asObjectProperty","METHOD","","public","","ObjectProperty<Integer>","","","","95"
"main","app/src/main/java/de/mkalb/etpetssim/ui/InputIntegerProperty.java","de.mkalb.etpetssim.ui","InputIntegerProperty","RECORD","asStringBinding","METHOD","String","public","","StringBinding","","","","105"
"main","app/src/main/java/de/mkalb/etpetssim/ui/InputIntegerProperty.java","de.mkalb.etpetssim.ui","InputIntegerProperty","RECORD","getValue","METHOD","","public","","int","","","","114"
"main","app/src/main/java/de/mkalb/etpetssim/ui/InputIntegerProperty.java","de.mkalb.etpetssim.ui","InputIntegerProperty","RECORD","setValue","METHOD","int","public","","void","","","","123"
"main","app/src/main/java/de/mkalb/etpetssim/ui/InputIntegerProperty.java","de.mkalb.etpetssim.ui","InputIntegerProperty","RECORD","adjustValue","METHOD","int","public","","int","","","","133"
"main","app/src/main/java/de/mkalb/etpetssim/ui/SimulationTimer.java","de.mkalb.etpetssim.ui","SimulationTimer","CLASS","<init>","CONSTRUCTOR","Runnable","public","","","","","","37"
"main","app/src/main/java/de/mkalb/etpetssim/ui/SimulationTimer.java","de.mkalb.etpetssim.ui","SimulationTimer","CLASS","start","METHOD","Duration","public","","void","","","","51"
"main","app/src/main/java/de/mkalb/etpetssim/ui/SimulationTimer.java","de.mkalb.etpetssim.ui","SimulationTimer","CLASS","stop","METHOD","","public","","void","","","","64"
"main","app/src/main/java/de/mkalb/etpetssim/ui/SimulationTimer.java","de.mkalb.etpetssim.ui","SimulationTimer","CLASS","isRunning","METHOD","","public","","boolean","","","","76"
"test","app/src/test/java/de/mkalb/FxTestSupport.java","de.mkalb","FxTestSupport","CLASS","<init>","CONSTRUCTOR","","private","","","","","","33"
"test","app/src/test/java/de/mkalb/FxTestSupport.java","de.mkalb","FxTestSupport","CLASS","ensureStarted","METHOD","","public","static synchronized","void","","","","43"
"test","app/src/test/java/de/mkalb/FxTestSupport.java","de.mkalb","FxTestSupport","CLASS","awaitLatch","METHOD","CountDownLatch, long, String","private","static","void","","@SuppressWarnings(""SameParameterValue"")","","59"
"test","app/src/test/java/de/mkalb/FxTestSupport.java","de.mkalb","FxTestSupport","CLASS","rethrowIfPresent","METHOD","Throwable","private","static","void","","","","80"
"test","app/src/test/java/de/mkalb/FxTestSupport.java","de.mkalb","FxTestSupport","CLASS","supplyAndWait","METHOD","Supplier<T>, long","public","static","T","","","T extends @Nullable Object","102"
"test","app/src/test/java/de/mkalb/FxTestSupport.java","de.mkalb","FxTestSupport","CLASS","supplyAndWait","METHOD","Supplier<T>","public","static","T","","","T extends @Nullable Object","133"
"test","app/src/test/java/de/mkalb/FxTestSupport.java","de.mkalb","FxTestSupport","CLASS","supplyAndWaitNonNull","METHOD","Supplier<T>","public","static","T","","","T","145"
"test","app/src/test/java/de/mkalb/FxTestSupport.java","de.mkalb","FxTestSupport","CLASS","runAndWait","METHOD","Runnable, long","public","static","void","","","","158"
"test","app/src/test/java/de/mkalb/FxTestSupport.java","de.mkalb","FxTestSupport","CLASS","runAndWait","METHOD","Runnable","public","static","void","","","","173"
"test","app/src/test/java/de/mkalb/FxTestSupportTest.java","de.mkalb","FxTestSupportTest","CLASS","setUpBeforeAll","METHOD","","package-private","static","void","","@BeforeAll","","14"
"test","app/src/test/java/de/mkalb/FxTestSupportTest.java","de.mkalb","FxTestSupportTest","CLASS","awaitRelease","METHOD","CountDownLatch","private","static","void","","","","19"
"test","app/src/test/java/de/mkalb/FxTestSupportTest.java","de.mkalb","FxTestSupportTest","CLASS","testEnsureStartedIsIdempotent","METHOD","","package-private","","void","","@Test","","27"
"test","app/src/test/java/de/mkalb/FxTestSupportTest.java","de.mkalb","FxTestSupportTest","CLASS","testSupplyAndWaitReturnsSuppliedValue","METHOD","","package-private","","void","","@Test","","32"
"test","app/src/test/java/de/mkalb/FxTestSupportTest.java","de.mkalb","FxTestSupportTest","CLASS","testSupplyAndWaitAllowsNullResult","METHOD","","package-private","","void","","@Test","","37"
"test","app/src/test/java/de/mkalb/FxTestSupportTest.java","de.mkalb","FxTestSupportTest","CLASS","testSupplyAndWaitPropagatesRuntimeException","METHOD","","package-private","","void","","@Test","","42"
"test","app/src/test/java/de/mkalb/FxTestSupportTest.java","de.mkalb","FxTestSupportTest","CLASS","testSupplyAndWaitPropagatesAssertionError","METHOD","","package-private","","void","","@Test","","55"
"test","app/src/test/java/de/mkalb/FxTestSupportTest.java","de.mkalb","FxTestSupportTest","CLASS","testSupplyAndWaitTimesOutWhenFxThreadIsBlocked","METHOD","","package-private","","void","InterruptedException","@Test","","68"
"test","app/src/test/java/de/mkalb/FxTestSupportTest.java","de.mkalb","FxTestSupportTest","CLASS","testSupplyAndWaitRestoresInterruptedStatus","METHOD","","package-private","","void","","@SuppressWarnings(""ResultOfMethodCallIgnored"") | @Test","","90"
"test","app/src/test/java/de/mkalb/FxTestSupportTest.java","de.mkalb","FxTestSupportTest","CLASS","testSupplyAndWaitUsesDefaultTimeout","METHOD","","package-private","","void","","@Test","","109"
"test","app/src/test/java/de/mkalb/FxTestSupportTest.java","de.mkalb","FxTestSupportTest","CLASS","testSupplyAndWaitReturnsSuppliedValueOnFxThread","METHOD","","package-private","","void","","@Test","","114"
"test","app/src/test/java/de/mkalb/FxTestSupportTest.java","de.mkalb","FxTestSupportTest","CLASS","testSupplyAndWaitAllowsNullResultOnFxThread","METHOD","","package-private","","void","","@Test","","119"
"test","app/src/test/java/de/mkalb/FxTestSupportTest.java","de.mkalb","FxTestSupportTest","CLASS","testSupplyAndWaitNonNullReturnsSuppliedValue","METHOD","","package-private","","void","","@Test","","124"
"test","app/src/test/java/de/mkalb/FxTestSupportTest.java","de.mkalb","FxTestSupportTest","CLASS","testSupplyAndWaitNonNullRejectsNullResult","METHOD","","package-private","","void","","@Test | @SuppressWarnings(""DataFlowIssue"")","","129"
"test","app/src/test/java/de/mkalb/FxTestSupportTest.java","de.mkalb","FxTestSupportTest","CLASS","testSupplyAndWaitNonNullReturnsSuppliedValueOnFxThread","METHOD","","package-private","","void","","@Test","","139"
"test","app/src/test/java/de/mkalb/FxTestSupportTest.java","de.mkalb","FxTestSupportTest","CLASS","testSupplyAndWaitNonNullRejectsNullResultOnFxThread","METHOD","","package-private","","void","","@Test | @SuppressWarnings(""DataFlowIssue"")","","145"
"test","app/src/test/java/de/mkalb/FxTestSupportTest.java","de.mkalb","FxTestSupportTest","CLASS","testRunAndWaitRunsActionOnFxThread","METHOD","","package-private","","void","","@Test","","157"
"test","app/src/test/java/de/mkalb/FxTestSupportTest.java","de.mkalb","FxTestSupportTest","CLASS","testRunAndWaitRunsActionWhenAlreadyOnFxThread","METHOD","","package-private","","void","","@Test","","166"
"test","app/src/test/java/de/mkalb/FxTestSupportTest.java","de.mkalb","FxTestSupportTest","CLASS","testRunAndWaitPropagatesRuntimeException","METHOD","","package-private","","void","","@Test","","177"
"test","app/src/test/java/de/mkalb/FxTestSupportTest.java","de.mkalb","FxTestSupportTest","CLASS","testRunAndWaitPropagatesAssertionError","METHOD","","package-private","","void","","@Test","","190"
"test","app/src/test/java/de/mkalb/FxTestSupportTest.java","de.mkalb","FxTestSupportTest","CLASS","testRunAndWaitUsesDefaultTimeout","METHOD","","package-private","","void","","@Test","","203"
"test","app/src/test/java/de/mkalb/etpetssim/ExtraterrestrialPetsSimulationTest.java","de.mkalb.etpetssim","ExtraterrestrialPetsSimulationTest","CLASS","setUpBeforeAll","METHOD","","package-private","static","void","","@BeforeAll","","23"
"test","app/src/test/java/de/mkalb/etpetssim/ExtraterrestrialPetsSimulationTest.java","de.mkalb.etpetssim","ExtraterrestrialPetsSimulationTest","CLASS","setCurrentSimulationInstance","METHOD","ExtraterrestrialPetsSimulation, SimulationInstance","private","static","void","","","","28"
"test","app/src/test/java/de/mkalb/etpetssim/ExtraterrestrialPetsSimulationTest.java","de.mkalb.etpetssim","ExtraterrestrialPetsSimulationTest","CLASS","invokeShutdownCurrentSimulation","METHOD","ExtraterrestrialPetsSimulation","private","static","void","","","","39"
"test","app/src/test/java/de/mkalb/etpetssim/ExtraterrestrialPetsSimulationTest.java","de.mkalb.etpetssim","ExtraterrestrialPetsSimulationTest","CLASS","setUpBeforeEach","METHOD","","package-private","","void","","@BeforeEach","","49"
"test","app/src/test/java/de/mkalb/etpetssim/ExtraterrestrialPetsSimulationTest.java","de.mkalb.etpetssim","ExtraterrestrialPetsSimulationTest","CLASS","testStopShutsDownCurrentSimulationOnce","METHOD","","package-private","","void","","@Test","","54"
"test","app/src/test/java/de/mkalb/etpetssim/ExtraterrestrialPetsSimulationTest.java","de.mkalb.etpetssim","ExtraterrestrialPetsSimulationTest","CLASS","testCloseRequestShutdownThenStopDoesNotShutDownTwice","METHOD","","package-private","","void","","@Test","","78"
"test","app/src/test/java/de/mkalb/etpetssim/ExtraterrestrialPetsSimulationTest.java","de.mkalb.etpetssim","ExtraterrestrialPetsSimulationTest","CLASS","testStopEscalatesWhenTerminationDoesNotComplete","METHOD","","package-private","","void","","@Test","","95"
"test","app/src/test/java/de/mkalb/etpetssim/ExtraterrestrialPetsSimulationTest.java","de.mkalb.etpetssim","ExtraterrestrialPetsSimulationTest","CLASS","testStopInterruptsTerminationWaitAndRestoresInterruptStatus","METHOD","","package-private","","void","","@SuppressWarnings(""ResultOfMethodCallIgnored"") | @Test","","114"
"test","app/src/test/java/de/mkalb/etpetssim/ExtraterrestrialPetsSimulationTest.java","de.mkalb.etpetssim","ExtraterrestrialPetsSimulationTest","CLASS","testStopInterruptionEscalatesEveryPendingTermination","METHOD","","package-private","","void","","@SuppressWarnings(""ResultOfMethodCallIgnored"") | @Test","","140"
"test","app/src/test/java/de/mkalb/etpetssim/ExtraterrestrialPetsSimulationTest.java","de.mkalb.etpetssim","ExtraterrestrialPetsSimulationTest","CLASS","testStopSharesTerminationTimeoutBudgetAcrossPendingTerminations","METHOD","","package-private","","void","","@Test","","168"
"test","app/src/test/java/de/mkalb/etpetssim/ExtraterrestrialPetsSimulationTest.java","de.mkalb.etpetssim","ExtraterrestrialPetsSimulationTest.CountingMainView","CLASS","<init>","CONSTRUCTOR","","private","","","","","","204"
"test","app/src/test/java/de/mkalb/etpetssim/ExtraterrestrialPetsSimulationTest.java","de.mkalb.etpetssim","ExtraterrestrialPetsSimulationTest.CountingMainView","CLASS","<init>","CONSTRUCTOR","CountingTermination","private","","","","","","208"
"test","app/src/test/java/de/mkalb/etpetssim/ExtraterrestrialPetsSimulationTest.java","de.mkalb.etpetssim","ExtraterrestrialPetsSimulationTest.CountingMainView","CLASS","buildMainRegion","METHOD","","public","","Region","","@Override","","212"
"test","app/src/test/java/de/mkalb/etpetssim/ExtraterrestrialPetsSimulationTest.java","de.mkalb.etpetssim","ExtraterrestrialPetsSimulationTest.CountingMainView","CLASS","shutdownSimulation","METHOD","","public","","SimulationTermination","","@Override","","217"
"test","app/src/test/java/de/mkalb/etpetssim/ExtraterrestrialPetsSimulationTest.java","de.mkalb.etpetssim","ExtraterrestrialPetsSimulationTest.CountingMainView","CLASS","shutdownCount","METHOD","","package-private","","int","","","","223"
"test","app/src/test/java/de/mkalb/etpetssim/ExtraterrestrialPetsSimulationTest.java","de.mkalb.etpetssim","ExtraterrestrialPetsSimulationTest.CountingMainView","CLASS","termination","METHOD","","package-private","","CountingTermination","","","","227"
"test","app/src/test/java/de/mkalb/etpetssim/ExtraterrestrialPetsSimulationTest.java","de.mkalb.etpetssim","ExtraterrestrialPetsSimulationTest.CountingTermination","CLASS","<init>","CONSTRUCTOR","TerminationAwaitOutcome","private","","","","","","241"
"test","app/src/test/java/de/mkalb/etpetssim/ExtraterrestrialPetsSimulationTest.java","de.mkalb.etpetssim","ExtraterrestrialPetsSimulationTest.CountingTermination","CLASS","<init>","CONSTRUCTOR","TerminationAwaitOutcome, long","private","","","","","","245"
"test","app/src/test/java/de/mkalb/etpetssim/ExtraterrestrialPetsSimulationTest.java","de.mkalb.etpetssim","ExtraterrestrialPetsSimulationTest.CountingTermination","CLASS","awaitTermination","METHOD","long, TimeUnit","public","","boolean","InterruptedException","@Override","","250"
"test","app/src/test/java/de/mkalb/etpetssim/ExtraterrestrialPetsSimulationTest.java","de.mkalb.etpetssim","ExtraterrestrialPetsSimulationTest.CountingTermination","CLASS","shutdownNow","METHOD","","public","","void","","@Override","","264"
"test","app/src/test/java/de/mkalb/etpetssim/ExtraterrestrialPetsSimulationTest.java","de.mkalb.etpetssim","ExtraterrestrialPetsSimulationTest.CountingTermination","CLASS","awaitCount","METHOD","","package-private","","int","","","","269"
"test","app/src/test/java/de/mkalb/etpetssim/ExtraterrestrialPetsSimulationTest.java","de.mkalb.etpetssim","ExtraterrestrialPetsSimulationTest.CountingTermination","CLASS","shutdownNowCount","METHOD","","package-private","","int","","","","273"
"test","app/src/test/java/de/mkalb/etpetssim/ExtraterrestrialPetsSimulationTest.java","de.mkalb.etpetssim","ExtraterrestrialPetsSimulationTest.CountingTermination","CLASS","awaitedTimeoutNanos","METHOD","","package-private","","long","","","","277"
"test","app/src/test/java/de/mkalb/etpetssim/SimulationTypeTest.java","de.mkalb.etpetssim","SimulationTypeTest","CLASS","setUpBeforeAll","METHOD","","package-private","static","void","","@BeforeAll","","16"
"test","app/src/test/java/de/mkalb/etpetssim/SimulationTypeTest.java","de.mkalb.etpetssim","SimulationTypeTest","CLASS","testEnumValues","METHOD","","package-private","","void","","@Test","","24"
"test","app/src/test/java/de/mkalb/etpetssim/SimulationTypeTest.java","de.mkalb.etpetssim","SimulationTypeTest","CLASS","testEnumCount","METHOD","","package-private","","void","","@Test","","38"
"test","app/src/test/java/de/mkalb/etpetssim/SimulationTypeTest.java","de.mkalb.etpetssim","SimulationTypeTest","CLASS","testDeclarationOrder","METHOD","","package-private","","void","","@Test","","43"
"test","app/src/test/java/de/mkalb/etpetssim/SimulationTypeTest.java","de.mkalb.etpetssim","SimulationTypeTest","CLASS","testValueOfInvalidThrows","METHOD","","package-private","","void","","@Test","","62"
"test","app/src/test/java/de/mkalb/etpetssim/SimulationTypeTest.java","de.mkalb.etpetssim","SimulationTypeTest","CLASS","testValueOfNullThrows","METHOD","","package-private","","void","","@Test","","67"
"test","app/src/test/java/de/mkalb/etpetssim/SimulationTypeTest.java","de.mkalb.etpetssim","SimulationTypeTest","CLASS","testStaticLabelResourceKey","METHOD","","package-private","","void","","@Test","","72"
"test","app/src/test/java/de/mkalb/etpetssim/SimulationTypeTest.java","de.mkalb.etpetssim","SimulationTypeTest","CLASS","testIsImplemented","METHOD","","package-private","","void","","@Test","","77"
"test","app/src/test/java/de/mkalb/etpetssim/SimulationTypeTest.java","de.mkalb.etpetssim","SimulationTypeTest","CLASS","testIsShownOnStartScreen","METHOD","","package-private","","void","","@Test","","91"
"test","app/src/test/java/de/mkalb/etpetssim/SimulationTypeTest.java","de.mkalb.etpetssim","SimulationTypeTest","CLASS","testTitleKey","METHOD","","package-private","","void","","@Test","","105"
"test","app/src/test/java/de/mkalb/etpetssim/SimulationTypeTest.java","de.mkalb.etpetssim","SimulationTypeTest","CLASS","testSubtitleKey","METHOD","","package-private","","void","","@Test","","119"
"test","app/src/test/java/de/mkalb/etpetssim/SimulationTypeTest.java","de.mkalb.etpetssim","SimulationTypeTest","CLASS","testUrlKey","METHOD","","package-private","","void","","@Test","","133"
"test","app/src/test/java/de/mkalb/etpetssim/SimulationTypeTest.java","de.mkalb.etpetssim","SimulationTypeTest","CLASS","testCssPath","METHOD","","package-private","","void","","@Test","","147"
"test","app/src/test/java/de/mkalb/etpetssim/SimulationTypeTest.java","de.mkalb.etpetssim","SimulationTypeTest","CLASS","testCliArguments","METHOD","","package-private","","void","","@Test","","161"
"test","app/src/test/java/de/mkalb/etpetssim/SimulationTypeTest.java","de.mkalb.etpetssim","SimulationTypeTest","CLASS","testCliArgumentsAreImmutable","METHOD","","package-private","","void","","@Test","","175"
"test","app/src/test/java/de/mkalb/etpetssim/SimulationTypeTest.java","de.mkalb.etpetssim","SimulationTypeTest","CLASS","testFromCliArgument","METHOD","","package-private","","void","","@Test","","180"
"test","app/src/test/java/de/mkalb/etpetssim/SimulationTypeTest.java","de.mkalb.etpetssim","SimulationTypeTest","CLASS","testTitle","METHOD","","package-private","","void","","@Test","","193"
"test","app/src/test/java/de/mkalb/etpetssim/SimulationTypeTest.java","de.mkalb.etpetssim","SimulationTypeTest","CLASS","testSubtitle","METHOD","","package-private","","void","","@Test","","200"
"test","app/src/test/java/de/mkalb/etpetssim/SimulationTypeTest.java","de.mkalb.etpetssim","SimulationTypeTest","CLASS","testUrl","METHOD","","package-private","","void","","@Test","","207"
"test","app/src/test/java/de/mkalb/etpetssim/SimulationTypeTest.java","de.mkalb.etpetssim","SimulationTypeTest","CLASS","testUrlAsURI","METHOD","","package-private","","void","","@Test","","214"
"test","app/src/test/java/de/mkalb/etpetssim/SimulationTypeTest.java","de.mkalb.etpetssim","SimulationTypeTest","CLASS","testCssUrl","METHOD","","package-private","","void","","@Test","","228"
"test","app/src/test/java/de/mkalb/etpetssim/core/AppArgsTest.java","de.mkalb.etpetssim.core","AppArgsTest","CLASS","setUpBeforeAll","METHOD","","package-private","static","void","","@BeforeAll","","14"
"test","app/src/test/java/de/mkalb/etpetssim/core/AppArgsTest.java","de.mkalb.etpetssim.core","AppArgsTest","CLASS","testNullArgumentsThrowsException","METHOD","","package-private","","void","","@SuppressWarnings(""DataFlowIssue"") | @Test","","19"
"test","app/src/test/java/de/mkalb/etpetssim/core/AppArgsTest.java","de.mkalb.etpetssim.core","AppArgsTest","CLASS","testEmptyArguments","METHOD","","package-private","","void","","@Test","","25"
"test","app/src/test/java/de/mkalb/etpetssim/core/AppArgsTest.java","de.mkalb.etpetssim.core","AppArgsTest","CLASS","testUnknownFlagsIsIgnored","METHOD","","package-private","","void","","@Test","","39"
"test","app/src/test/java/de/mkalb/etpetssim/core/AppArgsTest.java","de.mkalb.etpetssim.core","AppArgsTest","CLASS","testUnknownNonFlagIsIgnored","METHOD","","package-private","","void","","@Test","","47"
"test","app/src/test/java/de/mkalb/etpetssim/core/AppArgsTest.java","de.mkalb.etpetssim.core","AppArgsTest","CLASS","testFlagMissingValue","METHOD","","package-private","","void","","@Test","","55"
"test","app/src/test/java/de/mkalb/etpetssim/core/AppArgsTest.java","de.mkalb.etpetssim.core","AppArgsTest","CLASS","testFlagEmptyValue","METHOD","","package-private","","void","","@Test","","67"
"test","app/src/test/java/de/mkalb/etpetssim/core/AppArgsTest.java","de.mkalb.etpetssim.core","AppArgsTest","CLASS","testFlagValidTrueValue","METHOD","","package-private","","void","","@Test","","78"
"test","app/src/test/java/de/mkalb/etpetssim/core/AppArgsTest.java","de.mkalb.etpetssim.core","AppArgsTest","CLASS","testFlagValidFalseValue","METHOD","","package-private","","void","","@Test","","90"
"test","app/src/test/java/de/mkalb/etpetssim/core/AppArgsTest.java","de.mkalb.etpetssim.core","AppArgsTest","CLASS","testFlagInvalidValue","METHOD","","package-private","","void","","@Test","","102"
"test","app/src/test/java/de/mkalb/etpetssim/core/AppArgsTest.java","de.mkalb.etpetssim.core","AppArgsTest","CLASS","testNonFlagMissingValue","METHOD","","package-private","","void","","@Test","","114"
"test","app/src/test/java/de/mkalb/etpetssim/core/AppArgsTest.java","de.mkalb.etpetssim.core","AppArgsTest","CLASS","testNonFlagEmptyValue","METHOD","","package-private","","void","","@Test","","127"
"test","app/src/test/java/de/mkalb/etpetssim/core/AppArgsTest.java","de.mkalb.etpetssim.core","AppArgsTest","CLASS","testNonFlagValidStringValue","METHOD","","package-private","","void","","@Test","","140"
"test","app/src/test/java/de/mkalb/etpetssim/core/AppArgsTest.java","de.mkalb.etpetssim.core","AppArgsTest","CLASS","testNonFlagValidIntValue","METHOD","","package-private","","void","","@Test","","153"
"test","app/src/test/java/de/mkalb/etpetssim/core/AppArgsTest.java","de.mkalb.etpetssim.core","AppArgsTest","CLASS","testTwoArgumentsWithSameKey","METHOD","","package-private","","void","","@Test","","166"
"test","app/src/test/java/de/mkalb/etpetssim/core/AppArgsTest.java","de.mkalb.etpetssim.core","AppArgsTest","CLASS","testTwoValidArgumentsWithDifferentKeys","METHOD","","package-private","","void","","@Test","","177"
"test","app/src/test/java/de/mkalb/etpetssim/core/AppArgsTest.java","de.mkalb.etpetssim.core","AppArgsTest","CLASS","testIsFlagActiveTrue","METHOD","","package-private","","void","","@Test","","189"
"test","app/src/test/java/de/mkalb/etpetssim/core/AppArgsTest.java","de.mkalb.etpetssim.core","AppArgsTest","CLASS","testIsFlagActiveFalse","METHOD","","package-private","","void","","@Test","","198"
"test","app/src/test/java/de/mkalb/etpetssim/core/AppArgsTest.java","de.mkalb.etpetssim.core","AppArgsTest","CLASS","testKeysPrintHelp","METHOD","","package-private","","void","","@Test","","207"
"test","app/src/test/java/de/mkalb/etpetssim/core/AppArgsTest.java","de.mkalb.etpetssim.core","AppArgsTest","CLASS","testKeysReturnsUnmodifiableSet","METHOD","","package-private","","void","","@SuppressWarnings(""DataFlowIssue"") | @Test","","222"
"test","app/src/test/java/de/mkalb/etpetssim/core/AppArgsTest.java","de.mkalb.etpetssim.core","AppArgsTest","CLASS","testEnumValues","METHOD","","package-private","","void","","@Test","","232"
"test","app/src/test/java/de/mkalb/etpetssim/core/AppArgsTest.java","de.mkalb.etpetssim.core","AppArgsTest","CLASS","testEnumCount","METHOD","","package-private","","void","","@Test","","242"
"test","app/src/test/java/de/mkalb/etpetssim/core/AppArgsTest.java","de.mkalb.etpetssim.core","AppArgsTest","CLASS","testDeclarationOrder","METHOD","","package-private","","void","","@Test","","247"
"test","app/src/test/java/de/mkalb/etpetssim/core/AppArgsTest.java","de.mkalb.etpetssim.core","AppArgsTest","CLASS","testEnumKeyValues","METHOD","","package-private","","void","","@Test","","262"
"test","app/src/test/java/de/mkalb/etpetssim/core/AppArgsTest.java","de.mkalb.etpetssim.core","AppArgsTest","CLASS","testEnumKeyDescriptions","METHOD","","package-private","","void","","@Test","","277"
"test","app/src/test/java/de/mkalb/etpetssim/core/AppArgsTest.java","de.mkalb.etpetssim.core","AppArgsTest","CLASS","testEnumFromString","METHOD","","package-private","","void","","@Test","","285"
"test","app/src/test/java/de/mkalb/etpetssim/core/AppArgsTest.java","de.mkalb.etpetssim.core","AppArgsTest","CLASS","testValueOfInvalidThrows","METHOD","","package-private","","void","","@Test","","318"
"test","app/src/test/java/de/mkalb/etpetssim/core/AppArgsTest.java","de.mkalb.etpetssim.core","AppArgsTest","CLASS","testValueOfNullThrows","METHOD","","package-private","","void","","@Test","","323"
"test","app/src/test/java/de/mkalb/etpetssim/core/AppArgsTest.java","de.mkalb.etpetssim.core","AppArgsTest","CLASS","testParseBooleanValue","METHOD","","package-private","","void","","@SuppressWarnings(""DataFlowIssue"") | @Test","","328"
"test","app/src/test/java/de/mkalb/etpetssim/core/AppArgsTest.java","de.mkalb.etpetssim.core","AppArgsTest","CLASS","testArgumentsAsString","METHOD","","package-private","","void","","@Test","","353"
"test","app/src/test/java/de/mkalb/etpetssim/core/AppArgsTest.java","de.mkalb.etpetssim.core","AppArgsTest","CLASS","testToString","METHOD","","package-private","","void","","@Test","","366"
"test","app/src/test/java/de/mkalb/etpetssim/core/AppLocalizationTest.java","de.mkalb.etpetssim.core","AppLocalizationTest","CLASS","setUpBeforeAll","METHOD","","package-private","static","void","","@BeforeAll","","14"
"test","app/src/test/java/de/mkalb/etpetssim/core/AppLocalizationTest.java","de.mkalb.etpetssim.core","AppLocalizationTest","CLASS","setUpBeforeEach","METHOD","","package-private","","void","","@BeforeEach","","19"
"test","app/src/test/java/de/mkalb/etpetssim/core/AppLocalizationTest.java","de.mkalb.etpetssim.core","AppLocalizationTest","CLASS","testSupportedLocales","METHOD","","package-private","","void","","@Test","","24"
"test","app/src/test/java/de/mkalb/etpetssim/core/AppLocalizationTest.java","de.mkalb.etpetssim.core","AppLocalizationTest","CLASS","testBeforeInitialization","METHOD","","package-private","","void","","@Test","","34"
"test","app/src/test/java/de/mkalb/etpetssim/core/AppLocalizationTest.java","de.mkalb.etpetssim.core","AppLocalizationTest","CLASS","testInitializeTwoParameters","METHOD","","package-private","","void","","@Test","","43"
"test","app/src/test/java/de/mkalb/etpetssim/core/AppLocalizationTest.java","de.mkalb.etpetssim.core","AppLocalizationTest","CLASS","testInitializeOneParameter","METHOD","","package-private","","void","","@Test","","59"
"test","app/src/test/java/de/mkalb/etpetssim/core/AppLocalizationTest.java","de.mkalb.etpetssim.core","AppLocalizationTest","CLASS","testInitializeTwice","METHOD","","package-private","","void","","@Test","","75"
"test","app/src/test/java/de/mkalb/etpetssim/core/AppLocalizationTest.java","de.mkalb.etpetssim.core","AppLocalizationTest","CLASS","testResolveLocaleFromArgument","METHOD","","package-private","","void","","@Test","","84"
"test","app/src/test/java/de/mkalb/etpetssim/core/AppLocalizationTest.java","de.mkalb.etpetssim.core","AppLocalizationTest","CLASS","testResolveLocaleFromDefault","METHOD","","package-private","","void","","@SuppressWarnings(""DataFlowIssue"") | @Test","","101"
"test","app/src/test/java/de/mkalb/etpetssim/core/AppLocalizationTest.java","de.mkalb.etpetssim.core","AppLocalizationTest","CLASS","testGetText","METHOD","","package-private","","void","","@SuppressWarnings(""DataFlowIssue"") | @Test","","115"
"test","app/src/test/java/de/mkalb/etpetssim/core/AppLocalizationTest.java","de.mkalb.etpetssim.core","AppLocalizationTest","CLASS","testGetOptionalText","METHOD","","package-private","","void","","@SuppressWarnings(""DataFlowIssue"") | @Test","","129"
"test","app/src/test/java/de/mkalb/etpetssim/core/AppLocalizationTest.java","de.mkalb.etpetssim.core","AppLocalizationTest","CLASS","testGetFormattedText","METHOD","","package-private","","void","","@SuppressWarnings({""SpellCheckingInspection"", ""DataFlowIssue"", ""GrazieInspectionRunner""}) | @Test","","147"
"test","app/src/test/java/de/mkalb/etpetssim/core/AppLocalizationTest.java","de.mkalb.etpetssim.core","AppLocalizationTest","CLASS","testEnumValues","METHOD","","package-private","","void","","@Test","","161"
"test","app/src/test/java/de/mkalb/etpetssim/core/AppLocalizationTest.java","de.mkalb.etpetssim.core","AppLocalizationTest","CLASS","testEnumCount","METHOD","","package-private","","void","","@Test","","167"
"test","app/src/test/java/de/mkalb/etpetssim/core/AppLocalizationTest.java","de.mkalb.etpetssim.core","AppLocalizationTest","CLASS","testDeclarationOrder","METHOD","","package-private","","void","","@Test","","172"
"test","app/src/test/java/de/mkalb/etpetssim/core/AppLocalizationTest.java","de.mkalb.etpetssim.core","AppLocalizationTest","CLASS","testValueOfInvalidThrows","METHOD","","package-private","","void","","@Test","","183"
"test","app/src/test/java/de/mkalb/etpetssim/core/AppLocalizationTest.java","de.mkalb.etpetssim.core","AppLocalizationTest","CLASS","testValueOfNullThrows","METHOD","","package-private","","void","","@Test","","188"
"test","app/src/test/java/de/mkalb/etpetssim/core/AppLocalizationTest.java","de.mkalb.etpetssim.core","AppLocalizationTest","CLASS","testEnumCountryLocale","METHOD","","package-private","","void","","@Test","","193"
"test","app/src/test/java/de/mkalb/etpetssim/core/AppLocalizationTest.java","de.mkalb.etpetssim.core","AppLocalizationTest","CLASS","testEnumDisplayName","METHOD","","package-private","","void","","@Test","","204"
"test","app/src/test/java/de/mkalb/etpetssim/core/AppLocalizationTest.java","de.mkalb.etpetssim.core","AppLocalizationTest","CLASS","testEnumLanguageCode","METHOD","","package-private","","void","","@Test","","216"
"test","app/src/test/java/de/mkalb/etpetssim/core/AppLocalizationTest.java","de.mkalb.etpetssim.core","AppLocalizationTest","CLASS","testEnumCountryCode","METHOD","","package-private","","void","","@Test","","229"
"test","app/src/test/java/de/mkalb/etpetssim/core/AppLocalizationTest.java","de.mkalb.etpetssim.core","AppLocalizationTest","CLASS","testEnumLocaleCode","METHOD","","package-private","","void","","@Test","","242"
"test","app/src/test/java/de/mkalb/etpetssim/core/AppLoggerTest.java","de.mkalb.etpetssim.core","AppLoggerTest","CLASS","setUpBeforeAll","METHOD","","package-private","static","void","","@BeforeAll","","17"
"test","app/src/test/java/de/mkalb/etpetssim/core/AppLoggerTest.java","de.mkalb.etpetssim.core","AppLoggerTest","CLASS","formatRecord","METHOD","LogRecord","private","static","String","","","","22"
"test","app/src/test/java/de/mkalb/etpetssim/core/AppLoggerTest.java","de.mkalb.etpetssim.core","AppLoggerTest","CLASS","setUpBeforeEach","METHOD","","package-private","","void","","@BeforeEach","","34"
"test","app/src/test/java/de/mkalb/etpetssim/core/AppLoggerTest.java","de.mkalb.etpetssim.core","AppLoggerTest","CLASS","testInitialize","METHOD","","package-private","","void","","@Test","","39"
"test","app/src/test/java/de/mkalb/etpetssim/core/AppLoggerTest.java","de.mkalb.etpetssim.core","AppLoggerTest","CLASS","testInitializeWithoutHandlers","METHOD","","package-private","","void","","@Test","","46"
"test","app/src/test/java/de/mkalb/etpetssim/core/AppLoggerTest.java","de.mkalb.etpetssim.core","AppLoggerTest","CLASS","testInitializeForTesting","METHOD","","package-private","","void","","@Test","","54"
"test","app/src/test/java/de/mkalb/etpetssim/core/AppLoggerTest.java","de.mkalb.etpetssim.core","AppLoggerTest","CLASS","testResetForTesting","METHOD","","package-private","","void","","@Test","","61"
"test","app/src/test/java/de/mkalb/etpetssim/core/AppLoggerTest.java","de.mkalb.etpetssim.core","AppLoggerTest","CLASS","testDebugLogging","METHOD","","package-private","","void","","@Test","","71"
"test","app/src/test/java/de/mkalb/etpetssim/core/AppLoggerTest.java","de.mkalb.etpetssim.core","AppLoggerTest","CLASS","testDebugfLogging","METHOD","","package-private","","void","","@Test","","77"
"test","app/src/test/java/de/mkalb/etpetssim/core/AppLoggerTest.java","de.mkalb.etpetssim.core","AppLoggerTest","CLASS","testInfoLogging","METHOD","","package-private","","void","","@Test","","83"
"test","app/src/test/java/de/mkalb/etpetssim/core/AppLoggerTest.java","de.mkalb.etpetssim.core","AppLoggerTest","CLASS","testInfofLogging","METHOD","","package-private","","void","","@Test","","89"
"test","app/src/test/java/de/mkalb/etpetssim/core/AppLoggerTest.java","de.mkalb.etpetssim.core","AppLoggerTest","CLASS","testWarnLogging","METHOD","","package-private","","void","","@Test","","95"
"test","app/src/test/java/de/mkalb/etpetssim/core/AppLoggerTest.java","de.mkalb.etpetssim.core","AppLoggerTest","CLASS","testWarnfLogging","METHOD","","package-private","","void","","@Test","","101"
"test","app/src/test/java/de/mkalb/etpetssim/core/AppLoggerTest.java","de.mkalb.etpetssim.core","AppLoggerTest","CLASS","testErrorLogging","METHOD","","package-private","","void","","@Test","","107"
"test","app/src/test/java/de/mkalb/etpetssim/core/AppLoggerTest.java","de.mkalb.etpetssim.core","AppLoggerTest","CLASS","testErrorfLogging","METHOD","","package-private","","void","","@Test","","113"
"test","app/src/test/java/de/mkalb/etpetssim/core/AppLoggerTest.java","de.mkalb.etpetssim.core","AppLoggerTest","CLASS","testErrorfWithThrowableLogging","METHOD","","package-private","","void","","@Test","","119"
"test","app/src/test/java/de/mkalb/etpetssim/core/AppLoggerTest.java","de.mkalb.etpetssim.core","AppLoggerTest","CLASS","testDebugSupplierLogging","METHOD","","package-private","","void","","@Test","","126"
"test","app/src/test/java/de/mkalb/etpetssim/core/AppLoggerTest.java","de.mkalb.etpetssim.core","AppLoggerTest","CLASS","testInfoSupplierLogging","METHOD","","package-private","","void","","@Test","","133"
"test","app/src/test/java/de/mkalb/etpetssim/core/AppLoggerTest.java","de.mkalb.etpetssim.core","AppLoggerTest","CLASS","testWarnSupplierLogging","METHOD","","package-private","","void","","@Test","","140"
"test","app/src/test/java/de/mkalb/etpetssim/core/AppLoggerTest.java","de.mkalb.etpetssim.core","AppLoggerTest","CLASS","testErrorSupplierLogging","METHOD","","package-private","","void","","@Test","","147"
"test","app/src/test/java/de/mkalb/etpetssim/core/AppLoggerTest.java","de.mkalb.etpetssim.core","AppLoggerTest","CLASS","testErrorWithThrowable","METHOD","","package-private","","void","","@Test","","154"
"test","app/src/test/java/de/mkalb/etpetssim/core/AppLoggerTest.java","de.mkalb.etpetssim.core","AppLoggerTest","CLASS","testFormatterIncludesCurrentThreadNameAfterLogLevel","METHOD","","package-private","","void","","@Test","","161"
"test","app/src/test/java/de/mkalb/etpetssim/core/AppLoggerTest.java","de.mkalb.etpetssim.core","AppLoggerTest","CLASS","testFormatterAbbreviatesJavaFxApplicationThreadName","METHOD","","package-private","","void","InterruptedException","@Test","","170"
"test","app/src/test/java/de/mkalb/etpetssim/core/AppLoggerTest.java","de.mkalb.etpetssim.core","AppLoggerTest","CLASS","testInitializeTwiceThrowsException","METHOD","","package-private","","void","","@Test","","184"
"test","app/src/test/java/de/mkalb/etpetssim/core/AppLoggerTest.java","de.mkalb.etpetssim.core","AppLoggerTest","CLASS","testNullSupplierThrowsException","METHOD","","package-private","","void","","@SuppressWarnings(""DataFlowIssue"") | @Test","","191"
"test","app/src/test/java/de/mkalb/etpetssim/core/AppLoggerTest.java","de.mkalb.etpetssim.core","AppLoggerTest","CLASS","testNullFormatThrowsException","METHOD","","package-private","","void","","@SuppressWarnings(""DataFlowIssue"") | @Test","","203"
"test","app/src/test/java/de/mkalb/etpetssim/core/AppLoggerTest.java","de.mkalb.etpetssim.core","AppLoggerTest","CLASS","testNullThrowableThrowsException","METHOD","","package-private","","void","","@SuppressWarnings(""DataFlowIssue"") | @Test","","216"
"test","app/src/test/java/de/mkalb/etpetssim/core/AppResourcesTest.java","de.mkalb.etpetssim.core","AppResourcesTest","CLASS","setUpBeforeAll","METHOD","","package-private","static","void","","@BeforeAll","","21"
"test","app/src/test/java/de/mkalb/etpetssim/core/AppResourcesTest.java","de.mkalb.etpetssim.core","AppResourcesTest","CLASS","testGetBundleDefaultWithLocale","METHOD","","package-private","","void","","@SuppressWarnings(""DataFlowIssue"") | @Test","","27"
"test","app/src/test/java/de/mkalb/etpetssim/core/AppResourcesTest.java","de.mkalb.etpetssim.core","AppResourcesTest","CLASS","testGetBundleWithBaseNameAndLocale","METHOD","","package-private","","void","","@SuppressWarnings(""DataFlowIssue"") | @Test","","37"
"test","app/src/test/java/de/mkalb/etpetssim/core/AppResourcesTest.java","de.mkalb.etpetssim.core","AppResourcesTest","CLASS","testMissingBundle","METHOD","","package-private","","void","","@Test","","48"
"test","app/src/test/java/de/mkalb/etpetssim/core/AppResourcesTest.java","de.mkalb.etpetssim.core","AppResourcesTest","CLASS","testGetCssUrl","METHOD","","package-private","","void","","@SuppressWarnings(""DataFlowIssue"") | @Test","","54"
"test","app/src/test/java/de/mkalb/etpetssim/core/AppResourcesTest.java","de.mkalb.etpetssim.core","AppResourcesTest","CLASS","testMissingCssUrl","METHOD","","package-private","","void","","@Test","","64"
"test","app/src/test/java/de/mkalb/etpetssim/core/AppResourcesTest.java","de.mkalb.etpetssim.core","AppResourcesTest","CLASS","testGetImage","METHOD","","package-private","","void","","@SuppressWarnings(""DataFlowIssue"") | @Test","","70"
"test","app/src/test/java/de/mkalb/etpetssim/core/AppResourcesTest.java","de.mkalb.etpetssim.core","AppResourcesTest","CLASS","testGetImages","METHOD","","package-private","","void","","@SuppressWarnings(""DataFlowIssue"") | @Test","","79"
"test","app/src/test/java/de/mkalb/etpetssim/core/AppResourcesTest.java","de.mkalb.etpetssim.core","AppResourcesTest","CLASS","testMissingImage","METHOD","","package-private","","void","","@Test","","90"
"test","app/src/test/java/de/mkalb/etpetssim/core/AppResourcesTest.java","de.mkalb.etpetssim.core","AppResourcesTest","CLASS","testIllegalImage","METHOD","","package-private","","void","","@Test","","96"
"test","app/src/test/java/de/mkalb/etpetssim/core/AppResourcesTest.java","de.mkalb.etpetssim.core","AppResourcesTest","CLASS","testGetResourceAsStream","METHOD","","package-private","","void","Exception","@SuppressWarnings(""DataFlowIssue"") | @Test","","102"
"test","app/src/test/java/de/mkalb/etpetssim/core/AppResourcesTest.java","de.mkalb.etpetssim.core","AppResourcesTest","CLASS","testMissingResourceAsStream","METHOD","","package-private","","void","","@Test","","112"
"test","app/src/test/java/de/mkalb/etpetssim/core/AppResourcesTest.java","de.mkalb.etpetssim.core","AppResourcesTest","CLASS","testGetResourceAsString","METHOD","","package-private","","void","","@SuppressWarnings(""DataFlowIssue"") | @Test","","118"
"test","app/src/test/java/de/mkalb/etpetssim/core/AppResourcesTest.java","de.mkalb.etpetssim.core","AppResourcesTest","CLASS","testMissingResourceString","METHOD","","package-private","","void","","@Test","","128"
"test","app/src/test/java/de/mkalb/etpetssim/core/AppResourcesTest.java","de.mkalb.etpetssim.core","AppResourcesTest","CLASS","testGetResourceAsUrl","METHOD","","package-private","","void","","@SuppressWarnings(""DataFlowIssue"") | @Test","","134"
"test","app/src/test/java/de/mkalb/etpetssim/core/AppResourcesTest.java","de.mkalb.etpetssim.core","AppResourcesTest","CLASS","testMissingResourceAsUrl","METHOD","","package-private","","void","","@Test","","143"
"test","app/src/test/java/de/mkalb/etpetssim/core/AppStorageTest.java","de.mkalb.etpetssim.core","AppStorageTest","CLASS","setUpBeforeAll","METHOD","","package-private","static","void","","@BeforeAll","","26"
"test","app/src/test/java/de/mkalb/etpetssim/core/AppStorageTest.java","de.mkalb.etpetssim.core","AppStorageTest","CLASS","setUpBeforeEach","METHOD","","package-private","","void","","@BeforeEach","","31"
"test","app/src/test/java/de/mkalb/etpetssim/core/AppStorageTest.java","de.mkalb.etpetssim.core","AppStorageTest","CLASS","tearDownAfterEach","METHOD","","package-private","","void","IOException","@AfterEach","","37"
"test","app/src/test/java/de/mkalb/etpetssim/core/AppStorageTest.java","de.mkalb.etpetssim.core","AppStorageTest","CLASS","createUniqueAppFileName","METHOD","","private","","String","","","","47"
"test","app/src/test/java/de/mkalb/etpetssim/core/AppStorageTest.java","de.mkalb.etpetssim.core","AppStorageTest","CLASS","testCreateAndDeleteAppDataFile","METHOD","","package-private","","void","IOException","@Test","","51"
"test","app/src/test/java/de/mkalb/etpetssim/core/AppStorageTest.java","de.mkalb.etpetssim.core","AppStorageTest","CLASS","testGetAppDataFilePath","METHOD","","package-private","","void","IOException","@Test","","65"
"test","app/src/test/java/de/mkalb/etpetssim/core/AppStorageTest.java","de.mkalb.etpetssim.core","AppStorageTest","CLASS","testDeleteNonExistentFileReturnsFalse","METHOD","","package-private","","void","IOException","@Test","","74"
"test","app/src/test/java/de/mkalb/etpetssim/core/AppStorageTest.java","de.mkalb.etpetssim.core","AppStorageTest","CLASS","testGetLogFilePath","METHOD","","package-private","","void","IOException","@Test","","81"
"test","app/src/test/java/de/mkalb/etpetssim/core/AppStorageTest.java","de.mkalb.etpetssim.core","AppStorageTest","CLASS","testCreateTempCacheFile","METHOD","","package-private","","void","IOException","@Test","","88"
"test","app/src/test/java/de/mkalb/etpetssim/core/AppStorageTest.java","de.mkalb.etpetssim.core","AppStorageTest","CLASS","testNullParametersThrowException","METHOD","","package-private","","void","","@SuppressWarnings(""DataFlowIssue"") | @Test","","102"
"test","app/src/test/java/de/mkalb/etpetssim/core/AppStorageTest.java","de.mkalb.etpetssim.core","AppStorageTest","CLASS","testFileNameRejectsEmptyOrBlank","METHOD","","package-private","","void","","@Test","","112"
"test","app/src/test/java/de/mkalb/etpetssim/core/AppStorageTest.java","de.mkalb.etpetssim.core","AppStorageTest","CLASS","testAppDataFileRejectsPathTraversal","METHOD","","package-private","","void","","@Test","","126"
"test","app/src/test/java/de/mkalb/etpetssim/core/AppStorageTest.java","de.mkalb.etpetssim.core","AppStorageTest","CLASS","testLogFileRejectsAbsolutePath","METHOD","","package-private","","void","","@Test","","134"
"test","app/src/test/java/de/mkalb/etpetssim/engine/CellShapeTest.java","de.mkalb.etpetssim.engine","CellShapeTest","CLASS","testEnumValues","METHOD","","package-private","","void","","@Test","","9"
"test","app/src/test/java/de/mkalb/etpetssim/engine/CellShapeTest.java","de.mkalb.etpetssim.engine","CellShapeTest","CLASS","testEnumCount","METHOD","","package-private","","void","","@Test","","16"
"test","app/src/test/java/de/mkalb/etpetssim/engine/CellShapeTest.java","de.mkalb.etpetssim.engine","CellShapeTest","CLASS","testDeclarationOrder","METHOD","","package-private","","void","","@Test","","21"
"test","app/src/test/java/de/mkalb/etpetssim/engine/CellShapeTest.java","de.mkalb.etpetssim.engine","CellShapeTest","CLASS","testValueOfInvalidThrows","METHOD","","package-private","","void","","@Test","","29"
"test","app/src/test/java/de/mkalb/etpetssim/engine/CellShapeTest.java","de.mkalb.etpetssim.engine","CellShapeTest","CLASS","testValueOfNullThrows","METHOD","","package-private","","void","","@Test","","34"
"test","app/src/test/java/de/mkalb/etpetssim/engine/CellShapeTest.java","de.mkalb.etpetssim.engine","CellShapeTest","CLASS","testStaticLabelResourceKey","METHOD","","package-private","","void","","@Test","","39"
"test","app/src/test/java/de/mkalb/etpetssim/engine/CellShapeTest.java","de.mkalb.etpetssim.engine","CellShapeTest","CLASS","testVertexCount","METHOD","","package-private","","void","","@Test","","44"
"test","app/src/test/java/de/mkalb/etpetssim/engine/CellShapeTest.java","de.mkalb.etpetssim.engine","CellShapeTest","CLASS","testResourceKey","METHOD","","package-private","","void","","@Test","","51"
"test","app/src/test/java/de/mkalb/etpetssim/engine/EdgeBehaviorTest.java","de.mkalb.etpetssim.engine","EdgeBehaviorTest","CLASS","testEnumValues","METHOD","","package-private","","void","","@Test","","9"
"test","app/src/test/java/de/mkalb/etpetssim/engine/EdgeBehaviorTest.java","de.mkalb.etpetssim.engine","EdgeBehaviorTest","CLASS","testEnumCount","METHOD","","package-private","","void","","@Test","","16"
"test","app/src/test/java/de/mkalb/etpetssim/engine/EdgeBehaviorTest.java","de.mkalb.etpetssim.engine","EdgeBehaviorTest","CLASS","testDeclarationOrder","METHOD","","package-private","","void","","@Test","","21"
"test","app/src/test/java/de/mkalb/etpetssim/engine/EdgeBehaviorTest.java","de.mkalb.etpetssim.engine","EdgeBehaviorTest","CLASS","testValueOfInvalidThrows","METHOD","","package-private","","void","","@Test","","29"
"test","app/src/test/java/de/mkalb/etpetssim/engine/EdgeBehaviorTest.java","de.mkalb.etpetssim.engine","EdgeBehaviorTest","CLASS","testValueOfNullThrows","METHOD","","package-private","","void","","@Test","","34"
"test","app/src/test/java/de/mkalb/etpetssim/engine/EdgeBehaviorTest.java","de.mkalb.etpetssim.engine","EdgeBehaviorTest","CLASS","testStaticLabelResourceKey","METHOD","","package-private","","void","","@Test","","39"
"test","app/src/test/java/de/mkalb/etpetssim/engine/EdgeBehaviorTest.java","de.mkalb.etpetssim.engine","EdgeBehaviorTest","CLASS","testResourceKey","METHOD","","package-private","","void","","@Test","","44"
"test","app/src/test/java/de/mkalb/etpetssim/engine/GridCoordinateTest.java","de.mkalb.etpetssim.engine","GridCoordinateTest","CLASS","testRecord","METHOD","","package-private","","void","","@Test","","10"
"test","app/src/test/java/de/mkalb/etpetssim/engine/GridCoordinateTest.java","de.mkalb.etpetssim.engine","GridCoordinateTest","CLASS","testCompareTo","METHOD","","package-private","","void","","@Test","","20"
"test","app/src/test/java/de/mkalb/etpetssim/engine/GridCoordinateTest.java","de.mkalb.etpetssim.engine","GridCoordinateTest","CLASS","testConstants","METHOD","","package-private","","void","","@Test","","31"
"test","app/src/test/java/de/mkalb/etpetssim/engine/GridCoordinateTest.java","de.mkalb.etpetssim.engine","GridCoordinateTest","CLASS","testIsIllegal","METHOD","","package-private","","void","","@Test","","40"
"test","app/src/test/java/de/mkalb/etpetssim/engine/GridCoordinateTest.java","de.mkalb.etpetssim.engine","GridCoordinateTest","CLASS","testIsWithinBoundsInt","METHOD","","package-private","","void","","@Test","","51"
"test","app/src/test/java/de/mkalb/etpetssim/engine/GridCoordinateTest.java","de.mkalb.etpetssim.engine","GridCoordinateTest","CLASS","testIsWithinBounds","METHOD","","package-private","","void","","@Test","","59"
"test","app/src/test/java/de/mkalb/etpetssim/engine/GridCoordinateTest.java","de.mkalb.etpetssim.engine","GridCoordinateTest","CLASS","testIsWithinOriginBounds","METHOD","","package-private","","void","","@Test","","67"
"test","app/src/test/java/de/mkalb/etpetssim/engine/GridCoordinateTest.java","de.mkalb.etpetssim.engine","GridCoordinateTest","CLASS","testIsXWithinAndYOutOfOriginBounds","METHOD","","package-private","","void","","@Test","","75"
"test","app/src/test/java/de/mkalb/etpetssim/engine/GridCoordinateTest.java","de.mkalb.etpetssim.engine","GridCoordinateTest","CLASS","testIsYWithinAndXOutOfOriginBounds","METHOD","","package-private","","void","","@Test","","83"
"test","app/src/test/java/de/mkalb/etpetssim/engine/GridCoordinateTest.java","de.mkalb.etpetssim.engine","GridCoordinateTest","CLASS","testIsXAndYOutOfOriginBounds","METHOD","","package-private","","void","","@Test","","91"
"test","app/src/test/java/de/mkalb/etpetssim/engine/GridCoordinateTest.java","de.mkalb.etpetssim.engine","GridCoordinateTest","CLASS","testBooleanEvenOddChecks","METHOD","","package-private","","void","","@Test","","100"
"test","app/src/test/java/de/mkalb/etpetssim/engine/GridCoordinateTest.java","de.mkalb.etpetssim.engine","GridCoordinateTest","CLASS","testIsTriangleCellPointingDown","METHOD","","package-private","","void","","@Test","","128"
"test","app/src/test/java/de/mkalb/etpetssim/engine/GridCoordinateTest.java","de.mkalb.etpetssim.engine","GridCoordinateTest","CLASS","testHasHexagonCellYOffset","METHOD","","package-private","","void","","@Test","","140"
"test","app/src/test/java/de/mkalb/etpetssim/engine/GridCoordinateTest.java","de.mkalb.etpetssim.engine","GridCoordinateTest","CLASS","testClampToBoundsInt","METHOD","","package-private","","void","","@Test","","152"
"test","app/src/test/java/de/mkalb/etpetssim/engine/GridCoordinateTest.java","de.mkalb.etpetssim.engine","GridCoordinateTest","CLASS","testClampToBounds","METHOD","","package-private","","void","","@Test","","159"
"test","app/src/test/java/de/mkalb/etpetssim/engine/GridCoordinateTest.java","de.mkalb.etpetssim.engine","GridCoordinateTest","CLASS","testClampToOriginBounds","METHOD","","package-private","","void","","@Test","","166"
"test","app/src/test/java/de/mkalb/etpetssim/engine/GridCoordinateTest.java","de.mkalb.etpetssim.engine","GridCoordinateTest","CLASS","testIncremented","METHOD","","package-private","","void","","@Test","","173"
"test","app/src/test/java/de/mkalb/etpetssim/engine/GridCoordinateTest.java","de.mkalb.etpetssim.engine","GridCoordinateTest","CLASS","testDecremented","METHOD","","package-private","","void","","@Test","","179"
"test","app/src/test/java/de/mkalb/etpetssim/engine/GridCoordinateTest.java","de.mkalb.etpetssim.engine","GridCoordinateTest","CLASS","testOffsetInt","METHOD","","package-private","","void","","@Test","","185"
"test","app/src/test/java/de/mkalb/etpetssim/engine/GridCoordinateTest.java","de.mkalb.etpetssim.engine","GridCoordinateTest","CLASS","testOffset","METHOD","","package-private","","void","","@Test","","192"
"test","app/src/test/java/de/mkalb/etpetssim/engine/GridCoordinateTest.java","de.mkalb.etpetssim.engine","GridCoordinateTest","CLASS","testOffsetTo","METHOD","","package-private","","void","","@Test","","199"
"test","app/src/test/java/de/mkalb/etpetssim/engine/GridCoordinateTest.java","de.mkalb.etpetssim.engine","GridCoordinateTest","CLASS","testToDisplayString","METHOD","","package-private","","void","","@Test","","206"
"test","app/src/test/java/de/mkalb/etpetssim/engine/GridEdgeBehaviorTest.java","de.mkalb.etpetssim.engine","GridEdgeBehaviorTest","CLASS","testEnumValues","METHOD","","package-private","","void","","@Test","","9"
"test","app/src/test/java/de/mkalb/etpetssim/engine/GridEdgeBehaviorTest.java","de.mkalb.etpetssim.engine","GridEdgeBehaviorTest","CLASS","testEnumCount","METHOD","","package-private","","void","","@Test","","18"
"test","app/src/test/java/de/mkalb/etpetssim/engine/GridEdgeBehaviorTest.java","de.mkalb.etpetssim.engine","GridEdgeBehaviorTest","CLASS","testDeclarationOrder","METHOD","","package-private","","void","","@Test","","23"
"test","app/src/test/java/de/mkalb/etpetssim/engine/GridEdgeBehaviorTest.java","de.mkalb.etpetssim.engine","GridEdgeBehaviorTest","CLASS","testValueOfInvalidThrows","METHOD","","package-private","","void","","@Test","","37"
"test","app/src/test/java/de/mkalb/etpetssim/engine/GridEdgeBehaviorTest.java","de.mkalb.etpetssim.engine","GridEdgeBehaviorTest","CLASS","testValueOfNullThrows","METHOD","","package-private","","void","","@Test","","42"
"test","app/src/test/java/de/mkalb/etpetssim/engine/GridEdgeBehaviorTest.java","de.mkalb.etpetssim.engine","GridEdgeBehaviorTest","CLASS","testStaticLabelResourceKey","METHOD","","package-private","","void","","@Test","","47"
"test","app/src/test/java/de/mkalb/etpetssim/engine/GridEdgeBehaviorTest.java","de.mkalb.etpetssim.engine","GridEdgeBehaviorTest","CLASS","testEdgeBehaviorX","METHOD","","package-private","","void","","@Test","","52"
"test","app/src/test/java/de/mkalb/etpetssim/engine/GridEdgeBehaviorTest.java","de.mkalb.etpetssim.engine","GridEdgeBehaviorTest","CLASS","testEdgeBehaviorY","METHOD","","package-private","","void","","@Test","","61"
"test","app/src/test/java/de/mkalb/etpetssim/engine/GridEdgeBehaviorTest.java","de.mkalb.etpetssim.engine","GridEdgeBehaviorTest","CLASS","testHasEqualEdgeBehaviors","METHOD","","package-private","","void","","@Test","","70"
"test","app/src/test/java/de/mkalb/etpetssim/engine/GridEdgeBehaviorTest.java","de.mkalb.etpetssim.engine","GridEdgeBehaviorTest","CLASS","testResourceKey","METHOD","","package-private","","void","","@Test","","79"
"test","app/src/test/java/de/mkalb/etpetssim/engine/GridOffsetTest.java","de.mkalb.etpetssim.engine","GridOffsetTest","CLASS","testRecord","METHOD","","package-private","","void","","@Test","","10"
"test","app/src/test/java/de/mkalb/etpetssim/engine/GridOffsetTest.java","de.mkalb.etpetssim.engine","GridOffsetTest","CLASS","testStaticBetween","METHOD","","package-private","","void","","@Test","","28"
"test","app/src/test/java/de/mkalb/etpetssim/engine/GridOffsetTest.java","de.mkalb.etpetssim.engine","GridOffsetTest","CLASS","testAdd","METHOD","","package-private","","void","","@Test","","34"
"test","app/src/test/java/de/mkalb/etpetssim/engine/GridOffsetTest.java","de.mkalb.etpetssim.engine","GridOffsetTest","CLASS","testSubtract","METHOD","","package-private","","void","","@Test","","39"
"test","app/src/test/java/de/mkalb/etpetssim/engine/GridOffsetTest.java","de.mkalb.etpetssim.engine","GridOffsetTest","CLASS","testNegate","METHOD","","package-private","","void","","@Test","","44"
"test","app/src/test/java/de/mkalb/etpetssim/engine/GridOffsetTest.java","de.mkalb.etpetssim.engine","GridOffsetTest","CLASS","testScale","METHOD","","package-private","","void","","@Test","","50"
"test","app/src/test/java/de/mkalb/etpetssim/engine/GridOffsetTest.java","de.mkalb.etpetssim.engine","GridOffsetTest","CLASS","testIsZero","METHOD","","package-private","","void","","@Test","","57"
"test","app/src/test/java/de/mkalb/etpetssim/engine/GridOffsetTest.java","de.mkalb.etpetssim.engine","GridOffsetTest","CLASS","testManhattanLength","METHOD","","package-private","","void","","@Test","","64"
"test","app/src/test/java/de/mkalb/etpetssim/engine/GridOffsetTest.java","de.mkalb.etpetssim.engine","GridOffsetTest","CLASS","testEuclideanLength","METHOD","","package-private","","void","","@SuppressWarnings(""InsertLiteralUnderscores"") | @Test","","73"
"test","app/src/test/java/de/mkalb/etpetssim/engine/GridOffsetTest.java","de.mkalb.etpetssim.engine","GridOffsetTest","CLASS","testToDisplayString","METHOD","","package-private","","void","","@Test","","80"
"test","app/src/test/java/de/mkalb/etpetssim/engine/GridSizeTest.java","de.mkalb.etpetssim.engine","GridSizeTest","CLASS","testRecord","METHOD","","package-private","","void","","@Test","","10"
"test","app/src/test/java/de/mkalb/etpetssim/engine/GridSizeTest.java","de.mkalb.etpetssim.engine","GridSizeTest","CLASS","testMinAndMaxSizeAreValid","METHOD","","package-private","","void","","@Test","","20"
"test","app/src/test/java/de/mkalb/etpetssim/engine/GridSizeTest.java","de.mkalb.etpetssim.engine","GridSizeTest","CLASS","testNegativeSizeThrowsException","METHOD","","package-private","","void","","@Test","","26"
"test","app/src/test/java/de/mkalb/etpetssim/engine/GridSizeTest.java","de.mkalb.etpetssim.engine","GridSizeTest","CLASS","testTooSmallSizeThrowsException","METHOD","","package-private","","void","","@Test","","33"
"test","app/src/test/java/de/mkalb/etpetssim/engine/GridSizeTest.java","de.mkalb.etpetssim.engine","GridSizeTest","CLASS","testTooLargeSizeThrowsException","METHOD","","package-private","","void","","@Test","","40"
"test","app/src/test/java/de/mkalb/etpetssim/engine/GridSizeTest.java","de.mkalb.etpetssim.engine","GridSizeTest","CLASS","testStaticIsInvalidSize","METHOD","","package-private","","void","","@Test","","47"
"test","app/src/test/java/de/mkalb/etpetssim/engine/GridSizeTest.java","de.mkalb.etpetssim.engine","GridSizeTest","CLASS","testStaticSquare","METHOD","","package-private","","void","","@Test","","60"
"test","app/src/test/java/de/mkalb/etpetssim/engine/GridSizeTest.java","de.mkalb.etpetssim.engine","GridSizeTest","CLASS","testPerimeter","METHOD","","package-private","","void","","@Test","","68"
"test","app/src/test/java/de/mkalb/etpetssim/engine/GridSizeTest.java","de.mkalb.etpetssim.engine","GridSizeTest","CLASS","testArea","METHOD","","package-private","","void","","@Test","","74"
"test","app/src/test/java/de/mkalb/etpetssim/engine/GridSizeTest.java","de.mkalb.etpetssim.engine","GridSizeTest","CLASS","testIsSquare","METHOD","","package-private","","void","","@Test","","80"
"test","app/src/test/java/de/mkalb/etpetssim/engine/GridSizeTest.java","de.mkalb.etpetssim.engine","GridSizeTest","CLASS","testIsLandscape","METHOD","","package-private","","void","","@Test","","86"
"test","app/src/test/java/de/mkalb/etpetssim/engine/GridSizeTest.java","de.mkalb.etpetssim.engine","GridSizeTest","CLASS","testIsPortrait","METHOD","","package-private","","void","","@Test","","92"
"test","app/src/test/java/de/mkalb/etpetssim/engine/GridSizeTest.java","de.mkalb.etpetssim.engine","GridSizeTest","CLASS","testAspectRatio","METHOD","","package-private","","void","","@SuppressWarnings(""InsertLiteralUnderscores"") | @Test","","98"
"test","app/src/test/java/de/mkalb/etpetssim/engine/GridSizeTest.java","de.mkalb.etpetssim.engine","GridSizeTest","CLASS","testToDisplayString","METHOD","","package-private","","void","","@Test","","107"
"test","app/src/test/java/de/mkalb/etpetssim/engine/GridStructureTest.java","de.mkalb.etpetssim.engine","GridStructureTest","CLASS","testRecord","METHOD","","package-private","","void","","@Test","","12"
"test","app/src/test/java/de/mkalb/etpetssim/engine/GridStructureTest.java","de.mkalb.etpetssim.engine","GridStructureTest","CLASS","testInvalidWidthMultipleThrowsException","METHOD","","package-private","","void","","@Test","","25"
"test","app/src/test/java/de/mkalb/etpetssim/engine/GridStructureTest.java","de.mkalb.etpetssim.engine","GridStructureTest","CLASS","testInvalidHeightMultipleThrowsException","METHOD","","package-private","","void","","@Test","","33"
"test","app/src/test/java/de/mkalb/etpetssim/engine/GridStructureTest.java","de.mkalb.etpetssim.engine","GridStructureTest","CLASS","testNullArgumentsThrowException","METHOD","","package-private","","void","","@SuppressWarnings(""DataFlowIssue"") | @Test","","41"
"test","app/src/test/java/de/mkalb/etpetssim/engine/GridStructureTest.java","de.mkalb.etpetssim.engine","GridStructureTest","CLASS","testValidMultiplesForAllCellShapes","METHOD","","package-private","","void","","@Test","","52"
"test","app/src/test/java/de/mkalb/etpetssim/engine/GridStructureTest.java","de.mkalb.etpetssim.engine","GridStructureTest","CLASS","testStaticIsValid","METHOD","","package-private","","void","","@Test","","90"
"test","app/src/test/java/de/mkalb/etpetssim/engine/GridStructureTest.java","de.mkalb.etpetssim.engine","GridStructureTest","CLASS","testCellShape","METHOD","","package-private","","void","","@Test","","115"
"test","app/src/test/java/de/mkalb/etpetssim/engine/GridStructureTest.java","de.mkalb.etpetssim.engine","GridStructureTest","CLASS","testCellCount","METHOD","","package-private","","void","","@Test","","121"
"test","app/src/test/java/de/mkalb/etpetssim/engine/GridStructureTest.java","de.mkalb.etpetssim.engine","GridStructureTest","CLASS","testEdgeBehaviorX","METHOD","","package-private","","void","","@Test","","128"
"test","app/src/test/java/de/mkalb/etpetssim/engine/GridStructureTest.java","de.mkalb.etpetssim.engine","GridStructureTest","CLASS","testEdgeBehaviorY","METHOD","","package-private","","void","","@Test","","134"
"test","app/src/test/java/de/mkalb/etpetssim/engine/GridStructureTest.java","de.mkalb.etpetssim.engine","GridStructureTest","CLASS","testMinCoordinateInclusive","METHOD","","package-private","","void","","@Test","","140"
"test","app/src/test/java/de/mkalb/etpetssim/engine/GridStructureTest.java","de.mkalb.etpetssim.engine","GridStructureTest","CLASS","testMaxCoordinateExclusive","METHOD","","package-private","","void","","@Test","","148"
"test","app/src/test/java/de/mkalb/etpetssim/engine/GridStructureTest.java","de.mkalb.etpetssim.engine","GridStructureTest","CLASS","testMaxCoordinateInclusive","METHOD","","package-private","","void","","@Test","","156"
"test","app/src/test/java/de/mkalb/etpetssim/engine/GridStructureTest.java","de.mkalb.etpetssim.engine","GridStructureTest","CLASS","testIsCoordinateValid","METHOD","","package-private","","void","","@Test","","164"
"test","app/src/test/java/de/mkalb/etpetssim/engine/GridStructureTest.java","de.mkalb.etpetssim.engine","GridStructureTest","CLASS","testCoordinatesStream","METHOD","","package-private","","void","","@Test","","184"
"test","app/src/test/java/de/mkalb/etpetssim/engine/GridStructureTest.java","de.mkalb.etpetssim.engine","GridStructureTest","CLASS","testCoordinatesList","METHOD","","package-private","","void","","@Test","","206"
"test","app/src/test/java/de/mkalb/etpetssim/engine/GridStructureTest.java","de.mkalb.etpetssim.engine","GridStructureTest","CLASS","testToDisplayString","METHOD","","package-private","","void","","@Test","","229"
"test","app/src/test/java/de/mkalb/etpetssim/engine/GridTopologyTest.java","de.mkalb.etpetssim.engine","GridTopologyTest","CLASS","testRecord","METHOD","","package-private","","void","","@Test","","9"
"test","app/src/test/java/de/mkalb/etpetssim/engine/GridTopologyTest.java","de.mkalb.etpetssim.engine","GridTopologyTest","CLASS","testToDisplayStringFormat","METHOD","","package-private","","void","","@Test","","19"
"test","app/src/test/java/de/mkalb/etpetssim/engine/GridTopologyTest.java","de.mkalb.etpetssim.engine","GridTopologyTest","CLASS","testStaticRequiredWidthMultiple","METHOD","","package-private","","void","","@Test","","28"
"test","app/src/test/java/de/mkalb/etpetssim/engine/GridTopologyTest.java","de.mkalb.etpetssim.engine","GridTopologyTest","CLASS","testStaticRequiredHeightMultiple","METHOD","","package-private","","void","","@Test","","43"
"test","app/src/test/java/de/mkalb/etpetssim/engine/GridTopologyTest.java","de.mkalb.etpetssim.engine","GridTopologyTest","CLASS","testRequiredWidthMultiple","METHOD","","package-private","","void","","@Test","","58"
"test","app/src/test/java/de/mkalb/etpetssim/engine/GridTopologyTest.java","de.mkalb.etpetssim.engine","GridTopologyTest","CLASS","testRequiredHeightMultiple","METHOD","","package-private","","void","","@Test","","64"
"test","app/src/test/java/de/mkalb/etpetssim/engine/GridTopologyTest.java","de.mkalb.etpetssim.engine","GridTopologyTest","CLASS","testEdgeBehaviorX","METHOD","","package-private","","void","","@Test","","70"
"test","app/src/test/java/de/mkalb/etpetssim/engine/GridTopologyTest.java","de.mkalb.etpetssim.engine","GridTopologyTest","CLASS","testEdgeBehaviorY","METHOD","","package-private","","void","","@Test","","77"
"test","app/src/test/java/de/mkalb/etpetssim/engine/GridTopologyTest.java","de.mkalb.etpetssim.engine","GridTopologyTest","CLASS","testCellVertexCount","METHOD","","package-private","","void","","@Test","","84"
"test","app/src/test/java/de/mkalb/etpetssim/engine/GridTopologyTest.java","de.mkalb.etpetssim.engine","GridTopologyTest","CLASS","testToDisplayString","METHOD","","package-private","","void","","@Test","","91"
"test","app/src/test/java/de/mkalb/etpetssim/engine/executor/StepExecutionResultTest.java","de.mkalb.etpetssim.engine.executor","StepExecutionResultTest","CLASS","testRecordAccessors","METHOD","","package-private","","void","","@Test","","13"
"test","app/src/test/java/de/mkalb/etpetssim/engine/executor/StepExecutionResultTest.java","de.mkalb.etpetssim.engine.executor","StepExecutionResultTest","CLASS","testConstructorRejectsNegativeStepCount","METHOD","","package-private","","void","","@Test","","25"
"test","app/src/test/java/de/mkalb/etpetssim/engine/executor/StepExecutionResultTest.java","de.mkalb.etpetssim.engine.executor","StepExecutionResultTest","CLASS","testConstructorRejectsNegativeExecutedSteps","METHOD","","package-private","","void","","@Test","","31"
"test","app/src/test/java/de/mkalb/etpetssim/engine/executor/StepExecutionResultTest.java","de.mkalb.etpetssim.engine.executor","StepExecutionResultTest","CLASS","testConstructorRejectsExecutedStepsGreaterThanStepCount","METHOD","","package-private","","void","","@Test","","37"
"test","app/src/test/java/de/mkalb/etpetssim/engine/executor/StepTimingStatisticsTest.java","de.mkalb.etpetssim.engine.executor","StepTimingStatisticsTest","CLASS","testEmptyFactoryReturnsAllZeros","METHOD","","package-private","","void","","@Test","","21"
"test","app/src/test/java/de/mkalb/etpetssim/engine/executor/StepTimingStatisticsTest.java","de.mkalb.etpetssim.engine.executor","StepTimingStatisticsTest","CLASS","testConstructorAcceptsConsistentNonEmptyValues","METHOD","","package-private","","void","","@Test","","34"
"test","app/src/test/java/de/mkalb/etpetssim/engine/executor/StepTimingStatisticsTest.java","de.mkalb.etpetssim.engine.executor","StepTimingStatisticsTest","CLASS","testConstructorRejectsNegativeValues","METHOD","","package-private","","void","","@Test","","47"
"test","app/src/test/java/de/mkalb/etpetssim/engine/executor/StepTimingStatisticsTest.java","de.mkalb.etpetssim.engine.executor","StepTimingStatisticsTest","CLASS","testConstructorRejectsInconsistentRanges","METHOD","","package-private","","void","","@Test","","63"
"test","app/src/test/java/de/mkalb/etpetssim/engine/executor/StepTimingStatisticsTest.java","de.mkalb.etpetssim.engine.executor","StepTimingStatisticsTest","CLASS","testConstructorRejectsNonZeroValuesWhenSumIsZero","METHOD","","package-private","","void","","@Test","","79"
"test","app/src/test/java/de/mkalb/etpetssim/engine/model/ArrayGridModelTest.java","de.mkalb.etpetssim.engine.model","ArrayGridModelTest","CLASS","testSetGetAndDefaultEntityHandling","METHOD","","package-private","","void","","@Test","","15"
"test","app/src/test/java/de/mkalb/etpetssim/engine/model/ArrayGridModelTest.java","de.mkalb.etpetssim.engine.model","ArrayGridModelTest","CLASS","testFillAndClear","METHOD","","package-private","","void","","@Test","","35"
"test","app/src/test/java/de/mkalb/etpetssim/engine/model/ArrayGridModelTest.java","de.mkalb.etpetssim.engine.model","ArrayGridModelTest","CLASS","testFillWithSupplierInvokesSupplierPerCell","METHOD","","package-private","","void","","@Test","","54"
"test","app/src/test/java/de/mkalb/etpetssim/engine/model/ArrayGridModelTest.java","de.mkalb.etpetssim.engine.model","ArrayGridModelTest","CLASS","testFillWithMapperUsesCoordinate","METHOD","","package-private","","void","","@Test","","68"
"test","app/src/test/java/de/mkalb/etpetssim/engine/model/ArrayGridModelTest.java","de.mkalb.etpetssim.engine.model","ArrayGridModelTest","CLASS","testCopyAndCopyWithDefaultEntity","METHOD","","package-private","","void","","@Test","","82"
"test","app/src/test/java/de/mkalb/etpetssim/engine/model/ArrayGridModelTest.java","de.mkalb.etpetssim.engine.model","ArrayGridModelTest","CLASS","testAllCellsReturnsAllCells","METHOD","","package-private","","void","","@Test","","99"
"test","app/src/test/java/de/mkalb/etpetssim/engine/model/ArrayGridModelTest.java","de.mkalb.etpetssim.engine.model","ArrayGridModelTest","CLASS","testAllCellsIsInRowMajorOrder","METHOD","","package-private","","void","","@Test","","114"
"test","app/src/test/java/de/mkalb/etpetssim/engine/model/ArrayGridModelTest.java","de.mkalb.etpetssim.engine.model","ArrayGridModelTest","CLASS","testNonDefaultCellsContainsOnlyNonDefaultEntities","METHOD","","package-private","","void","","@Test","","129"
"test","app/src/test/java/de/mkalb/etpetssim/engine/model/ArrayGridModelTest.java","de.mkalb.etpetssim.engine.model","ArrayGridModelTest","CLASS","testNonDefaultCellsIsEmptyWhenAllDefault","METHOD","","package-private","","void","","@Test","","145"
"test","app/src/test/java/de/mkalb/etpetssim/engine/model/ArrayGridModelTest.java","de.mkalb.etpetssim.engine.model","ArrayGridModelTest","CLASS","testNonDefaultCoordinatesIsMutable","METHOD","","package-private","","void","","@Test","","152"
"test","app/src/test/java/de/mkalb/etpetssim/engine/model/ArrayGridModelTest.java","de.mkalb.etpetssim.engine.model","ArrayGridModelTest","CLASS","testNonDefaultCoordinatesSnapshotIsIndependentOfModelMutation","METHOD","","package-private","","void","","@Test","","165"
"test","app/src/test/java/de/mkalb/etpetssim/engine/model/ArrayGridModelTest.java","de.mkalb.etpetssim.engine.model","ArrayGridModelTest","CLASS","testCountEntitiesMatchesExpectedCount","METHOD","","package-private","","void","","@Test","","179"
"test","app/src/test/java/de/mkalb/etpetssim/engine/model/ArrayGridModelTest.java","de.mkalb.etpetssim.engine.model","ArrayGridModelTest","CLASS","testFilteredCoordinatesReturnsMatchingCoordinates","METHOD","","package-private","","void","","@Test","","192"
"test","app/src/test/java/de/mkalb/etpetssim/engine/model/ArrayGridModelTest.java","de.mkalb.etpetssim.engine.model","ArrayGridModelTest","CLASS","testFilteredCellsReturnsMatchingCells","METHOD","","package-private","","void","","@Test","","205"
"test","app/src/test/java/de/mkalb/etpetssim/engine/model/ArrayGridModelTest.java","de.mkalb.etpetssim.engine.model","ArrayGridModelTest","CLASS","testFilteredCellsSortedBy","METHOD","","package-private","","void","","@Test","","223"
"test","app/src/test/java/de/mkalb/etpetssim/engine/model/ArrayGridModelTest.java","de.mkalb.etpetssim.engine.model","ArrayGridModelTest","CLASS","testFindRandomDefaultCoordinateReturnsEmpty","METHOD","","package-private","","void","","@Test","","237"
"test","app/src/test/java/de/mkalb/etpetssim/engine/model/ArrayGridModelTest.java","de.mkalb.etpetssim.engine.model","ArrayGridModelTest","CLASS","testFindRandomDefaultCoordinateReturnsOnlyDefaultCells","METHOD","","package-private","","void","","@Test","","247"
"test","app/src/test/java/de/mkalb/etpetssim/engine/model/ArrayGridModelTest.java","de.mkalb.etpetssim.engine.model","ArrayGridModelTest","CLASS","testSwapInputCellEntitiesWritesInputEntityValues","METHOD","","package-private","","void","","@Test","","263"
"test","app/src/test/java/de/mkalb/etpetssim/engine/model/ArrayGridModelTest.java","de.mkalb.etpetssim.engine.model","ArrayGridModelTest","CLASS","testSwapInputCellEntitiesIgnoresCurrentModelState","METHOD","","package-private","","void","","@Test","","277"
"test","app/src/test/java/de/mkalb/etpetssim/engine/model/ArrayGridModelTest.java","de.mkalb.etpetssim.engine.model","ArrayGridModelTest","CLASS","testSwapInputCellEntitiesThrowsForInvalidCoordinate","METHOD","","package-private","","void","","@Test","","294"
"test","app/src/test/java/de/mkalb/etpetssim/engine/model/ArrayGridModelTest.java","de.mkalb.etpetssim.engine.model","ArrayGridModelTest","CLASS","testInvalidCoordinateThrowsException","METHOD","","package-private","","void","","@Test","","315"
"test","app/src/test/java/de/mkalb/etpetssim/engine/model/GridCellTest.java","de.mkalb.etpetssim.engine.model","GridCellTest","CLASS","testDescriptorIdDelegatesToEntity","METHOD","","package-private","","void","","@Test","","10"
"test","app/src/test/java/de/mkalb/etpetssim/engine/model/GridCellTest.java","de.mkalb.etpetssim.engine.model","GridCellTest","CLASS","testToDisplayString","METHOD","","package-private","","void","","@Test","","16"
"test","app/src/test/java/de/mkalb/etpetssim/engine/model/GridModelTestSupport.java","de.mkalb.etpetssim.engine.model","GridModelTestSupport","CLASS","<init>","CONSTRUCTOR","","private","","","","","","14"
"test","app/src/test/java/de/mkalb/etpetssim/engine/model/GridModelTestSupport.java","de.mkalb.etpetssim.engine.model","GridModelTestSupport","CLASS","coordinate","METHOD","int, int","package-private","static","GridCoordinate","","","","17"
"test","app/src/test/java/de/mkalb/etpetssim/engine/model/GridModelTestSupport.java","de.mkalb.etpetssim.engine.model","GridModelTestSupport.TestEntity","ENUM","descriptorId","METHOD","","public","","String","","@Override","","26"
"test","app/src/test/java/de/mkalb/etpetssim/engine/model/SparseGridModelTest.java","de.mkalb.etpetssim.engine.model","SparseGridModelTest","CLASS","testSetGetAndDefaultEntityHandling","METHOD","","package-private","","void","","@Test","","15"
"test","app/src/test/java/de/mkalb/etpetssim/engine/model/SparseGridModelTest.java","de.mkalb.etpetssim.engine.model","SparseGridModelTest","CLASS","testFillAndClear","METHOD","","package-private","","void","","@Test","","35"
"test","app/src/test/java/de/mkalb/etpetssim/engine/model/SparseGridModelTest.java","de.mkalb.etpetssim.engine.model","SparseGridModelTest","CLASS","testFillWithSupplierInvokesSupplierPerCell","METHOD","","package-private","","void","","@Test","","53"
"test","app/src/test/java/de/mkalb/etpetssim/engine/model/SparseGridModelTest.java","de.mkalb.etpetssim.engine.model","SparseGridModelTest","CLASS","testAllCellsReturnsAllCells","METHOD","","package-private","","void","","@Test","","67"
"test","app/src/test/java/de/mkalb/etpetssim/engine/model/SparseGridModelTest.java","de.mkalb.etpetssim.engine.model","SparseGridModelTest","CLASS","testAllCellsIsInRowMajorOrder","METHOD","","package-private","","void","","@Test","","82"
"test","app/src/test/java/de/mkalb/etpetssim/engine/model/SparseGridModelTest.java","de.mkalb.etpetssim.engine.model","SparseGridModelTest","CLASS","testNonDefaultCellsContainsOnlyNonDefaultEntities","METHOD","","package-private","","void","","@Test","","97"
"test","app/src/test/java/de/mkalb/etpetssim/engine/model/SparseGridModelTest.java","de.mkalb.etpetssim.engine.model","SparseGridModelTest","CLASS","testNonDefaultCellsIsEmptyWhenAllDefault","METHOD","","package-private","","void","","@Test","","113"
"test","app/src/test/java/de/mkalb/etpetssim/engine/model/SparseGridModelTest.java","de.mkalb.etpetssim.engine.model","SparseGridModelTest","CLASS","testNonDefaultCoordinatesIsMutable","METHOD","","package-private","","void","","@Test","","120"
"test","app/src/test/java/de/mkalb/etpetssim/engine/model/SparseGridModelTest.java","de.mkalb.etpetssim.engine.model","SparseGridModelTest","CLASS","testNonDefaultCoordinatesSnapshotIsIndependentOfModelMutation","METHOD","","package-private","","void","","@Test","","133"
"test","app/src/test/java/de/mkalb/etpetssim/engine/model/SparseGridModelTest.java","de.mkalb.etpetssim.engine.model","SparseGridModelTest","CLASS","testCountEntitiesUsingSparseOptimization","METHOD","","package-private","","void","","@Test","","147"
"test","app/src/test/java/de/mkalb/etpetssim/engine/model/SparseGridModelTest.java","de.mkalb.etpetssim.engine.model","SparseGridModelTest","CLASS","testFilteredCoordinatesIncludeDefaultCells","METHOD","","package-private","","void","","@Test","","160"
"test","app/src/test/java/de/mkalb/etpetssim/engine/model/SparseGridModelTest.java","de.mkalb.etpetssim.engine.model","SparseGridModelTest","CLASS","testFilteredCoordinatesNonDefaultFastPath","METHOD","","package-private","","void","","@Test","","172"
"test","app/src/test/java/de/mkalb/etpetssim/engine/model/SparseGridModelTest.java","de.mkalb.etpetssim.engine.model","SparseGridModelTest","CLASS","testFilteredCellsReturnsMatchingCells","METHOD","","package-private","","void","","@Test","","185"
"test","app/src/test/java/de/mkalb/etpetssim/engine/model/SparseGridModelTest.java","de.mkalb.etpetssim.engine.model","SparseGridModelTest","CLASS","testFilteredCellsSortedByReturnsSortedCells","METHOD","","package-private","","void","","@Test","","202"
"test","app/src/test/java/de/mkalb/etpetssim/engine/model/SparseGridModelTest.java","de.mkalb.etpetssim.engine.model","SparseGridModelTest","CLASS","testFindRandomDefaultCoordinateReturnsEmpty","METHOD","","package-private","","void","","@Test","","221"
"test","app/src/test/java/de/mkalb/etpetssim/engine/model/SparseGridModelTest.java","de.mkalb.etpetssim.engine.model","SparseGridModelTest","CLASS","testFindRandomDefaultCoordinateReturnsOnlyDefaultCells","METHOD","","package-private","","void","","@Test","","231"
"test","app/src/test/java/de/mkalb/etpetssim/engine/model/SparseGridModelTest.java","de.mkalb.etpetssim.engine.model","SparseGridModelTest","CLASS","testSwapInputCellEntitiesWritesInputEntityValues","METHOD","","package-private","","void","","@Test","","247"
"test","app/src/test/java/de/mkalb/etpetssim/engine/model/SparseGridModelTest.java","de.mkalb.etpetssim.engine.model","SparseGridModelTest","CLASS","testSwapInputCellEntitiesIgnoresCurrentModelState","METHOD","","package-private","","void","","@Test","","261"
"test","app/src/test/java/de/mkalb/etpetssim/engine/model/SparseGridModelTest.java","de.mkalb.etpetssim.engine.model","SparseGridModelTest","CLASS","testSwapInputCellEntitiesThrowsForInvalidCoordinate","METHOD","","package-private","","void","","@Test","","278"
"test","app/src/test/java/de/mkalb/etpetssim/engine/model/SparseGridModelTest.java","de.mkalb.etpetssim.engine.model","SparseGridModelTest","CLASS","testInvalidCoordinateThrowsException","METHOD","","package-private","","void","","@Test","","299"
"test","app/src/test/java/de/mkalb/etpetssim/engine/model/WritableGridModelDefaultMethodsTest.java","de.mkalb.etpetssim.engine.model","WritableGridModelDefaultMethodsTest","CLASS","testIsCompositeReturnsFalseForSparseModel","METHOD","","package-private","","void","","@Test","","22"
"test","app/src/test/java/de/mkalb/etpetssim/engine/model/WritableGridModelDefaultMethodsTest.java","de.mkalb.etpetssim.engine.model","WritableGridModelDefaultMethodsTest","CLASS","testIsCompositeReturnsFalseForArrayModel","METHOD","","package-private","","void","","@Test","","27"
"test","app/src/test/java/de/mkalb/etpetssim/engine/model/WritableGridModelDefaultMethodsTest.java","de.mkalb.etpetssim.engine.model","WritableGridModelDefaultMethodsTest","CLASS","testIsCoordinateValidDelegatesToStructureForSparseModel","METHOD","","package-private","","void","","@Test","","34"
"test","app/src/test/java/de/mkalb/etpetssim/engine/model/WritableGridModelDefaultMethodsTest.java","de.mkalb.etpetssim.engine.model","WritableGridModelDefaultMethodsTest","CLASS","testIsCoordinateValidDelegatesToStructureForArrayModel","METHOD","","package-private","","void","","@Test","","45"
"test","app/src/test/java/de/mkalb/etpetssim/engine/model/WritableGridModelDefaultMethodsTest.java","de.mkalb.etpetssim.engine.model","WritableGridModelDefaultMethodsTest","CLASS","testGetGridCellReturnsCoordinateAndEntityForSparseModel","METHOD","","package-private","","void","","@Test","","58"
"test","app/src/test/java/de/mkalb/etpetssim/engine/model/WritableGridModelDefaultMethodsTest.java","de.mkalb.etpetssim.engine.model","WritableGridModelDefaultMethodsTest","CLASS","testGetGridCellReturnsCoordinateAndEntityForArrayModel","METHOD","","package-private","","void","","@Test","","72"
"test","app/src/test/java/de/mkalb/etpetssim/engine/model/WritableGridModelDefaultMethodsTest.java","de.mkalb.etpetssim.engine.model","WritableGridModelDefaultMethodsTest","CLASS","testGetGridCellReturnsDefaultEntityForSparseModel","METHOD","","package-private","","void","","@Test","","86"
"test","app/src/test/java/de/mkalb/etpetssim/engine/model/WritableGridModelDefaultMethodsTest.java","de.mkalb.etpetssim.engine.model","WritableGridModelDefaultMethodsTest","CLASS","testGetGridCellReturnsDefaultEntityForArrayModel","METHOD","","package-private","","void","","@Test","","98"
"test","app/src/test/java/de/mkalb/etpetssim/engine/model/WritableGridModelDefaultMethodsTest.java","de.mkalb.etpetssim.engine.model","WritableGridModelDefaultMethodsTest","CLASS","testSetEntityWithGridCellUsesCellValuesForSparseModel","METHOD","","package-private","","void","","@Test","","112"
"test","app/src/test/java/de/mkalb/etpetssim/engine/model/WritableGridModelDefaultMethodsTest.java","de.mkalb.etpetssim.engine.model","WritableGridModelDefaultMethodsTest","CLASS","testSetEntityWithGridCellUsesCellValuesForArrayModel","METHOD","","package-private","","void","","@Test","","122"
"test","app/src/test/java/de/mkalb/etpetssim/engine/model/WritableGridModelDefaultMethodsTest.java","de.mkalb.etpetssim.engine.model","WritableGridModelDefaultMethodsTest","CLASS","testSetEntityWithGridCellToDefaultForSparseModel","METHOD","","package-private","","void","","@Test","","132"
"test","app/src/test/java/de/mkalb/etpetssim/engine/model/WritableGridModelDefaultMethodsTest.java","de.mkalb.etpetssim.engine.model","WritableGridModelDefaultMethodsTest","CLASS","testSetEntityWithGridCellToDefaultForArrayModel","METHOD","","package-private","","void","","@Test","","146"
"test","app/src/test/java/de/mkalb/etpetssim/engine/model/entity/GridEntityDescriptorRegistryTest.java","de.mkalb.etpetssim.engine.model.entity","GridEntityDescriptorRegistryTest","CLASS","setUpBeforeAll","METHOD","","package-private","static","void","","@BeforeAll","","16"
"test","app/src/test/java/de/mkalb/etpetssim/engine/model/entity/GridEntityDescriptorRegistryTest.java","de.mkalb.etpetssim.engine.model.entity","GridEntityDescriptorRegistryTest","CLASS","assertRegisteredDescriptor","METHOD","GridEntityDescriptorRegistry, GridEntityDescriptorProvider","private","static","void","","","","24"
"test","app/src/test/java/de/mkalb/etpetssim/engine/model/entity/GridEntityDescriptorRegistryTest.java","de.mkalb.etpetssim.engine.model.entity","GridEntityDescriptorRegistryTest","CLASS","testFactoryMethodsRegisterProviders","METHOD","","package-private","","void","","@Test","","42"
"test","app/src/test/java/de/mkalb/etpetssim/engine/model/entity/GridEntityDescriptorRegistryTest.java","de.mkalb.etpetssim.engine.model.entity","GridEntityDescriptorRegistryTest","CLASS","testRegisterReplacesDescriptorForSameId","METHOD","","package-private","","void","","@Test","","77"
"test","app/src/test/java/de/mkalb/etpetssim/engine/model/entity/GridEntityDescriptorRegistryTest.java","de.mkalb.etpetssim.engine.model.entity","GridEntityDescriptorRegistryTest","CLASS","testGetRequiredThrowsForUnknownDescriptorId","METHOD","","package-private","","void","","@Test","","109"
"test","app/src/test/java/de/mkalb/etpetssim/engine/model/entity/GridEntityDescriptorSpecTest.java","de.mkalb.etpetssim.engine.model.entity","GridEntityDescriptorSpecTest","CLASS","testRecordStoresAllValues","METHOD","","package-private","","void","","@Test","","10"
"test","app/src/test/java/de/mkalb/etpetssim/engine/model/entity/GridEntityDescriptorSpecTest.java","de.mkalb.etpetssim.engine.model.entity","GridEntityDescriptorSpecTest","CLASS","testRecordAllowsNullableOptionalFields","METHOD","","package-private","","void","","@Test","","35"
"test","app/src/test/java/de/mkalb/etpetssim/engine/model/entity/GridEntityDescriptorTest.java","de.mkalb.etpetssim.engine.model.entity","GridEntityDescriptorTest","CLASS","testOptionalViewsReflectNullableFields","METHOD","","package-private","","void","","@Test","","10"
"test","app/src/test/java/de/mkalb/etpetssim/engine/model/entity/GridEntityDescriptorTest.java","de.mkalb.etpetssim.engine.model.entity","GridEntityDescriptorTest","CLASS","testFallbackColorsUseDefaultsWhenUnset","METHOD","","package-private","","void","","@Test","","42"
"test","app/src/test/java/de/mkalb/etpetssim/engine/model/entity/GridEntityDescriptorTest.java","de.mkalb.etpetssim.engine.model.entity","GridEntityDescriptorTest","CLASS","testToDisplayStringUsesShortName","METHOD","","package-private","","void","","@Test","","59"
"test","app/src/test/java/de/mkalb/etpetssim/engine/model/entity/GridEntityTest.java","de.mkalb.etpetssim.engine.model.entity","GridEntityTest","CLASS","testIsConstantReturnsTrueForConstantEntity","METHOD","","package-private","","void","","@Test","","9"
"test","app/src/test/java/de/mkalb/etpetssim/engine/model/entity/GridEntityTest.java","de.mkalb.etpetssim.engine.model.entity","GridEntityTest","CLASS","testIsConstantReturnsFalseForNonConstantEntity","METHOD","","package-private","","void","","@Test","","15"
"test","app/src/test/java/de/mkalb/etpetssim/engine/model/entity/GridEntityTest.java","de.mkalb.etpetssim.engine.model.entity","GridEntityTest","CLASS","testToDisplayStringWrapsToString","METHOD","","package-private","","void","","@Test","","21"
"test","app/src/test/java/de/mkalb/etpetssim/engine/model/entity/GridEntityTest.java","de.mkalb.etpetssim.engine.model.entity","GridEntityTest.TestEntity","RECORD","toString","METHOD","","public","","String","","@Override","","30"
"test","app/src/test/java/de/mkalb/etpetssim/engine/model/entity/GridEntityTest.java","de.mkalb.etpetssim.engine.model.entity","GridEntityTest.TestConstantEntity","RECORD","toString","METHOD","","public","","String","","@Override","","40"
"test","app/src/test/java/de/mkalb/etpetssim/engine/model/entity/SpecBackedGridEntityDescriptorProviderTest.java","de.mkalb.etpetssim.engine.model.entity","SpecBackedGridEntityDescriptorProviderTest","CLASS","testDefaultAccessorsDelegateToDescriptorSpec","METHOD","","package-private","","void","","@Test","","10"
"test","app/src/test/java/de/mkalb/etpetssim/engine/model/entity/SpecBackedGridEntityDescriptorProviderTest.java","de.mkalb.etpetssim.engine.model.entity","SpecBackedGridEntityDescriptorProviderTest","CLASS","testConstantSpecBackedProviderIsRecognizedAsConstantEntity","METHOD","","package-private","","void","","@Test","","36"
"test","app/src/test/java/de/mkalb/etpetssim/engine/neighborhood/CellConnectionTypeTest.java","de.mkalb.etpetssim.engine.neighborhood","CellConnectionTypeTest","CLASS","testEnumValues","METHOD","","package-private","","void","","@Test","","9"
"test","app/src/test/java/de/mkalb/etpetssim/engine/neighborhood/CellConnectionTypeTest.java","de.mkalb.etpetssim.engine.neighborhood","CellConnectionTypeTest","CLASS","testEnumCount","METHOD","","package-private","","void","","@Test","","15"
"test","app/src/test/java/de/mkalb/etpetssim/engine/neighborhood/CellConnectionTypeTest.java","de.mkalb.etpetssim.engine.neighborhood","CellConnectionTypeTest","CLASS","testDeclarationOrder","METHOD","","package-private","","void","","@Test","","20"
"test","app/src/test/java/de/mkalb/etpetssim/engine/neighborhood/CellConnectionTypeTest.java","de.mkalb.etpetssim.engine.neighborhood","CellConnectionTypeTest","CLASS","testValueOfInvalidThrows","METHOD","","package-private","","void","","@Test","","28"
"test","app/src/test/java/de/mkalb/etpetssim/engine/neighborhood/CellConnectionTypeTest.java","de.mkalb.etpetssim.engine.neighborhood","CellConnectionTypeTest","CLASS","testValueOfNullThrows","METHOD","","package-private","","void","","@Test","","33"
"test","app/src/test/java/de/mkalb/etpetssim/engine/neighborhood/CellConnectionTypeTest.java","de.mkalb.etpetssim.engine.neighborhood","CellConnectionTypeTest","CLASS","testStaticLabelResourceKey","METHOD","","package-private","","void","","@Test","","38"
"test","app/src/test/java/de/mkalb/etpetssim/engine/neighborhood/CellConnectionTypeTest.java","de.mkalb.etpetssim.engine.neighborhood","CellConnectionTypeTest","CLASS","testResourceKey","METHOD","","package-private","","void","","@Test","","43"
"test","app/src/test/java/de/mkalb/etpetssim/engine/neighborhood/CellNeighborTest.java","de.mkalb.etpetssim.engine.neighborhood","CellNeighborTest","CLASS","testRecord","METHOD","","package-private","","void","","@Test","","10"
"test","app/src/test/java/de/mkalb/etpetssim/engine/neighborhood/CellNeighborTest.java","de.mkalb.etpetssim.engine.neighborhood","CellNeighborTest","CLASS","testIsEdgeConnection","METHOD","","package-private","","void","","@Test","","24"
"test","app/src/test/java/de/mkalb/etpetssim/engine/neighborhood/CellNeighborTest.java","de.mkalb.etpetssim.engine.neighborhood","CellNeighborTest","CLASS","testIsVertexConnection","METHOD","","package-private","","void","","@Test","","35"
"test","app/src/test/java/de/mkalb/etpetssim/engine/neighborhood/CellNeighborTest.java","de.mkalb.etpetssim.engine.neighborhood","CellNeighborTest","CLASS","testToDisplayString","METHOD","","package-private","","void","","@Test","","46"
"test","app/src/test/java/de/mkalb/etpetssim/engine/neighborhood/CellNeighborWithEdgeBehaviorTest.java","de.mkalb.etpetssim.engine.neighborhood","CellNeighborWithEdgeBehaviorTest","CLASS","testRecord","METHOD","","package-private","","void","","@Test","","10"
"test","app/src/test/java/de/mkalb/etpetssim/engine/neighborhood/CellNeighborWithEdgeBehaviorTest.java","de.mkalb.etpetssim.engine.neighborhood","CellNeighborWithEdgeBehaviorTest","CLASS","testStaticOf","METHOD","","package-private","","void","","@Test","","29"
"test","app/src/test/java/de/mkalb/etpetssim/engine/neighborhood/CellNeighborWithEdgeBehaviorTest.java","de.mkalb.etpetssim.engine.neighborhood","CellNeighborWithEdgeBehaviorTest","CLASS","testIsEdgeConnection","METHOD","","package-private","","void","","@Test","","43"
"test","app/src/test/java/de/mkalb/etpetssim/engine/neighborhood/CellNeighborWithEdgeBehaviorTest.java","de.mkalb.etpetssim.engine.neighborhood","CellNeighborWithEdgeBehaviorTest","CLASS","testIsVertexConnection","METHOD","","package-private","","void","","@Test","","58"
"test","app/src/test/java/de/mkalb/etpetssim/engine/neighborhood/CellNeighborWithEdgeBehaviorTest.java","de.mkalb.etpetssim.engine.neighborhood","CellNeighborWithEdgeBehaviorTest","CLASS","testToDisplayString","METHOD","","package-private","","void","","@Test","","73"
"test","app/src/test/java/de/mkalb/etpetssim/engine/neighborhood/CellNeighborhoodsTest.java","de.mkalb.etpetssim.engine.neighborhood","CellNeighborhoodsTest","CLASS","tryPutOuterRadiusRing","METHOD","SortedMap<Integer, SortedMap<GridCoordinate, RadiusRingCell<GridCoordinate>>>","private","static","void","","","","14"
"test","app/src/test/java/de/mkalb/etpetssim/engine/neighborhood/CellNeighborhoodsTest.java","de.mkalb.etpetssim.engine.neighborhood","CellNeighborhoodsTest","CLASS","tryPutInnerRadiusRing","METHOD","SortedMap<GridCoordinate, RadiusRingCell<GridCoordinate>>, GridCoordinate, RadiusRingCell<GridCoordinate>","private","static","void","","","","18"
"test","app/src/test/java/de/mkalb/etpetssim/engine/neighborhood/CellNeighborhoodsTest.java","de.mkalb.etpetssim.engine.neighborhood","CellNeighborhoodsTest","CLASS","tryAddReachedFromPreviousRing","METHOD","SortedSet<GridCoordinate>, GridCoordinate","private","static","void","","","","24"
"test","app/src/test/java/de/mkalb/etpetssim/engine/neighborhood/CellNeighborhoodsTest.java","de.mkalb.etpetssim.engine.neighborhood","CellNeighborhoodsTest","CLASS","testStaticMaxNeighborCount","METHOD","","package-private","","void","","@Test","","29"
"test","app/src/test/java/de/mkalb/etpetssim/engine/neighborhood/CellNeighborhoodsTest.java","de.mkalb.etpetssim.engine.neighborhood","CellNeighborhoodsTest","CLASS","testStaticMaxNeighborCountRadius","METHOD","","package-private","","void","","@Test","","39"
"test","app/src/test/java/de/mkalb/etpetssim/engine/neighborhood/CellNeighborhoodsTest.java","de.mkalb.etpetssim.engine.neighborhood","CellNeighborhoodsTest","CLASS","testStaticIsCellNeighbor","METHOD","","package-private","","void","","@Test","","64"
"test","app/src/test/java/de/mkalb/etpetssim/engine/neighborhood/CellNeighborhoodsTest.java","de.mkalb.etpetssim.engine.neighborhood","CellNeighborhoodsTest","CLASS","testStaticEdgeActionForCoordinate","METHOD","","package-private","","void","","@Test","","95"
"test","app/src/test/java/de/mkalb/etpetssim/engine/neighborhood/CellNeighborhoodsTest.java","de.mkalb.etpetssim.engine.neighborhood","CellNeighborhoodsTest","CLASS","testStaticIsValidEdgeCoordinate","METHOD","","package-private","","void","","@Test","","205"
"test","app/src/test/java/de/mkalb/etpetssim/engine/neighborhood/CellNeighborhoodsTest.java","de.mkalb.etpetssim.engine.neighborhood","CellNeighborhoodsTest","CLASS","testStaticApplyEdgeBehaviorToCoordinate","METHOD","","package-private","","void","","@Test","","272"
"test","app/src/test/java/de/mkalb/etpetssim/engine/neighborhood/CellNeighborhoodsTest.java","de.mkalb.etpetssim.engine.neighborhood","CellNeighborhoodsTest","CLASS","testStaticCellsByRadiusRingsRadius0AndUnmodifiable","METHOD","","package-private","","void","","@Test","","391"
"test","app/src/test/java/de/mkalb/etpetssim/engine/neighborhood/CellNeighborhoodsTest.java","de.mkalb.etpetssim.engine.neighborhood","CellNeighborhoodsTest","CLASS","testStaticCellsByRadiusRingsInvalidRadiusOrInvalidCoordinate","METHOD","","package-private","","void","","@Test","","420"
"test","app/src/test/java/de/mkalb/etpetssim/engine/neighborhood/CellNeighborhoodsTest.java","de.mkalb.etpetssim.engine.neighborhood","CellNeighborhoodsTest","CLASS","testStaticCellsByRadiusRingsWrapBehaviorAndUniqueness","METHOD","","package-private","","void","","@Test","","446"
"test","app/src/test/java/de/mkalb/etpetssim/engine/neighborhood/CellNeighborhoodsTest.java","de.mkalb.etpetssim.engine.neighborhood","CellNeighborhoodsTest","CLASS","testStaticCellsByRadiusRingsFiltersBlockedAndAbsorbedNeighbors","METHOD","","package-private","","void","","@Test","","512"
"test","app/src/test/java/de/mkalb/etpetssim/engine/neighborhood/CellNeighborhoodsTest.java","de.mkalb.etpetssim.engine.neighborhood","CellNeighborhoodsTest","CLASS","testRadiusRingCellEqualsAndHashCodeUseCoordinateOnly","METHOD","","package-private","","void","","@Test","","538"
"test","app/src/test/java/de/mkalb/etpetssim/engine/neighborhood/CellNeighborhoodsTest.java","de.mkalb.etpetssim.engine.neighborhood","CellNeighborhoodsTest","CLASS","testStaticGetCellNeighborConnections","METHOD","","package-private","","void","","@Test","","552"
"test","app/src/test/java/de/mkalb/etpetssim/engine/neighborhood/CellNeighborhoodsTest.java","de.mkalb.etpetssim.engine.neighborhood","CellNeighborhoodsTest","CLASS","testStaticGenerateCacheKey","METHOD","","package-private","","void","","@Test","","568"
"test","app/src/test/java/de/mkalb/etpetssim/engine/neighborhood/CellNeighborhoodsTest.java","de.mkalb.etpetssim.engine.neighborhood","CellNeighborhoodsTest","CLASS","testStaticComputeCellNeighborConnections","METHOD","","package-private","","void","","@Test","","594"
"test","app/src/test/java/de/mkalb/etpetssim/engine/neighborhood/CellNeighborhoodsTest.java","de.mkalb.etpetssim.engine.neighborhood","CellNeighborhoodsTest","CLASS","testStaticComputeSquareCellNeighborConnections","METHOD","","package-private","","void","","@Test","","616"
"test","app/src/test/java/de/mkalb/etpetssim/engine/neighborhood/CellNeighborhoodsTest.java","de.mkalb.etpetssim.engine.neighborhood","CellNeighborhoodsTest","CLASS","testStaticComputeHexagonCellNeighborConnections","METHOD","","package-private","","void","","@Test","","642"
"test","app/src/test/java/de/mkalb/etpetssim/engine/neighborhood/CompassDirectionTest.java","de.mkalb.etpetssim.engine.neighborhood","CompassDirectionTest","CLASS","testEnumValues","METHOD","","package-private","","void","","@Test","","12"
"test","app/src/test/java/de/mkalb/etpetssim/engine/neighborhood/CompassDirectionTest.java","de.mkalb.etpetssim.engine.neighborhood","CompassDirectionTest","CLASS","testEnumCount","METHOD","","package-private","","void","","@Test","","32"
"test","app/src/test/java/de/mkalb/etpetssim/engine/neighborhood/CompassDirectionTest.java","de.mkalb.etpetssim.engine.neighborhood","CompassDirectionTest","CLASS","testDeclarationOrder","METHOD","","package-private","","void","","@Test","","37"
"test","app/src/test/java/de/mkalb/etpetssim/engine/neighborhood/CompassDirectionTest.java","de.mkalb.etpetssim.engine.neighborhood","CompassDirectionTest","CLASS","testValueOfInvalidThrows","METHOD","","package-private","","void","","@Test","","62"
"test","app/src/test/java/de/mkalb/etpetssim/engine/neighborhood/CompassDirectionTest.java","de.mkalb.etpetssim.engine.neighborhood","CompassDirectionTest","CLASS","testValueOfNullThrows","METHOD","","package-private","","void","","@Test","","67"
"test","app/src/test/java/de/mkalb/etpetssim/engine/neighborhood/CompassDirectionTest.java","de.mkalb.etpetssim.engine.neighborhood","CompassDirectionTest","CLASS","testStaticLabelResourceKey","METHOD","","package-private","","void","","@Test","","72"
"test","app/src/test/java/de/mkalb/etpetssim/engine/neighborhood/CompassDirectionTest.java","de.mkalb.etpetssim.engine.neighborhood","CompassDirectionTest","CLASS","testAbbreviationResourceKey","METHOD","","package-private","","void","","@Test","","77"
"test","app/src/test/java/de/mkalb/etpetssim/engine/neighborhood/CompassDirectionTest.java","de.mkalb.etpetssim.engine.neighborhood","CompassDirectionTest","CLASS","testNameResourceKey","METHOD","","package-private","","void","","@Test","","97"
"test","app/src/test/java/de/mkalb/etpetssim/engine/neighborhood/CompassDirectionTest.java","de.mkalb.etpetssim.engine.neighborhood","CompassDirectionTest","CLASS","testLevel","METHOD","","package-private","","void","","@Test","","117"
"test","app/src/test/java/de/mkalb/etpetssim/engine/neighborhood/CompassDirectionTest.java","de.mkalb.etpetssim.engine.neighborhood","CompassDirectionTest","CLASS","testArrow","METHOD","","package-private","","void","","@Test","","137"
"test","app/src/test/java/de/mkalb/etpetssim/engine/neighborhood/CompassDirectionTest.java","de.mkalb.etpetssim.engine.neighborhood","CompassDirectionTest","CLASS","testOpposite","METHOD","","package-private","","void","","@Test","","157"
"test","app/src/test/java/de/mkalb/etpetssim/engine/neighborhood/CompassDirectionTest.java","de.mkalb.etpetssim.engine.neighborhood","CompassDirectionTest","CLASS","testNextClockwise","METHOD","","package-private","","void","","@Test","","177"
"test","app/src/test/java/de/mkalb/etpetssim/engine/neighborhood/CompassDirectionTest.java","de.mkalb.etpetssim.engine.neighborhood","CompassDirectionTest","CLASS","testNextCounterClockwise","METHOD","","package-private","","void","","@Test","","197"
"test","app/src/test/java/de/mkalb/etpetssim/engine/neighborhood/CompassDirectionTest.java","de.mkalb.etpetssim.engine.neighborhood","CompassDirectionTest","CLASS","testListClockwise","METHOD","","package-private","","void","","@Test","","217"
"test","app/src/test/java/de/mkalb/etpetssim/engine/neighborhood/CompassDirectionTest.java","de.mkalb.etpetssim.engine.neighborhood","CompassDirectionTest","CLASS","testListCounterClockwise","METHOD","","package-private","","void","","@Test","","236"
"test","app/src/test/java/de/mkalb/etpetssim/engine/neighborhood/CompassDirectionTest.java","de.mkalb.etpetssim.engine.neighborhood","CompassDirectionTest","CLASS","testStreamClockwise","METHOD","","package-private","","void","","@Test","","255"
"test","app/src/test/java/de/mkalb/etpetssim/engine/neighborhood/CompassDirectionTest.java","de.mkalb.etpetssim.engine.neighborhood","CompassDirectionTest","CLASS","testStreamCounterClockwise","METHOD","","package-private","","void","","@Test","","277"
"test","app/src/test/java/de/mkalb/etpetssim/engine/neighborhood/CompassDirectionTest.java","de.mkalb.etpetssim.engine.neighborhood","CompassDirectionTest","CLASS","testDistance","METHOD","","package-private","","void","","@Test","","299"
"test","app/src/test/java/de/mkalb/etpetssim/engine/neighborhood/CompassDirectionTest.java","de.mkalb.etpetssim.engine.neighborhood","CompassDirectionTest","CLASS","testDistanceOnRing","METHOD","","package-private","","void","","@Test","","342"
"test","app/src/test/java/de/mkalb/etpetssim/engine/neighborhood/CompassDirectionTest.java","de.mkalb.etpetssim.engine.neighborhood","CompassDirectionTest","CLASS","testDistanceOnRingWithMissingDirection","METHOD","","package-private","","void","","@Test","","405"
"test","app/src/test/java/de/mkalb/etpetssim/engine/neighborhood/CompassDirectionTest.java","de.mkalb.etpetssim.engine.neighborhood","CompassDirectionTest","CLASS","testDistanceOnRingWithEmptyRing","METHOD","","package-private","","void","","@Test","","419"
"test","app/src/test/java/de/mkalb/etpetssim/engine/neighborhood/EdgeBehaviorActionTest.java","de.mkalb.etpetssim.engine.neighborhood","EdgeBehaviorActionTest","CLASS","testEnumValues","METHOD","","package-private","","void","","@Test","","9"
"test","app/src/test/java/de/mkalb/etpetssim/engine/neighborhood/EdgeBehaviorActionTest.java","de.mkalb.etpetssim.engine.neighborhood","EdgeBehaviorActionTest","CLASS","testEnumCount","METHOD","","package-private","","void","","@Test","","17"
"test","app/src/test/java/de/mkalb/etpetssim/engine/neighborhood/EdgeBehaviorActionTest.java","de.mkalb.etpetssim.engine.neighborhood","EdgeBehaviorActionTest","CLASS","testDeclarationOrder","METHOD","","package-private","","void","","@Test","","22"
"test","app/src/test/java/de/mkalb/etpetssim/engine/neighborhood/EdgeBehaviorActionTest.java","de.mkalb.etpetssim.engine.neighborhood","EdgeBehaviorActionTest","CLASS","testValueOfInvalidThrows","METHOD","","package-private","","void","","@Test","","35"
"test","app/src/test/java/de/mkalb/etpetssim/engine/neighborhood/EdgeBehaviorActionTest.java","de.mkalb.etpetssim.engine.neighborhood","EdgeBehaviorActionTest","CLASS","testValueOfNullThrows","METHOD","","package-private","","void","","@Test","","40"
"test","app/src/test/java/de/mkalb/etpetssim/engine/neighborhood/EdgeBehaviorResultTest.java","de.mkalb.etpetssim.engine.neighborhood","EdgeBehaviorResultTest","CLASS","testRecord","METHOD","","package-private","","void","","@Test","","10"
"test","app/src/test/java/de/mkalb/etpetssim/engine/neighborhood/EdgeBehaviorResultTest.java","de.mkalb.etpetssim.engine.neighborhood","EdgeBehaviorResultTest","CLASS","testToDisplayString","METHOD","","package-private","","void","","@Test","","23"
"test","app/src/test/java/de/mkalb/etpetssim/engine/neighborhood/NeighborhoodModeTest.java","de.mkalb.etpetssim.engine.neighborhood","NeighborhoodModeTest","CLASS","testEnumValues","METHOD","","package-private","","void","","@Test","","9"
"test","app/src/test/java/de/mkalb/etpetssim/engine/neighborhood/NeighborhoodModeTest.java","de.mkalb.etpetssim.engine.neighborhood","NeighborhoodModeTest","CLASS","testEnumCount","METHOD","","package-private","","void","","@Test","","15"
"test","app/src/test/java/de/mkalb/etpetssim/engine/neighborhood/NeighborhoodModeTest.java","de.mkalb.etpetssim.engine.neighborhood","NeighborhoodModeTest","CLASS","testDeclarationOrder","METHOD","","package-private","","void","","@Test","","20"
"test","app/src/test/java/de/mkalb/etpetssim/engine/neighborhood/NeighborhoodModeTest.java","de.mkalb.etpetssim.engine.neighborhood","NeighborhoodModeTest","CLASS","testValueOfInvalidThrows","METHOD","","package-private","","void","","@Test","","28"
"test","app/src/test/java/de/mkalb/etpetssim/engine/neighborhood/NeighborhoodModeTest.java","de.mkalb.etpetssim.engine.neighborhood","NeighborhoodModeTest","CLASS","testValueOfNullThrows","METHOD","","package-private","","void","","@Test","","33"
"test","app/src/test/java/de/mkalb/etpetssim/engine/neighborhood/NeighborhoodModeTest.java","de.mkalb.etpetssim.engine.neighborhood","NeighborhoodModeTest","CLASS","testStaticLabelResourceKey","METHOD","","package-private","","void","","@Test","","38"
"test","app/src/test/java/de/mkalb/etpetssim/engine/neighborhood/NeighborhoodModeTest.java","de.mkalb.etpetssim.engine.neighborhood","NeighborhoodModeTest","CLASS","testIncludesVertexNeighbors","METHOD","","package-private","","void","","@Test","","43"
"test","app/src/test/java/de/mkalb/etpetssim/engine/neighborhood/NeighborhoodModeTest.java","de.mkalb.etpetssim.engine.neighborhood","NeighborhoodModeTest","CLASS","testResourceKey","METHOD","","package-private","","void","","@Test","","49"
"test","app/src/test/java/de/mkalb/etpetssim/engine/neighborhood/RadiusRingCellTest.java","de.mkalb.etpetssim.engine.neighborhood","RadiusRingCellTest","CLASS","testConstructorCreatesSortedUnmodifiableCopy","METHOD","","package-private","","void","","@Test","","12"
"test","app/src/test/java/de/mkalb/etpetssim/engine/neighborhood/RadiusRingCellTest.java","de.mkalb.etpetssim.engine.neighborhood","RadiusRingCellTest","CLASS","testEqualsAndHashCodeUseCoordinateOnly","METHOD","","package-private","","void","","@Test","","28"
"test","app/src/test/java/de/mkalb/etpetssim/engine/support/GridInitializersTest.java","de.mkalb.etpetssim.engine.support","GridInitializersTest","CLASS","createModel","METHOD","","private","static","SparseGridModel<TestEntity>","","","","19"
"test","app/src/test/java/de/mkalb/etpetssim/engine/support/GridInitializersTest.java","de.mkalb.etpetssim.engine.support","GridInitializersTest","CLASS","entities","METHOD","SparseGridModel<TestEntity>","private","static","List<TestEntity>","","","","23"
"test","app/src/test/java/de/mkalb/etpetssim/engine/support/GridInitializersTest.java","de.mkalb.etpetssim.engine.support","GridInitializersTest","CLASS","testCancellationAwareFillRandomPercentMatchesLegacySeededPlacement","METHOD","","package-private","","void","","@Test","","27"
"test","app/src/test/java/de/mkalb/etpetssim/engine/support/GridInitializersTest.java","de.mkalb.etpetssim.engine.support","GridInitializersTest","CLASS","testCancellationAwareFillRandomPercentMatchesLegacySeededPlacementAtRoundingBoundary","METHOD","","package-private","","void","","@Test","","40"
"test","app/src/test/java/de/mkalb/etpetssim/engine/support/GridInitializersTest.java","de.mkalb.etpetssim.engine.support","GridInitializersTest","CLASS","testPlaceShuffledCountChecksCancellationDuringShuffle","METHOD","","package-private","","void","","@Test","","56"
"test","app/src/test/java/de/mkalb/etpetssim/engine/support/GridInitializersTest.java","de.mkalb.etpetssim.engine.support","GridInitializersTest.TestEntity","ENUM","descriptorId","METHOD","","public","","String","","@Override","","76"
"test","app/src/test/java/de/mkalb/etpetssim/engine/support/GridInitializersTest.java","de.mkalb.etpetssim.engine.support","GridInitializersTest.TrackingRandom","CLASS","nextInt","METHOD","int","public","","int","","@Override","","86"
"test","app/src/test/java/de/mkalb/etpetssim/engine/support/GridInitializersTest.java","de.mkalb.etpetssim.engine.support","GridInitializersTest.TrackingRandom","CLASS","nextIntCalls","METHOD","","package-private","","int","","","","92"
"test","app/src/test/java/de/mkalb/etpetssim/engine/support/WorkCheckpointsTest.java","de.mkalb.etpetssim.engine.support","WorkCheckpointsTest","CLASS","isCancellationCheckpoint","METHOD","int, int","private","static","boolean","","","","9"
"test","app/src/test/java/de/mkalb/etpetssim/engine/support/WorkCheckpointsTest.java","de.mkalb.etpetssim.engine.support","WorkCheckpointsTest","CLASS","testCancellationCheckIntervalIsPowerOfTwo","METHOD","","package-private","","void","","@SuppressWarnings(""ConstantValue"") | @Test","","13"
"test","app/src/test/java/de/mkalb/etpetssim/engine/support/WorkCheckpointsTest.java","de.mkalb.etpetssim.engine.support","WorkCheckpointsTest","CLASS","testCancellationCheckMaskIdentifiesZeroBasedCheckpoints","METHOD","","package-private","","void","","@Test","","25"
"test","app/src/test/java/de/mkalb/etpetssim/simulations/conway/model/ConwayConfigTest.java","de.mkalb.etpetssim.simulations.conway.model","ConwayConfigTest","CLASS","createConfig","METHOD","CellShape, GridEdgeBehavior, CellDisplayMode, double, NeighborhoodMode, ConwayTransitionRules","private","static","ConwayConfig","","","","15"
"test","app/src/test/java/de/mkalb/etpetssim/simulations/conway/model/ConwayConfigTest.java","de.mkalb.etpetssim.simulations.conway.model","ConwayConfigTest","CLASS","createConfig","METHOD","CellShape, double, NeighborhoodMode, ConwayTransitionRules","private","static","ConwayConfig","","","","35"
"test","app/src/test/java/de/mkalb/etpetssim/simulations/conway/model/ConwayConfigTest.java","de.mkalb.etpetssim.simulations.conway.model","ConwayConfigTest","CLASS","testIsValidWithDefaultConstraints","METHOD","","package-private","","void","","@Test","","48"
"test","app/src/test/java/de/mkalb/etpetssim/simulations/conway/model/ConwayConfigTest.java","de.mkalb.etpetssim.simulations.conway.model","ConwayConfigTest","CLASS","testIsValidRejectsAlivePercentOutsideRange","METHOD","","package-private","","void","","@Test","","59"
"test","app/src/test/java/de/mkalb/etpetssim/simulations/conway/model/ConwayConfigTest.java","de.mkalb.etpetssim.simulations.conway.model","ConwayConfigTest","CLASS","testIsValidRejectsUnexpectedNeighborhoodMode","METHOD","","package-private","","void","","@Test","","70"
"test","app/src/test/java/de/mkalb/etpetssim/simulations/conway/model/ConwayConfigTest.java","de.mkalb.etpetssim.simulations.conway.model","ConwayConfigTest","CLASS","testIsValidRejectsUnsupportedGridEdgeBehavior","METHOD","","package-private","","void","","@Test","","81"
"test","app/src/test/java/de/mkalb/etpetssim/simulations/conway/model/ConwayConfigTest.java","de.mkalb.etpetssim.simulations.conway.model","ConwayConfigTest","CLASS","testIsValidRejectsUnsupportedCellDisplayMode","METHOD","","package-private","","void","","@Test","","94"
"test","app/src/test/java/de/mkalb/etpetssim/simulations/conway/model/ConwayConfigTest.java","de.mkalb.etpetssim.simulations.conway.model","ConwayConfigTest","CLASS","testIsValidRejectsBirthRuleWithoutNeighbors","METHOD","","package-private","","void","","@Test","","107"
"test","app/src/test/java/de/mkalb/etpetssim/simulations/conway/model/ConwayConfigTest.java","de.mkalb.etpetssim.simulations.conway.model","ConwayConfigTest","CLASS","testIsValidRejectsTransitionRulesAboveShapeNeighborLimit","METHOD","","package-private","","void","","@Test","","120"
"test","app/src/test/java/de/mkalb/etpetssim/simulations/conway/model/ConwayConfigTest.java","de.mkalb.etpetssim.simulations.conway.model","ConwayConfigTest","CLASS","testIsValidAcceptsHexagonRulesWithinShapeNeighborLimit","METHOD","","package-private","","void","","@Test","","137"
"test","app/src/test/java/de/mkalb/etpetssim/simulations/conway/model/ConwayPatternChoiceTest.java","de.mkalb.etpetssim.simulations.conway.model","ConwayPatternChoiceTest","CLASS","createConfig","METHOD","CellShape","private","static","ConwayConfig","","","","19"
"test","app/src/test/java/de/mkalb/etpetssim/simulations/conway/model/ConwayPatternChoiceTest.java","de.mkalb.etpetssim.simulations.conway.model","ConwayPatternChoiceTest","CLASS","createPatternSupplier","METHOD","Map<GridOffset, ConwayEntity>","private","static","Supplier<GridPattern<ConwayEntity>>","","","","34"
"test","app/src/test/java/de/mkalb/etpetssim/simulations/conway/model/ConwayPatternChoiceTest.java","de.mkalb.etpetssim.simulations.conway.model","ConwayPatternChoiceTest","CLASS","testConstructorWithValidArguments","METHOD","","package-private","","void","","@Test","","40"
"test","app/src/test/java/de/mkalb/etpetssim/simulations/conway/model/ConwayPatternChoiceTest.java","de.mkalb.etpetssim.simulations.conway.model","ConwayPatternChoiceTest","CLASS","testConstructorRejectsBlankChoiceId","METHOD","","package-private","","void","","@Test","","60"
"test","app/src/test/java/de/mkalb/etpetssim/simulations/conway/model/ConwayPatternChoiceTest.java","de.mkalb.etpetssim.simulations.conway.model","ConwayPatternChoiceTest","CLASS","testConstructorRejectsBlankLabelKey","METHOD","","package-private","","void","","@Test","","72"
"test","app/src/test/java/de/mkalb/etpetssim/simulations/conway/model/ConwayPatternChoiceTest.java","de.mkalb.etpetssim.simulations.conway.model","ConwayPatternChoiceTest","CLASS","testConstructorRejectsChoiceIdMatchingLabelKey","METHOD","","package-private","","void","","@Test","","84"
"test","app/src/test/java/de/mkalb/etpetssim/simulations/conway/model/ConwayPatternChoiceTest.java","de.mkalb.etpetssim.simulations.conway.model","ConwayPatternChoiceTest","CLASS","testConstructorRejectsNullChoiceId","METHOD","","package-private","","void","","@Test | @SuppressWarnings(""DataFlowIssue"")","","96"
"test","app/src/test/java/de/mkalb/etpetssim/simulations/conway/model/ConwayPatternChoiceTest.java","de.mkalb.etpetssim.simulations.conway.model","ConwayPatternChoiceTest","CLASS","testConstructorRejectsNullLabelKey","METHOD","","package-private","","void","","@Test | @SuppressWarnings(""DataFlowIssue"")","","109"
"test","app/src/test/java/de/mkalb/etpetssim/simulations/conway/model/ConwayPatternChoiceTest.java","de.mkalb.etpetssim.simulations.conway.model","ConwayPatternChoiceTest","CLASS","testPatternReturnsNormalizedPattern","METHOD","","package-private","","void","","@Test","","124"
"test","app/src/test/java/de/mkalb/etpetssim/simulations/conway/model/ConwayPatternChoiceTest.java","de.mkalb.etpetssim.simulations.conway.model","ConwayPatternChoiceTest","CLASS","testPatternCallsSupplierForEachInvocation","METHOD","","package-private","","void","","@Test","","148"
"test","app/src/test/java/de/mkalb/etpetssim/simulations/conway/model/ConwayPatternChoiceTest.java","de.mkalb.etpetssim.simulations.conway.model","ConwayPatternChoiceTest","CLASS","testAvailableForDelegatesToPredicate","METHOD","","package-private","","void","","@Test","","168"
"test","app/src/test/java/de/mkalb/etpetssim/simulations/conway/model/ConwayPatternsTest.java","de.mkalb.etpetssim.simulations.conway.model","ConwayPatternsTest","CLASS","createConfig","METHOD","CellShape","private","static","ConwayConfig","","","","89"
"test","app/src/test/java/de/mkalb/etpetssim/simulations/conway/model/ConwayPatternsTest.java","de.mkalb.etpetssim.simulations.conway.model","ConwayPatternsTest","CLASS","createConfig","METHOD","CellShape, ConwayTransitionRules","private","static","ConwayConfig","","","","93"
"test","app/src/test/java/de/mkalb/etpetssim/simulations/conway/model/ConwayPatternsTest.java","de.mkalb.etpetssim.simulations.conway.model","ConwayPatternsTest","CLASS","assertPattern","METHOD","GridPattern<ConwayEntity>, int, int, long","private","static","void","","","","110"
"test","app/src/test/java/de/mkalb/etpetssim/simulations/conway/model/ConwayPatternsTest.java","de.mkalb.etpetssim.simulations.conway.model","ConwayPatternsTest","CLASS","hasDeadBorder","METHOD","Map<GridOffset, ConwayEntity>, int, int","private","static","boolean","","","","128"
"test","app/src/test/java/de/mkalb/etpetssim/simulations/conway/model/ConwayPatternsTest.java","de.mkalb.etpetssim.simulations.conway.model","ConwayPatternsTest","CLASS","testChoicesContainsAllClassicPatternsInOrder","METHOD","","package-private","","void","","@Test","","142"
"test","app/src/test/java/de/mkalb/etpetssim/simulations/conway/model/ConwayPatternsTest.java","de.mkalb.etpetssim.simulations.conway.model","ConwayPatternsTest","CLASS","testAvailableChoicesMatchChoicesForClassicSquareConfig","METHOD","","package-private","","void","","@Test","","157"
"test","app/src/test/java/de/mkalb/etpetssim/simulations/conway/model/ConwayPatternsTest.java","de.mkalb.etpetssim.simulations.conway.model","ConwayPatternsTest","CLASS","testAvailableChoicesRejectUnsupportedCellShapes","METHOD","","package-private","","void","","@Test","","167"
"test","app/src/test/java/de/mkalb/etpetssim/simulations/conway/model/ConwayPatternsTest.java","de.mkalb.etpetssim.simulations.conway.model","ConwayPatternsTest","CLASS","testAvailableChoicesRejectNonClassicTransitionRules","METHOD","","package-private","","void","","@Test","","180"
"test","app/src/test/java/de/mkalb/etpetssim/simulations/conway/model/ConwayPatternsTest.java","de.mkalb.etpetssim.simulations.conway.model","ConwayPatternsTest","CLASS","testAvailableChoicesIncludeHighLifeReplicatorForHighLifeRules","METHOD","","package-private","","void","","@Test","","190"
"test","app/src/test/java/de/mkalb/etpetssim/simulations/conway/model/ConwayPatternsTest.java","de.mkalb.etpetssim.simulations.conway.model","ConwayPatternsTest","CLASS","testChoicePatternsMatchExpectedShapes","METHOD","","package-private","","void","","@Test","","202"
"test","app/src/test/java/de/mkalb/etpetssim/simulations/conway/model/ConwayPatternsTest.java","de.mkalb.etpetssim.simulations.conway.model","ConwayPatternsTest","CLASS","testBeehivePatternHasDeadBorderAndExpectedDimensions","METHOD","","package-private","","void","","@Test","","222"
"test","app/src/test/java/de/mkalb/etpetssim/simulations/conway/model/ConwayPatternsTest.java","de.mkalb.etpetssim.simulations.conway.model","ConwayPatternsTest","CLASS","testBlockPatternHasDeadBorderAndExpectedDimensions","METHOD","","package-private","","void","","@Test","","227"
"test","app/src/test/java/de/mkalb/etpetssim/simulations/conway/model/ConwayPatternsTest.java","de.mkalb.etpetssim.simulations.conway.model","ConwayPatternsTest","CLASS","testBoatPatternHasDeadBorderAndExpectedDimensions","METHOD","","package-private","","void","","@Test","","232"
"test","app/src/test/java/de/mkalb/etpetssim/simulations/conway/model/ConwayPatternsTest.java","de.mkalb.etpetssim.simulations.conway.model","ConwayPatternsTest","CLASS","testLoafPatternHasDeadBorderAndExpectedDimensions","METHOD","","package-private","","void","","@Test","","237"
"test","app/src/test/java/de/mkalb/etpetssim/simulations/conway/model/ConwayPatternsTest.java","de.mkalb.etpetssim.simulations.conway.model","ConwayPatternsTest","CLASS","testTubPatternHasDeadBorderAndExpectedDimensions","METHOD","","package-private","","void","","@Test","","242"
"test","app/src/test/java/de/mkalb/etpetssim/simulations/conway/model/ConwayPatternsTest.java","de.mkalb.etpetssim.simulations.conway.model","ConwayPatternsTest","CLASS","testBeaconPatternHasDeadBorderAndExpectedDimensions","METHOD","","package-private","","void","","@Test","","247"
"test","app/src/test/java/de/mkalb/etpetssim/simulations/conway/model/ConwayPatternsTest.java","de.mkalb.etpetssim.simulations.conway.model","ConwayPatternsTest","CLASS","testBlinkerPatternHasDeadBorderAndExpectedDimensions","METHOD","","package-private","","void","","@Test","","252"
"test","app/src/test/java/de/mkalb/etpetssim/simulations/conway/model/ConwayPatternsTest.java","de.mkalb.etpetssim.simulations.conway.model","ConwayPatternsTest","CLASS","testPentadecathlonPatternHasDeadBorderAndExpectedDimensions","METHOD","","package-private","","void","","@Test","","257"
"test","app/src/test/java/de/mkalb/etpetssim/simulations/conway/model/ConwayPatternsTest.java","de.mkalb.etpetssim.simulations.conway.model","ConwayPatternsTest","CLASS","testPulsarPatternHasDeadBorderAndExpectedDimensions","METHOD","","package-private","","void","","@Test","","262"
"test","app/src/test/java/de/mkalb/etpetssim/simulations/conway/model/ConwayPatternsTest.java","de.mkalb.etpetssim.simulations.conway.model","ConwayPatternsTest","CLASS","testToadPatternHasDeadBorderAndExpectedDimensions","METHOD","","package-private","","void","","@Test","","267"
"test","app/src/test/java/de/mkalb/etpetssim/simulations/conway/model/ConwayPatternsTest.java","de.mkalb.etpetssim.simulations.conway.model","ConwayPatternsTest","CLASS","testAcornPatternHasDeadBorderAndExpectedDimensions","METHOD","","package-private","","void","","@Test","","272"
"test","app/src/test/java/de/mkalb/etpetssim/simulations/conway/model/ConwayPatternsTest.java","de.mkalb.etpetssim.simulations.conway.model","ConwayPatternsTest","CLASS","testRPentominoPatternHasDeadBorderAndExpectedDimensions","METHOD","","package-private","","void","","@Test","","277"
"test","app/src/test/java/de/mkalb/etpetssim/simulations/conway/model/ConwayPatternsTest.java","de.mkalb.etpetssim.simulations.conway.model","ConwayPatternsTest","CLASS","testHighLifeReplicatorPatternHasDeadBorderAndExpectedDimensions","METHOD","","package-private","","void","","@Test","","282"
"test","app/src/test/java/de/mkalb/etpetssim/simulations/conway/model/ConwayPatternsTest.java","de.mkalb.etpetssim.simulations.conway.model","ConwayPatternsTest","CLASS","testGliderPatternHasDeadBorderAndExpectedDimensions","METHOD","","package-private","","void","","@Test","","287"
"test","app/src/test/java/de/mkalb/etpetssim/simulations/conway/model/ConwayPatternsTest.java","de.mkalb.etpetssim.simulations.conway.model","ConwayPatternsTest","CLASS","testLightweightSpaceshipPatternMatchesExpectedShape","METHOD","","package-private","","void","","@Test","","292"
"test","app/src/test/java/de/mkalb/etpetssim/simulations/conway/model/ConwayUserActionContextTest.java","de.mkalb.etpetssim.simulations.conway.model","ConwayUserActionContextTest","CLASS","testPermittedSubclasses","METHOD","","package-private","","void","","@Test","","10"
"test","app/src/test/java/de/mkalb/etpetssim/simulations/conway/model/ConwayUserActionContextTest.java","de.mkalb.etpetssim.simulations.conway.model","ConwayUserActionContextTest","CLASS","testFixedActionDeclarationOrder","METHOD","","package-private","","void","","@Test","","20"
"test","app/src/test/java/de/mkalb/etpetssim/simulations/conway/model/ConwayUserActionContextTest.java","de.mkalb.etpetssim.simulations.conway.model","ConwayUserActionContextTest","CLASS","testPlacePatternStoresPatternChoice","METHOD","","package-private","","void","","@Test","","30"
"test","app/src/test/java/de/mkalb/etpetssim/simulations/conway/model/ConwayUserActionTest.java","de.mkalb.etpetssim.simulations.conway.model","ConwayUserActionTest","CLASS","createConfig","METHOD","double","private","static","ConwayConfig","","","","13"
"test","app/src/test/java/de/mkalb/etpetssim/simulations/conway/model/ConwayUserActionTest.java","de.mkalb.etpetssim.simulations.conway.model","ConwayUserActionTest","CLASS","selectedCell","METHOD","ConwaySimulationManager, int, int","private","static","GridCell<ConwayEntity>","","","","28"
"test","app/src/test/java/de/mkalb/etpetssim/simulations/conway/model/ConwayUserActionTest.java","de.mkalb.etpetssim.simulations.conway.model","ConwayUserActionTest","CLASS","testApplyIgnoresToggleCellWithoutSelection","METHOD","","package-private","","void","","@Test","","33"
"test","app/src/test/java/de/mkalb/etpetssim/simulations/conway/model/ConwayUserActionTest.java","de.mkalb.etpetssim.simulations.conway.model","ConwayUserActionTest","CLASS","testApplyClearGridAsGlobalAction","METHOD","","package-private","","void","","@Test","","47"
"test","app/src/test/java/de/mkalb/etpetssim/simulations/conway/model/ConwayUserActionTest.java","de.mkalb.etpetssim.simulations.conway.model","ConwayUserActionTest","CLASS","testPlacePatternAppliesAvailablePatternAtSelectedCell","METHOD","","package-private","","void","","@Test","","70"
"test","app/src/test/java/de/mkalb/etpetssim/simulations/conway/shared/ConwayTransitionRulesTest.java","de.mkalb.etpetssim.simulations.conway.shared","ConwayTransitionRulesTest","CLASS","testOfCollectionsCreatesCorrectRules","METHOD","","package-private","","void","","@Test","","13"
"test","app/src/test/java/de/mkalb/etpetssim/simulations/conway/shared/ConwayTransitionRulesTest.java","de.mkalb.etpetssim.simulations.conway.shared","ConwayTransitionRulesTest","CLASS","testConstructorWithEmptySetsIsAllowed","METHOD","","package-private","","void","","@Test","","22"
"test","app/src/test/java/de/mkalb/etpetssim/simulations/conway/shared/ConwayTransitionRulesTest.java","de.mkalb.etpetssim.simulations.conway.shared","ConwayTransitionRulesTest","CLASS","testConstructorStoresSurviveAndBirthCountsInSortedOrder","METHOD","","package-private","","void","","@Test","","31"
"test","app/src/test/java/de/mkalb/etpetssim/simulations/conway/shared/ConwayTransitionRulesTest.java","de.mkalb.etpetssim.simulations.conway.shared","ConwayTransitionRulesTest","CLASS","testConstructorRejectsSurviveCountBelowMin","METHOD","","package-private","","void","","@Test","","40"
"test","app/src/test/java/de/mkalb/etpetssim/simulations/conway/shared/ConwayTransitionRulesTest.java","de.mkalb.etpetssim.simulations.conway.shared","ConwayTransitionRulesTest","CLASS","testConstructorRejectsSurviveCountAboveMax","METHOD","","package-private","","void","","@Test","","47"
"test","app/src/test/java/de/mkalb/etpetssim/simulations/conway/shared/ConwayTransitionRulesTest.java","de.mkalb.etpetssim.simulations.conway.shared","ConwayTransitionRulesTest","CLASS","testConstructorRejectsBirthCountBelowMin","METHOD","","package-private","","void","","@Test","","54"
"test","app/src/test/java/de/mkalb/etpetssim/simulations/conway/shared/ConwayTransitionRulesTest.java","de.mkalb.etpetssim.simulations.conway.shared","ConwayTransitionRulesTest","CLASS","testConstructorRejectsBirthCountAboveMax","METHOD","","package-private","","void","","@Test","","61"
"test","app/src/test/java/de/mkalb/etpetssim/simulations/conway/shared/ConwayTransitionRulesTest.java","de.mkalb.etpetssim.simulations.conway.shared","ConwayTransitionRulesTest","CLASS","testConstructorAcceptsBoundaryValues","METHOD","","package-private","","void","","@Test","","68"
"test","app/src/test/java/de/mkalb/etpetssim/simulations/conway/shared/ConwayTransitionRulesTest.java","de.mkalb.etpetssim.simulations.conway.shared","ConwayTransitionRulesTest","CLASS","testSurviveCountsIsUnmodifiable","METHOD","","package-private","","void","","@Test","","75"
"test","app/src/test/java/de/mkalb/etpetssim/simulations/conway/shared/ConwayTransitionRulesTest.java","de.mkalb.etpetssim.simulations.conway.shared","ConwayTransitionRulesTest","CLASS","testBirthCountsIsUnmodifiable","METHOD","","package-private","","void","","@Test","","81"
"test","app/src/test/java/de/mkalb/etpetssim/simulations/conway/shared/ConwayTransitionRulesTest.java","de.mkalb.etpetssim.simulations.conway.shared","ConwayTransitionRulesTest","CLASS","testOfDisplayStringParsesConwayLifeRules","METHOD","","package-private","","void","","@Test","","89"
"test","app/src/test/java/de/mkalb/etpetssim/simulations/conway/shared/ConwayTransitionRulesTest.java","de.mkalb.etpetssim.simulations.conway.shared","ConwayTransitionRulesTest","CLASS","testOfDisplayStringParsesMultiDigitRules","METHOD","","package-private","","void","","@Test","","98"
"test","app/src/test/java/de/mkalb/etpetssim/simulations/conway/shared/ConwayTransitionRulesTest.java","de.mkalb.etpetssim.simulations.conway.shared","ConwayTransitionRulesTest","CLASS","testOfDisplayStringParsesEmptyParts","METHOD","","package-private","","void","","@Test","","107"
"test","app/src/test/java/de/mkalb/etpetssim/simulations/conway/shared/ConwayTransitionRulesTest.java","de.mkalb.etpetssim.simulations.conway.shared","ConwayTransitionRulesTest","CLASS","testOfDisplayStringDeduplicatesDigits","METHOD","","package-private","","void","","@Test","","116"
"test","app/src/test/java/de/mkalb/etpetssim/simulations/conway/shared/ConwayTransitionRulesTest.java","de.mkalb.etpetssim.simulations.conway.shared","ConwayTransitionRulesTest","CLASS","testOfDisplayStringRejectsMissingSlash","METHOD","","package-private","","void","","@Test","","125"
"test","app/src/test/java/de/mkalb/etpetssim/simulations/conway/shared/ConwayTransitionRulesTest.java","de.mkalb.etpetssim.simulations.conway.shared","ConwayTransitionRulesTest","CLASS","testOfDisplayStringRejectsMultipleSlashes","METHOD","","package-private","","void","","@Test","","130"
"test","app/src/test/java/de/mkalb/etpetssim/simulations/conway/shared/ConwayTransitionRulesTest.java","de.mkalb.etpetssim.simulations.conway.shared","ConwayTransitionRulesTest","CLASS","testShouldSurviveReturnsTrueForMatchingCount","METHOD","","package-private","","void","","@Test","","137"
"test","app/src/test/java/de/mkalb/etpetssim/simulations/conway/shared/ConwayTransitionRulesTest.java","de.mkalb.etpetssim.simulations.conway.shared","ConwayTransitionRulesTest","CLASS","testShouldSurviveReturnsFalseForNonMatchingCount","METHOD","","package-private","","void","","@Test","","146"
"test","app/src/test/java/de/mkalb/etpetssim/simulations/conway/shared/ConwayTransitionRulesTest.java","de.mkalb.etpetssim.simulations.conway.shared","ConwayTransitionRulesTest","CLASS","testShouldSurviveReturnsFalseForEmptyRules","METHOD","","package-private","","void","","@Test","","156"
"test","app/src/test/java/de/mkalb/etpetssim/simulations/conway/shared/ConwayTransitionRulesTest.java","de.mkalb.etpetssim.simulations.conway.shared","ConwayTransitionRulesTest","CLASS","testShouldBeBornReturnsTrueForMatchingCount","METHOD","","package-private","","void","","@Test","","164"
"test","app/src/test/java/de/mkalb/etpetssim/simulations/conway/shared/ConwayTransitionRulesTest.java","de.mkalb.etpetssim.simulations.conway.shared","ConwayTransitionRulesTest","CLASS","testShouldBeBornReturnsFalseForNonMatchingCount","METHOD","","package-private","","void","","@Test","","170"
"test","app/src/test/java/de/mkalb/etpetssim/simulations/conway/shared/ConwayTransitionRulesTest.java","de.mkalb.etpetssim.simulations.conway.shared","ConwayTransitionRulesTest","CLASS","testShouldBeBornReturnsFalseForEmptyRules","METHOD","","package-private","","void","","@Test","","180"
"test","app/src/test/java/de/mkalb/etpetssim/simulations/conway/shared/ConwayTransitionRulesTest.java","de.mkalb.etpetssim.simulations.conway.shared","ConwayTransitionRulesTest","CLASS","testToDisplayStringReturnsCorrectFormat","METHOD","","package-private","","void","","@Test","","188"
"test","app/src/test/java/de/mkalb/etpetssim/simulations/conway/shared/ConwayTransitionRulesTest.java","de.mkalb.etpetssim.simulations.conway.shared","ConwayTransitionRulesTest","CLASS","testToDisplayStringIsRoundTrippable","METHOD","","package-private","","void","","@Test","","194"
"test","app/src/test/java/de/mkalb/etpetssim/simulations/conway/shared/ConwayTransitionRulesTest.java","de.mkalb.etpetssim.simulations.conway.shared","ConwayTransitionRulesTest","CLASS","testOfDisplayStringRoundTripsFromRules","METHOD","","package-private","","void","","@Test","","201"
"test","app/src/test/java/de/mkalb/etpetssim/simulations/conway/shared/ConwayTransitionRulesTest.java","de.mkalb.etpetssim.simulations.conway.shared","ConwayTransitionRulesTest","CLASS","testOfDisplayStringSilentlyIgnoresNonDigitCharacters","METHOD","","package-private","","void","","@Test","","208"
"test","app/src/test/java/de/mkalb/etpetssim/simulations/conway/shared/ConwayTransitionRulesTest.java","de.mkalb.etpetssim.simulations.conway.shared","ConwayTransitionRulesTest","CLASS","testToDisplayStringWithEmptySets","METHOD","","package-private","","void","","@Test","","216"
"test","app/src/test/java/de/mkalb/etpetssim/simulations/conway/shared/ConwayTransitionRulesTest.java","de.mkalb.etpetssim.simulations.conway.shared","ConwayTransitionRulesTest","CLASS","testToDisplayStringDigitsAreSorted","METHOD","","package-private","","void","","@Test","","222"
"test","app/src/test/java/de/mkalb/etpetssim/simulations/conway/shared/ConwayTransitionRulesTest.java","de.mkalb.etpetssim.simulations.conway.shared","ConwayTransitionRulesTest","CLASS","testEqualRulesAreEqual","METHOD","","package-private","","void","","@Test","","230"
"test","app/src/test/java/de/mkalb/etpetssim/simulations/conway/shared/ConwayTransitionRulesTest.java","de.mkalb.etpetssim.simulations.conway.shared","ConwayTransitionRulesTest","CLASS","testDifferentRulesAreNotEqual","METHOD","","package-private","","void","","@Test","","237"
"test","app/src/test/java/de/mkalb/etpetssim/simulations/conway/shared/ConwayTransitionRulesTest.java","de.mkalb.etpetssim.simulations.conway.shared","ConwayTransitionRulesTest","CLASS","testEqualRulesHaveSameHashCode","METHOD","","package-private","","void","","@Test","","244"
"test","app/src/test/java/de/mkalb/etpetssim/simulations/core/SimulationFactoryTest.java","de.mkalb.etpetssim.simulations.core","SimulationFactoryTest","CLASS","setUpBeforeAll","METHOD","","package-private","static","void","","@BeforeAll","","43"
"test","app/src/test/java/de/mkalb/etpetssim/simulations/core/SimulationFactoryTest.java","de.mkalb.etpetssim.simulations.core","SimulationFactoryTest","CLASS","createStage","METHOD","","private","static","Stage","","","","51"
"test","app/src/test/java/de/mkalb/etpetssim/simulations/core/SimulationFactoryTest.java","de.mkalb.etpetssim.simulations.core","SimulationFactoryTest","CLASS","createInstance","METHOD","SimulationType","private","static","SimulationInstance","","","","55"
"test","app/src/test/java/de/mkalb/etpetssim/simulations/core/SimulationFactoryTest.java","de.mkalb.etpetssim.simulations.core","SimulationFactoryTest","CLASS","testCreateInstanceAllTypesReturnNonNull","METHOD","","package-private","","void","","@Test","","63"
"test","app/src/test/java/de/mkalb/etpetssim/simulations/core/SimulationFactoryTest.java","de.mkalb.etpetssim.simulations.core","SimulationFactoryTest","CLASS","testCreateInstanceTypeMatchesRequestedType","METHOD","","package-private","","void","","@Test","","73"
"test","app/src/test/java/de/mkalb/etpetssim/simulations/core/SimulationFactoryTest.java","de.mkalb.etpetssim.simulations.core","SimulationFactoryTest","CLASS","testCreateInstanceViewIsNonNull","METHOD","","package-private","","void","","@Test","","84"
"test","app/src/test/java/de/mkalb/etpetssim/simulations/core/SimulationFactoryTest.java","de.mkalb.etpetssim.simulations.core","SimulationFactoryTest","CLASS","testCreateInstanceRegionIsNonNull","METHOD","","package-private","","void","","@Test","","93"
"test","app/src/test/java/de/mkalb/etpetssim/simulations/core/SimulationFactoryTest.java","de.mkalb.etpetssim.simulations.core","SimulationFactoryTest","CLASS","testCreateInstanceStartscreen","METHOD","","package-private","","void","","@Test","","104"
"test","app/src/test/java/de/mkalb/etpetssim/simulations/core/SimulationFactoryTest.java","de.mkalb.etpetssim.simulations.core","SimulationFactoryTest","CLASS","testCreateInstanceEtPets","METHOD","","package-private","","void","","@Test","","110"
"test","app/src/test/java/de/mkalb/etpetssim/simulations/core/SimulationFactoryTest.java","de.mkalb.etpetssim.simulations.core","SimulationFactoryTest","CLASS","testCreateInstanceWator","METHOD","","package-private","","void","","@Test","","116"
"test","app/src/test/java/de/mkalb/etpetssim/simulations/core/SimulationFactoryTest.java","de.mkalb.etpetssim.simulations.core","SimulationFactoryTest","CLASS","testCreateInstanceConwaysLife","METHOD","","package-private","","void","","@Test","","122"
"test","app/src/test/java/de/mkalb/etpetssim/simulations/core/SimulationFactoryTest.java","de.mkalb.etpetssim.simulations.core","SimulationFactoryTest","CLASS","testCreateInstanceLangtonsAnt","METHOD","","package-private","","void","","@Test","","128"
"test","app/src/test/java/de/mkalb/etpetssim/simulations/core/SimulationFactoryTest.java","de.mkalb.etpetssim.simulations.core","SimulationFactoryTest","CLASS","testCreateInstanceForestFire","METHOD","","package-private","","void","","@Test","","134"
"test","app/src/test/java/de/mkalb/etpetssim/simulations/core/SimulationFactoryTest.java","de.mkalb.etpetssim.simulations.core","SimulationFactoryTest","CLASS","testCreateInstanceSugarscape","METHOD","","package-private","","void","","@Test","","140"
"test","app/src/test/java/de/mkalb/etpetssim/simulations/core/SimulationFactoryTest.java","de.mkalb.etpetssim.simulations.core","SimulationFactoryTest","CLASS","testCreateInstanceSnake","METHOD","","package-private","","void","","@Test","","146"
"test","app/src/test/java/de/mkalb/etpetssim/simulations/core/SimulationFactoryTest.java","de.mkalb.etpetssim.simulations.core","SimulationFactoryTest","CLASS","testCreateInstanceReboundingEntities","METHOD","","package-private","","void","","@Test","","152"
"test","app/src/test/java/de/mkalb/etpetssim/simulations/core/SimulationFactoryTest.java","de.mkalb.etpetssim.simulations.core","SimulationFactoryTest","CLASS","testCreateInstanceSimulationLab","METHOD","","package-private","","void","","@Test","","158"
"test","app/src/test/java/de/mkalb/etpetssim/simulations/core/SimulationFactoryTest.java","de.mkalb.etpetssim.simulations.core","SimulationFactoryTest","CLASS","testCreateInstanceUsesExpectedMainViewForEverySimulationType","METHOD","","package-private","","void","","@Test","","166"
"test","app/src/test/java/de/mkalb/etpetssim/simulations/core/SimulationFactoryTest.java","de.mkalb.etpetssim.simulations.core","SimulationFactoryTest","CLASS","testAllSimulationTypesAreCoveredByFactory","METHOD","","package-private","","void","","@Test","","179"
"test","app/src/test/java/de/mkalb/etpetssim/simulations/core/SimulationFactoryTest.java","de.mkalb.etpetssim.simulations.core","SimulationFactoryTest","CLASS","testCreateInstanceStartscreenInvokesStageUpdater","METHOD","","package-private","","void","","@Test","","197"
"test","app/src/test/java/de/mkalb/etpetssim/simulations/core/SimulationInstanceTest.java","de.mkalb.etpetssim.simulations.core","SimulationInstanceTest","CLASS","setUpBeforeAll","METHOD","","package-private","static","void","","@BeforeAll","","19"
"test","app/src/test/java/de/mkalb/etpetssim/simulations/core/SimulationInstanceTest.java","de.mkalb.etpetssim.simulations.core","SimulationInstanceTest","CLASS","requireValue","METHOD","AtomicReference<@Nullable T>","private","static","T","","","T","24"
"test","app/src/test/java/de/mkalb/etpetssim/simulations/core/SimulationInstanceTest.java","de.mkalb.etpetssim.simulations.core","SimulationInstanceTest","CLASS","testRecordAccessorSimulationType","METHOD","","package-private","","void","","@Test","","30"
"test","app/src/test/java/de/mkalb/etpetssim/simulations/core/SimulationInstanceTest.java","de.mkalb.etpetssim.simulations.core","SimulationInstanceTest","CLASS","testRecordAccessorSimulationMainView","METHOD","","package-private","","void","","@Test","","39"
"test","app/src/test/java/de/mkalb/etpetssim/simulations/core/SimulationInstanceTest.java","de.mkalb.etpetssim.simulations.core","SimulationInstanceTest","CLASS","testRecordAccessorRegion","METHOD","","package-private","","void","","@Test","","53"
"test","app/src/test/java/de/mkalb/etpetssim/simulations/core/SimulationInstanceTest.java","de.mkalb.etpetssim.simulations.core","SimulationInstanceTest","CLASS","testOfFactoryAssignsType","METHOD","","package-private","","void","","@Test","","68"
"test","app/src/test/java/de/mkalb/etpetssim/simulations/core/SimulationInstanceTest.java","de.mkalb.etpetssim.simulations.core","SimulationInstanceTest","CLASS","testOfFactoryAssignsView","METHOD","","package-private","","void","","@Test","","77"
"test","app/src/test/java/de/mkalb/etpetssim/simulations/core/SimulationInstanceTest.java","de.mkalb.etpetssim.simulations.core","SimulationInstanceTest","CLASS","testOfFactoryDelegatesToBuildMainRegion","METHOD","","package-private","","void","","@Test","","91"
"test","app/src/test/java/de/mkalb/etpetssim/simulations/core/SimulationInstanceTest.java","de.mkalb.etpetssim.simulations.core","SimulationInstanceTest","CLASS","testOfFactoryRegionIsNonNull","METHOD","","package-private","","void","","@Test","","106"
"test","app/src/test/java/de/mkalb/etpetssim/simulations/core/SimulationInstanceTest.java","de.mkalb.etpetssim.simulations.core","SimulationInstanceTest","CLASS","testToDisplayStringFormat","METHOD","","package-private","","void","","@Test","","117"
"test","app/src/test/java/de/mkalb/etpetssim/simulations/core/SimulationInstanceTest.java","de.mkalb.etpetssim.simulations.core","SimulationInstanceTest","CLASS","testToDisplayStringContainsTypeName","METHOD","","package-private","","void","","@Test","","127"
"test","app/src/test/java/de/mkalb/etpetssim/simulations/core/SimulationInstanceTest.java","de.mkalb.etpetssim.simulations.core","SimulationInstanceTest","CLASS","testToDisplayStringContainsViewClassName","METHOD","","package-private","","void","","@Test","","137"
"test","app/src/test/java/de/mkalb/etpetssim/simulations/core/SimulationInstanceTest.java","de.mkalb.etpetssim.simulations.core","SimulationInstanceTest","CLASS","testToDisplayStringIsNonNull","METHOD","","package-private","","void","","@Test","","147"
"test","app/src/test/java/de/mkalb/etpetssim/simulations/core/SimulationInstanceTest.java","de.mkalb.etpetssim.simulations.core","SimulationInstanceTest","CLASS","testRecordEqualityForSameComponents","METHOD","","package-private","","void","","@Test","","159"
"test","app/src/test/java/de/mkalb/etpetssim/simulations/core/SimulationInstanceTest.java","de.mkalb.etpetssim.simulations.core","SimulationInstanceTest","CLASS","testRecordInequalityForDifferentType","METHOD","","package-private","","void","","@Test","","177"
"test","app/src/test/java/de/mkalb/etpetssim/simulations/core/SimulationInstanceTest.java","de.mkalb.etpetssim.simulations.core","SimulationInstanceTest","CLASS","testRecordInequalityForDifferentRegion","METHOD","","package-private","","void","","@Test","","190"
"test","app/src/test/java/de/mkalb/etpetssim/simulations/core/SimulationInstanceTest.java","de.mkalb.etpetssim.simulations.core","SimulationInstanceTest.StubMainView","RECORD","buildMainRegion","METHOD","","public","","Region","","@Override","","204"
"test","app/src/test/java/de/mkalb/etpetssim/simulations/core/SimulationInstanceTest.java","de.mkalb.etpetssim.simulations.core","SimulationInstanceTest.StubMainView","RECORD","shutdownSimulation","METHOD","","public","","SimulationTermination","","@Override","","209"
"test","app/src/test/java/de/mkalb/etpetssim/simulations/core/SimulationTerminationTest.java","de.mkalb.etpetssim.simulations.core","SimulationTerminationTest","CLASS","testCompletedReturnsSameInstance","METHOD","","package-private","","void","","@SuppressWarnings(""EqualsWithItself"") | @Test","","11"
"test","app/src/test/java/de/mkalb/etpetssim/simulations/core/SimulationTerminationTest.java","de.mkalb.etpetssim.simulations.core","SimulationTerminationTest","CLASS","testCompletedAwaitTerminationReturnsTrue","METHOD","","package-private","","void","InterruptedException","@Test","","17"
"test","app/src/test/java/de/mkalb/etpetssim/simulations/core/SimulationTerminationTest.java","de.mkalb.etpetssim.simulations.core","SimulationTerminationTest","CLASS","testCompletedShutdownNowDoesNothing","METHOD","","package-private","","void","","@Test","","22"
"test","app/src/test/java/de/mkalb/etpetssim/simulations/core/model/ExtremaGoldenValueAnalyzer.java","de.mkalb.etpetssim.simulations.core.model","ExtremaGoldenValueAnalyzer","CLASS","<init>","CONSTRUCTOR","","private","","","","","","31"
"test","app/src/test/java/de/mkalb/etpetssim/simulations/core/model/ExtremaGoldenValueAnalyzer.java","de.mkalb.etpetssim.simulations.core.model","ExtremaGoldenValueAnalyzer","CLASS","main","METHOD","","package-private","static","void","","","","34"
"test","app/src/test/java/de/mkalb/etpetssim/simulations/core/model/ExtremaGoldenValueAnalyzer.java","de.mkalb.etpetssim.simulations.core.model","ExtremaGoldenValueAnalyzer","CLASS","captureValues","METHOD","","private","static","String","","","","39"
"test","app/src/test/java/de/mkalb/etpetssim/simulations/core/model/ExtremaGoldenValueAnalyzer.java","de.mkalb.etpetssim.simulations.core.model","ExtremaGoldenValueAnalyzer","CLASS","createConwayConfig","METHOD","","private","static","ConwayConfig","","","","47"
"test","app/src/test/java/de/mkalb/etpetssim/simulations/core/model/ExtremaGoldenValueAnalyzer.java","de.mkalb.etpetssim.simulations.core.model","ExtremaGoldenValueAnalyzer","CLASS","createForestConfig","METHOD","","private","static","ForestConfig","","","","62"
"test","app/src/test/java/de/mkalb/etpetssim/simulations/core/model/ExtremaGoldenValueAnalyzer.java","de.mkalb.etpetssim.simulations.core.model","ExtremaGoldenValueAnalyzer","CLASS","createWatorConfig","METHOD","","private","static","WatorConfig","","","","78"
"test","app/src/test/java/de/mkalb/etpetssim/simulations/core/model/ExtremaGoldenValueAnalyzer.java","de.mkalb.etpetssim.simulations.core.model","ExtremaGoldenValueAnalyzer","CLASS","minimumValue","METHOD","StatisticExtrema, String","private","static","int","","","","103"
"test","app/src/test/java/de/mkalb/etpetssim/simulations/core/model/ExtremaGoldenValueAnalyzer.java","de.mkalb.etpetssim.simulations.core.model","ExtremaGoldenValueAnalyzer","CLASS","maximumValue","METHOD","StatisticExtrema, String","private","static","int","","","","107"
"test","app/src/test/java/de/mkalb/etpetssim/simulations/core/model/ExtremaGoldenValueAnalyzer.java","de.mkalb.etpetssim.simulations.core.model","ExtremaGoldenValueAnalyzer","CLASS","appendConway","METHOD","StringBuilder","private","static","void","","","","111"
"test","app/src/test/java/de/mkalb/etpetssim/simulations/core/model/ExtremaGoldenValueAnalyzer.java","de.mkalb.etpetssim.simulations.core.model","ExtremaGoldenValueAnalyzer","CLASS","appendForest","METHOD","StringBuilder","private","static","void","","","","122"
"test","app/src/test/java/de/mkalb/etpetssim/simulations/core/model/ExtremaGoldenValueAnalyzer.java","de.mkalb.etpetssim.simulations.core.model","ExtremaGoldenValueAnalyzer","CLASS","appendWator","METHOD","StringBuilder","private","static","void","","","","134"
"test","app/src/test/java/de/mkalb/etpetssim/simulations/core/model/NoUserActionTest.java","de.mkalb.etpetssim.simulations.core.model","NoUserActionTest","CLASS","createConfig","METHOD","","private","static","ForestConfig","","","","14"
"test","app/src/test/java/de/mkalb/etpetssim/simulations/core/model/NoUserActionTest.java","de.mkalb.etpetssim.simulations.core.model","NoUserActionTest","CLASS","selectedCell","METHOD","ForestSimulationManager, GridCoordinate","private","static","GridCell<ForestEntity>","","","","30"
"test","app/src/test/java/de/mkalb/etpetssim/simulations/core/model/NoUserActionTest.java","de.mkalb.etpetssim.simulations.core.model","NoUserActionTest","CLASS","testApplyDoesNotMutateStateWithSelectedCell","METHOD","","package-private","","void","","@Test","","34"
"test","app/src/test/java/de/mkalb/etpetssim/simulations/core/model/NoUserActionTest.java","de.mkalb.etpetssim.simulations.core.model","NoUserActionTest","CLASS","testApplyDoesNotMutateStateWithoutSelectedCell","METHOD","","package-private","","void","","@Test","","51"
"test","app/src/test/java/de/mkalb/etpetssim/simulations/core/model/SimulationConfigTest.java","de.mkalb.etpetssim.simulations.core.model","SimulationConfigTest","CLASS","createConfig","METHOD","int, int, double","private","static","TestSimulationConfig","","","","27"
"test","app/src/test/java/de/mkalb/etpetssim/simulations/core/model/SimulationConfigTest.java","de.mkalb.etpetssim.simulations.core.model","SimulationConfigTest","CLASS","testCreateDerivedGridValues","METHOD","","package-private","","void","","@Test","","39"
"test","app/src/test/java/de/mkalb/etpetssim/simulations/core/model/SimulationConfigTest.java","de.mkalb.etpetssim.simulations.core.model","SimulationConfigTest","CLASS","testComputeCellCountReturnsProduct","METHOD","","package-private","","void","","@Test","","57"
"test","app/src/test/java/de/mkalb/etpetssim/simulations/core/model/SimulationConfigTest.java","de.mkalb.etpetssim.simulations.core.model","SimulationConfigTest","CLASS","testComputeCellCountRejectsOverflow","METHOD","","package-private","","void","","@Test","","64"
"test","app/src/test/java/de/mkalb/etpetssim/simulations/core/model/SimulationConfigTest.java","de.mkalb.etpetssim.simulations.core.model","SimulationConfigTest","CLASS","testIsInRangeDoubleUsesInclusiveBounds","METHOD","","package-private","","void","","@Test","","71"
"test","app/src/test/java/de/mkalb/etpetssim/simulations/core/model/SimulationConfigTest.java","de.mkalb.etpetssim.simulations.core.model","SimulationConfigTest","CLASS","testIsInRangeIntUsesInclusiveBounds","METHOD","","package-private","","void","","@Test","","83"
"test","app/src/test/java/de/mkalb/etpetssim/simulations/core/model/SimulationConfigTest.java","de.mkalb.etpetssim.simulations.core.model","SimulationConfigTest","CLASS","testIsValidRejectsInvalidBaseSettings","METHOD","","package-private","","void","","@Test","","95"
"test","app/src/test/java/de/mkalb/etpetssim/simulations/core/model/SimulationConfigTest.java","de.mkalb.etpetssim.simulations.core.model","SimulationConfigTest","CLASS","testIsValidDelegatesToBaseValidation","METHOD","","package-private","","void","","@Test","","106"
"test","app/src/test/java/de/mkalb/etpetssim/simulations/core/model/SimulationConfigTest.java","de.mkalb.etpetssim.simulations.core.model","SimulationConfigTest","CLASS","testHasAllowedCoreSelectionsChecksConfiguredCoreValues","METHOD","","package-private","","void","","@Test","","119"
"test","app/src/test/java/de/mkalb/etpetssim/simulations/core/model/SimulationConfigTest.java","de.mkalb.etpetssim.simulations.core.model","SimulationConfigTest","CLASS","testIsAllowedSelectionUsesMembership","METHOD","","package-private","","void","","@Test","","137"
"test","app/src/test/java/de/mkalb/etpetssim/simulations/core/model/SimulationConfigTest.java","de.mkalb.etpetssim.simulations.core.model","SimulationConfigTest","CLASS","testHasExpectedSelectionComparesConfiguredAndExpectedValues","METHOD","","package-private","","void","","@Test","","149"
"test","app/src/test/java/de/mkalb/etpetssim/simulations/core/model/SimulationInitializationCancellationTest.java","de.mkalb.etpetssim.simulations.core.model","SimulationInitializationCancellationTest","CLASS","testCanceledExceptionContract","METHOD","","package-private","","void","","@Test","","9"
"test","app/src/test/java/de/mkalb/etpetssim/simulations/core/model/SimulationInitializationCancellationTest.java","de.mkalb.etpetssim.simulations.core.model","SimulationInitializationCancellationTest","CLASS","testNoneDoesNotCancel","METHOD","","package-private","","void","","@Test","","21"
"test","app/src/test/java/de/mkalb/etpetssim/simulations/core/model/SimulationInitializationCancellationTest.java","de.mkalb.etpetssim.simulations.core.model","SimulationInitializationCancellationTest","CLASS","testInterruptionAwareDoesNotCancelWhenThreadIsNotInterrupted","METHOD","","package-private","","void","","@Test","","26"
"test","app/src/test/java/de/mkalb/etpetssim/simulations/core/model/SimulationInitializationCancellationTest.java","de.mkalb.etpetssim.simulations.core.model","SimulationInitializationCancellationTest","CLASS","testInterruptionAwareCancelsWhenThreadIsInterrupted","METHOD","","package-private","","void","","@Test","","32"
"test","app/src/test/java/de/mkalb/etpetssim/simulations/core/model/StatisticChartGroupTest.java","de.mkalb.etpetssim.simulations.core.model","StatisticChartGroupTest","CLASS","testEnumValues","METHOD","","package-private","","void","","@Test","","9"
"test","app/src/test/java/de/mkalb/etpetssim/simulations/core/model/StatisticChartGroupTest.java","de.mkalb.etpetssim.simulations.core.model","StatisticChartGroupTest","CLASS","testEnumCount","METHOD","","package-private","","void","","@Test","","16"
"test","app/src/test/java/de/mkalb/etpetssim/simulations/core/model/StatisticChartGroupTest.java","de.mkalb.etpetssim.simulations.core.model","StatisticChartGroupTest","CLASS","testDeclarationOrder","METHOD","","package-private","","void","","@Test","","21"
"test","app/src/test/java/de/mkalb/etpetssim/simulations/core/model/StatisticChartGroupTest.java","de.mkalb.etpetssim.simulations.core.model","StatisticChartGroupTest","CLASS","testValueOfInvalidThrows","METHOD","","package-private","","void","","@Test","","33"
"test","app/src/test/java/de/mkalb/etpetssim/simulations/core/model/StatisticChartGroupTest.java","de.mkalb.etpetssim.simulations.core.model","StatisticChartGroupTest","CLASS","testValueOfNullThrows","METHOD","","package-private","","void","","@Test","","42"
"test","app/src/test/java/de/mkalb/etpetssim/simulations/core/model/StatisticExtremaModeTest.java","de.mkalb.etpetssim.simulations.core.model","StatisticExtremaModeTest","CLASS","testEnumValues","METHOD","","package-private","","void","","@Test","","9"
"test","app/src/test/java/de/mkalb/etpetssim/simulations/core/model/StatisticExtremaModeTest.java","de.mkalb.etpetssim.simulations.core.model","StatisticExtremaModeTest","CLASS","testEnumCount","METHOD","","package-private","","void","","@Test","","17"
"test","app/src/test/java/de/mkalb/etpetssim/simulations/core/model/StatisticExtremaModeTest.java","de.mkalb.etpetssim.simulations.core.model","StatisticExtremaModeTest","CLASS","testDeclarationOrder","METHOD","","package-private","","void","","@Test","","22"
"test","app/src/test/java/de/mkalb/etpetssim/simulations/core/model/StatisticExtremaModeTest.java","de.mkalb.etpetssim.simulations.core.model","StatisticExtremaModeTest","CLASS","testValueOfInvalidThrows","METHOD","","package-private","","void","","@Test","","35"
"test","app/src/test/java/de/mkalb/etpetssim/simulations/core/model/StatisticExtremaModeTest.java","de.mkalb.etpetssim.simulations.core.model","StatisticExtremaModeTest","CLASS","testValueOfNullThrows","METHOD","","package-private","","void","","@Test","","44"
"test","app/src/test/java/de/mkalb/etpetssim/simulations/core/model/StatisticExtremaModeTest.java","de.mkalb.etpetssim.simulations.core.model","StatisticExtremaModeTest","CLASS","testTracksMinimum","METHOD","","package-private","","void","","@Test","","53"
"test","app/src/test/java/de/mkalb/etpetssim/simulations/core/model/StatisticExtremaModeTest.java","de.mkalb.etpetssim.simulations.core.model","StatisticExtremaModeTest","CLASS","testTracksMaximum","METHOD","","package-private","","void","","@Test","","63"
"test","app/src/test/java/de/mkalb/etpetssim/simulations/core/model/StatisticExtremaTest.java","de.mkalb.etpetssim.simulations.core.model","StatisticExtremaTest","CLASS","testConstructorDefensivelyCopiesMapsAndPreservesOrder","METHOD","","package-private","","void","","@Test","","12"
"test","app/src/test/java/de/mkalb/etpetssim/simulations/core/model/StatisticExtremaTest.java","de.mkalb.etpetssim.simulations.core.model","StatisticExtremaTest","CLASS","testMinimumValuesIsUnmodifiable","METHOD","","package-private","","void","","@Test","","35"
"test","app/src/test/java/de/mkalb/etpetssim/simulations/core/model/StatisticExtremaTest.java","de.mkalb.etpetssim.simulations.core.model","StatisticExtremaTest","CLASS","testMaximumValuesIsUnmodifiable","METHOD","","package-private","","void","","@Test","","45"
"test","app/src/test/java/de/mkalb/etpetssim/simulations/core/model/StatisticExtremaTest.java","de.mkalb.etpetssim.simulations.core.model","StatisticExtremaTest","CLASS","testEmptyHasNoValues","METHOD","","package-private","","void","","@Test","","55"
"test","app/src/test/java/de/mkalb/etpetssim/simulations/core/model/StatisticExtremaTest.java","de.mkalb.etpetssim.simulations.core.model","StatisticExtremaTest","CLASS","testConstructorRejectsNullMaps","METHOD","","package-private","","void","","@SuppressWarnings(""DataFlowIssue"") | @Test","","65"
"test","app/src/test/java/de/mkalb/etpetssim/simulations/core/model/StatisticExtremaTrackerTest.java","de.mkalb.etpetssim.simulations.core.model","StatisticExtremaTrackerTest","CLASS","createCountTracker","METHOD","","private","static","StatisticExtremaTracker","","","","12"
"test","app/src/test/java/de/mkalb/etpetssim/simulations/core/model/StatisticExtremaTrackerTest.java","de.mkalb.etpetssim.simulations.core.model","StatisticExtremaTrackerTest","CLASS","testUpdateRespectsExtremaModes","METHOD","","package-private","","void","","@Test","","18"
"test","app/src/test/java/de/mkalb/etpetssim/simulations/core/model/StatisticExtremaTrackerTest.java","de.mkalb.etpetssim.simulations.core.model","StatisticExtremaTrackerTest","CLASS","testConstructorRejectsDuplicateMetricKeys","METHOD","","package-private","","void","","@Test","","47"
"test","app/src/test/java/de/mkalb/etpetssim/simulations/core/model/StatisticExtremaTrackerTest.java","de.mkalb.etpetssim.simulations.core.model","StatisticExtremaTrackerTest","CLASS","testEqualValuesKeepFirstStepCount","METHOD","","package-private","","void","","@Test","","56"
"test","app/src/test/java/de/mkalb/etpetssim/simulations/core/model/StatisticExtremaTrackerTest.java","de.mkalb.etpetssim.simulations.core.model","StatisticExtremaTrackerTest","CLASS","testSnapshotIsUnaffectedByLaterUpdates","METHOD","","package-private","","void","","@Test","","70"
"test","app/src/test/java/de/mkalb/etpetssim/simulations/core/model/StatisticExtremaTrackerTest.java","de.mkalb.etpetssim.simulations.core.model","StatisticExtremaTrackerTest","CLASS","testUpdateSkipsNaNValues","METHOD","","package-private","","void","","@Test","","85"
"test","app/src/test/java/de/mkalb/etpetssim/simulations/core/model/StatisticExtremaTrackerTest.java","de.mkalb.etpetssim.simulations.core.model","StatisticExtremaTrackerTest","CLASS","testUpdateSkipsPositiveInfinityValues","METHOD","","package-private","","void","","@Test","","101"
"test","app/src/test/java/de/mkalb/etpetssim/simulations/core/model/StatisticExtremaTrackerTest.java","de.mkalb.etpetssim.simulations.core.model","StatisticExtremaTrackerTest","CLASS","testUpdateSkipsNegativeInfinityValues","METHOD","","package-private","","void","","@Test","","117"
"test","app/src/test/java/de/mkalb/etpetssim/simulations/core/model/StatisticExtremumTest.java","de.mkalb.etpetssim.simulations.core.model","StatisticExtremumTest","CLASS","testRecordComponents","METHOD","","package-private","","void","","@Test","","10"
"test","app/src/test/java/de/mkalb/etpetssim/simulations/core/model/StatisticExtremumTest.java","de.mkalb.etpetssim.simulations.core.model","StatisticExtremumTest","CLASS","testConstructorAcceptsZeroStepCount","METHOD","","package-private","","void","","@Test","","20"
"test","app/src/test/java/de/mkalb/etpetssim/simulations/core/model/StatisticExtremumTest.java","de.mkalb.etpetssim.simulations.core.model","StatisticExtremumTest","CLASS","testConstructorRejectsNonFiniteValues","METHOD","","package-private","","void","","@Test","","27"
"test","app/src/test/java/de/mkalb/etpetssim/simulations/core/model/StatisticExtremumTest.java","de.mkalb.etpetssim.simulations.core.model","StatisticExtremumTest","CLASS","testConstructorRejectsNegativeStepCount","METHOD","","package-private","","void","","@Test","","45"
"test","app/src/test/java/de/mkalb/etpetssim/simulations/core/model/StatisticExtremumTest.java","de.mkalb.etpetssim.simulations.core.model","StatisticExtremumTest","CLASS","testIntValueUsesNarrowingConversion","METHOD","","package-private","","void","","@Test","","55"
"test","app/src/test/java/de/mkalb/etpetssim/simulations/core/model/StatisticHistoryTest.java","de.mkalb.etpetssim.simulations.core.model","StatisticHistoryTest","CLASS","sample","METHOD","int","private","static","StatisticSample","","","","12"
"test","app/src/test/java/de/mkalb/etpetssim/simulations/core/model/StatisticHistoryTest.java","de.mkalb.etpetssim.simulations.core.model","StatisticHistoryTest","CLASS","testDefaultConstructorUsesDefaultCapacity","METHOD","","package-private","","void","","@Test","","16"
"test","app/src/test/java/de/mkalb/etpetssim/simulations/core/model/StatisticHistoryTest.java","de.mkalb.etpetssim.simulations.core.model","StatisticHistoryTest","CLASS","testConstructorUsesCapacity","METHOD","","package-private","","void","","@Test","","23"
"test","app/src/test/java/de/mkalb/etpetssim/simulations/core/model/StatisticHistoryTest.java","de.mkalb.etpetssim.simulations.core.model","StatisticHistoryTest","CLASS","testConstructorRejectsNonPositiveCapacity","METHOD","","package-private","","void","","@Test","","30"
"test","app/src/test/java/de/mkalb/etpetssim/simulations/core/model/StatisticHistoryTest.java","de.mkalb.etpetssim.simulations.core.model","StatisticHistoryTest","CLASS","testInitialStateIsEmpty","METHOD","","package-private","","void","","@Test","","38"
"test","app/src/test/java/de/mkalb/etpetssim/simulations/core/model/StatisticHistoryTest.java","de.mkalb.etpetssim.simulations.core.model","StatisticHistoryTest","CLASS","testAddEvictsOldestSampleAtCapacity","METHOD","","package-private","","void","","@Test","","48"
"test","app/src/test/java/de/mkalb/etpetssim/simulations/core/model/StatisticHistoryTest.java","de.mkalb.etpetssim.simulations.core.model","StatisticHistoryTest","CLASS","testAsListReturnsImmutableSnapshot","METHOD","","package-private","","void","","@SuppressWarnings(""DataFlowIssue"") | @Test","","65"
"test","app/src/test/java/de/mkalb/etpetssim/simulations/core/model/StatisticHistoryTest.java","de.mkalb.etpetssim.simulations.core.model","StatisticHistoryTest","CLASS","testAsListReturnsIndependentSnapshot","METHOD","","package-private","","void","","@Test","","76"
"test","app/src/test/java/de/mkalb/etpetssim/simulations/core/model/StatisticHistoryTest.java","de.mkalb.etpetssim.simulations.core.model","StatisticHistoryTest","CLASS","testClearRemovesSamples","METHOD","","package-private","","void","","@Test","","91"
"test","app/src/test/java/de/mkalb/etpetssim/simulations/core/model/StatisticMetricLabelKeyTest.java","de.mkalb.etpetssim.simulations.core.model","StatisticMetricLabelKeyTest","CLASS","loadMainPropertyKeys","METHOD","String","private","static","Set<String>","IOException","","","23"
"test","app/src/test/java/de/mkalb/etpetssim/simulations/core/model/StatisticMetricLabelKeyTest.java","de.mkalb.etpetssim.simulations.core.model","StatisticMetricLabelKeyTest","CLASS","allLabelKeys","METHOD","","private","static","List<String>","","","","39"
"test","app/src/test/java/de/mkalb/etpetssim/simulations/core/model/StatisticMetricLabelKeyTest.java","de.mkalb.etpetssim.simulations.core.model","StatisticMetricLabelKeyTest","CLASS","testAllLabelKeysResolveInEnglishBundle","METHOD","","package-private","","void","IOException","@Test","","56"
"test","app/src/test/java/de/mkalb/etpetssim/simulations/core/model/StatisticMetricLabelKeyTest.java","de.mkalb.etpetssim.simulations.core.model","StatisticMetricLabelKeyTest","CLASS","testAllLabelKeysResolveInGermanBundle","METHOD","","package-private","","void","IOException","@Test","","66"
"test","app/src/test/java/de/mkalb/etpetssim/simulations/core/model/StatisticMetricRowTest.java","de.mkalb.etpetssim.simulations.core.model","StatisticMetricRowTest","CLASS","assertMetricLayout","METHOD","List<? extends StatisticMetric<?>>, ExpectedMetric...","private","static","void","","","","21"
"test","app/src/test/java/de/mkalb/etpetssim/simulations/core/model/StatisticMetricRowTest.java","de.mkalb.etpetssim.simulations.core.model","StatisticMetricRowTest","CLASS","assertChartWindowSizes","METHOD","List<? extends StatisticMetric<?>>, int...","private","static","void","","","","31"
"test","app/src/test/java/de/mkalb/etpetssim/simulations/core/model/StatisticMetricRowTest.java","de.mkalb.etpetssim.simulations.core.model","StatisticMetricRowTest","CLASS","testConwayMetricRowLayout","METHOD","","package-private","","void","","@Test","","40"
"test","app/src/test/java/de/mkalb/etpetssim/simulations/core/model/StatisticMetricRowTest.java","de.mkalb.etpetssim.simulations.core.model","StatisticMetricRowTest","CLASS","testForestMetricRowLayout","METHOD","","package-private","","void","","@Test","","53"
"test","app/src/test/java/de/mkalb/etpetssim/simulations/core/model/StatisticMetricRowTest.java","de.mkalb.etpetssim.simulations.core.model","StatisticMetricRowTest","CLASS","testWatorMetricRowLayout","METHOD","","package-private","","void","","@Test","","66"
"test","app/src/test/java/de/mkalb/etpetssim/simulations/core/model/StatisticMetricRowTest.java","de.mkalb.etpetssim.simulations.core.model","StatisticMetricRowTest","CLASS","testEtpetsMetricRowLayout","METHOD","","package-private","","void","","@Test","","77"
"test","app/src/test/java/de/mkalb/etpetssim/simulations/core/model/StatisticMetricRowTest.java","de.mkalb.etpetssim.simulations.core.model","StatisticMetricRowTest","CLASS","testSnakeMetricRowLayout","METHOD","","package-private","","void","","@Test","","90"
"test","app/src/test/java/de/mkalb/etpetssim/simulations/core/model/StatisticMetricRowTest.java","de.mkalb.etpetssim.simulations.core.model","StatisticMetricRowTest","CLASS","testSugarMetricRowLayout","METHOD","","package-private","","void","","@Test","","107"
"test","app/src/test/java/de/mkalb/etpetssim/simulations/core/model/StatisticMetricRowTest.java","de.mkalb.etpetssim.simulations.core.model","StatisticMetricRowTest","CLASS","testReboundingMetricRowLayout","METHOD","","package-private","","void","","@Test","","118"
"test","app/src/test/java/de/mkalb/etpetssim/simulations/core/model/StatisticMetricRowTest.java","de.mkalb.etpetssim.simulations.core.model","StatisticMetricRowTest","CLASS","testLangtonMetricRowLayout","METHOD","","package-private","","void","","@Test","","129"
"test","app/src/test/java/de/mkalb/etpetssim/simulations/core/model/StatisticMetricRowTest.java","de.mkalb.etpetssim.simulations.core.model","StatisticMetricRowTest","CLASS","testMetricChartWindowSizes","METHOD","","package-private","","void","","@Test","","140"
"test","app/src/test/java/de/mkalb/etpetssim/simulations/core/model/StatisticMetricRowTest.java","de.mkalb.etpetssim.simulations.core.model","StatisticMetricRowTest","CLASS","testChartedMetricsShareWindowSizeWithinGroup","METHOD","","package-private","","void","","@Test","","153"
"test","app/src/test/java/de/mkalb/etpetssim/simulations/core/model/StatisticMetricTest.java","de.mkalb.etpetssim.simulations.core.model","StatisticMetricTest","CLASS","testCanonicalConstructorStoresComponentsAndExtractsValue","METHOD","","package-private","","void","","@Test","","11"
"test","app/src/test/java/de/mkalb/etpetssim/simulations/core/model/StatisticMetricTest.java","de.mkalb.etpetssim.simulations.core.model","StatisticMetricTest","CLASS","testFourArgumentConstructorCreatesUnchartedMetric","METHOD","","package-private","","void","","@Test","","33"
"test","app/src/test/java/de/mkalb/etpetssim/simulations/core/model/StatisticMetricTest.java","de.mkalb.etpetssim.simulations.core.model","StatisticMetricTest","CLASS","testFiveArgumentConstructorUsesDefaultWindowForChartedMetric","METHOD","","package-private","","void","","@Test","","45"
"test","app/src/test/java/de/mkalb/etpetssim/simulations/core/model/StatisticMetricTest.java","de.mkalb.etpetssim.simulations.core.model","StatisticMetricTest","CLASS","testFiveArgumentConstructorUsesZeroWindowForUnchartedMetric","METHOD","","package-private","","void","","@Test","","58"
"test","app/src/test/java/de/mkalb/etpetssim/simulations/core/model/StatisticMetricTest.java","de.mkalb.etpetssim.simulations.core.model","StatisticMetricTest","CLASS","testConstructorRejectsBlankKey","METHOD","","package-private","","void","","@Test","","71"
"test","app/src/test/java/de/mkalb/etpetssim/simulations/core/model/StatisticMetricTest.java","de.mkalb.etpetssim.simulations.core.model","StatisticMetricTest","CLASS","testConstructorRejectsBlankLabelKey","METHOD","","package-private","","void","","@Test","","83"
"test","app/src/test/java/de/mkalb/etpetssim/simulations/core/model/StatisticMetricTest.java","de.mkalb.etpetssim.simulations.core.model","StatisticMetricTest","CLASS","testConstructorRejectsNonZeroWindowForUnchartedMetric","METHOD","","package-private","","void","","@Test","","95"
"test","app/src/test/java/de/mkalb/etpetssim/simulations/core/model/StatisticMetricTest.java","de.mkalb.etpetssim.simulations.core.model","StatisticMetricTest","CLASS","testConstructorRejectsNonPositiveWindowForChartedMetric","METHOD","","package-private","","void","","@Test","","109"
"test","app/src/test/java/de/mkalb/etpetssim/simulations/core/model/StatisticMetricTest.java","de.mkalb.etpetssim.simulations.core.model","StatisticMetricTest.TestStatistics","RECORD","getStepCount","METHOD","","public","","int","","@Override","","125"
"test","app/src/test/java/de/mkalb/etpetssim/simulations/core/model/StatisticMetricTest.java","de.mkalb.etpetssim.simulations.core.model","StatisticMetricTest.TestStatistics","RECORD","getGridStructure","METHOD","","public","","GridStructure","","@Override","","130"
"test","app/src/test/java/de/mkalb/etpetssim/simulations/core/model/StatisticSampleTest.java","de.mkalb.etpetssim.simulations.core.model","StatisticSampleTest","CLASS","testRecordComponents","METHOD","","package-private","","void","","@Test","","13"
"test","app/src/test/java/de/mkalb/etpetssim/simulations/core/model/StatisticSampleTest.java","de.mkalb.etpetssim.simulations.core.model","StatisticSampleTest","CLASS","testConstructorAcceptsZeroStepCount","METHOD","","package-private","","void","","@Test","","25"
"test","app/src/test/java/de/mkalb/etpetssim/simulations/core/model/StatisticSampleTest.java","de.mkalb.etpetssim.simulations.core.model","StatisticSampleTest","CLASS","testConstructorRejectsNegativeStepCount","METHOD","","package-private","","void","","@Test","","32"
"test","app/src/test/java/de/mkalb/etpetssim/simulations/core/model/StatisticSampleTest.java","de.mkalb.etpetssim.simulations.core.model","StatisticSampleTest","CLASS","testConstructorDefensivelyCopiesValuesAndPreservesOrder","METHOD","","package-private","","void","","@Test","","42"
"test","app/src/test/java/de/mkalb/etpetssim/simulations/core/model/StatisticSampleTest.java","de.mkalb.etpetssim.simulations.core.model","StatisticSampleTest","CLASS","testValuesIsUnmodifiable","METHOD","","package-private","","void","","@Test","","58"
"test","app/src/test/java/de/mkalb/etpetssim/simulations/core/model/StatisticSampleTest.java","de.mkalb.etpetssim.simulations.core.model","StatisticSampleTest","CLASS","testConstructorPreservesNaNSentinel","METHOD","","package-private","","void","","@Test","","68"
"test","app/src/test/java/de/mkalb/etpetssim/simulations/core/model/TimedStatisticsTrackingTest.java","de.mkalb.etpetssim.simulations.core.model","TimedStatisticsTrackingTest","CLASS","createConwayConfig","METHOD","","private","static","ConwayConfig","","","","24"
"test","app/src/test/java/de/mkalb/etpetssim/simulations/core/model/TimedStatisticsTrackingTest.java","de.mkalb.etpetssim.simulations.core.model","TimedStatisticsTrackingTest","CLASS","createForestConfig","METHOD","","private","static","ForestConfig","","","","39"
"test","app/src/test/java/de/mkalb/etpetssim/simulations/core/model/TimedStatisticsTrackingTest.java","de.mkalb.etpetssim.simulations.core.model","TimedStatisticsTrackingTest","CLASS","createWatorConfig","METHOD","","private","static","WatorConfig","","","","55"
"test","app/src/test/java/de/mkalb/etpetssim/simulations/core/model/TimedStatisticsTrackingTest.java","de.mkalb.etpetssim.simulations.core.model","TimedStatisticsTrackingTest","CLASS","createEtpetsConfig","METHOD","","private","static","EtpetsConfig","","","","80"
"test","app/src/test/java/de/mkalb/etpetssim/simulations/core/model/TimedStatisticsTrackingTest.java","de.mkalb.etpetssim.simulations.core.model","TimedStatisticsTrackingTest","CLASS","createEtpetsConfig","METHOD","int, int, double","private","static","EtpetsConfig","","","","87"
"test","app/src/test/java/de/mkalb/etpetssim/simulations/core/model/TimedStatisticsTrackingTest.java","de.mkalb.etpetssim.simulations.core.model","TimedStatisticsTrackingTest","CLASS","createSnakeConfig","METHOD","","private","static","SnakeConfig","","","","105"
"test","app/src/test/java/de/mkalb/etpetssim/simulations/core/model/TimedStatisticsTrackingTest.java","de.mkalb.etpetssim.simulations.core.model","TimedStatisticsTrackingTest","CLASS","createSugarConfig","METHOD","","private","static","SugarConfig","","","","126"
"test","app/src/test/java/de/mkalb/etpetssim/simulations/core/model/TimedStatisticsTrackingTest.java","de.mkalb.etpetssim.simulations.core.model","TimedStatisticsTrackingTest","CLASS","createReboundingConfig","METHOD","","private","static","ReboundingConfig","","","","149"
"test","app/src/test/java/de/mkalb/etpetssim/simulations/core/model/TimedStatisticsTrackingTest.java","de.mkalb.etpetssim.simulations.core.model","TimedStatisticsTrackingTest","CLASS","cancellationOnCheck","METHOD","int","private","static","SimulationInitializationCancellation","","","","164"
"test","app/src/test/java/de/mkalb/etpetssim/simulations/core/model/TimedStatisticsTrackingTest.java","de.mkalb.etpetssim.simulations.core.model","TimedStatisticsTrackingTest","CLASS","createLangtonConfig","METHOD","","private","static","LangtonConfig","","","","173"
"test","app/src/test/java/de/mkalb/etpetssim/simulations/core/model/TimedStatisticsTrackingTest.java","de.mkalb.etpetssim.simulations.core.model","TimedStatisticsTrackingTest","CLASS","createLabConfig","METHOD","","private","static","LabConfig","","","","187"
"test","app/src/test/java/de/mkalb/etpetssim/simulations/core/model/TimedStatisticsTrackingTest.java","de.mkalb.etpetssim.simulations.core.model","TimedStatisticsTrackingTest","CLASS","assertStepZeroSample","METHOD","AbstractTimedSimulationManager<?, ?, ?, STA>, List<StatisticMetric<STA>>","private","static","void","","","STA extends TimedSimulationStatistics","201"
"test","app/src/test/java/de/mkalb/etpetssim/simulations/core/model/TimedStatisticsTrackingTest.java","de.mkalb.etpetssim.simulations.core.model","TimedStatisticsTrackingTest","CLASS","testEtpetsInitializationHonorsCancellationDuringTerrainPopulation","METHOD","","package-private","","void","","@Test","","216"
"test","app/src/test/java/de/mkalb/etpetssim/simulations/core/model/TimedStatisticsTrackingTest.java","de.mkalb.etpetssim.simulations.core.model","TimedStatisticsTrackingTest","CLASS","testConwayInitializationHonorsCancellationDuringGridPopulation","METHOD","","package-private","","void","","@Test","","225"
"test","app/src/test/java/de/mkalb/etpetssim/simulations/core/model/TimedStatisticsTrackingTest.java","de.mkalb.etpetssim.simulations.core.model","TimedStatisticsTrackingTest","CLASS","testForestInitializationHonorsCancellationDuringGridPopulation","METHOD","","package-private","","void","","@Test","","232"
"test","app/src/test/java/de/mkalb/etpetssim/simulations/core/model/TimedStatisticsTrackingTest.java","de.mkalb.etpetssim.simulations.core.model","TimedStatisticsTrackingTest","CLASS","testLangtonInitializationHonorsCancellationBeforeGridInitialization","METHOD","","package-private","","void","","@Test","","239"
"test","app/src/test/java/de/mkalb/etpetssim/simulations/core/model/TimedStatisticsTrackingTest.java","de.mkalb.etpetssim.simulations.core.model","TimedStatisticsTrackingTest","CLASS","testSugarInitializationHonorsCancellationDuringRadiusMapCalculation","METHOD","","package-private","","void","","@Test","","246"
"test","app/src/test/java/de/mkalb/etpetssim/simulations/core/model/TimedStatisticsTrackingTest.java","de.mkalb.etpetssim.simulations.core.model","TimedStatisticsTrackingTest","CLASS","testWatorInitializationHonorsCancellationDuringFishPopulation","METHOD","","package-private","","void","","@Test","","253"
"test","app/src/test/java/de/mkalb/etpetssim/simulations/core/model/TimedStatisticsTrackingTest.java","de.mkalb.etpetssim.simulations.core.model","TimedStatisticsTrackingTest","CLASS","testSnakeInitializationHonorsCancellationDuringEligibleCoordinateSearch","METHOD","","package-private","","void","","@Test","","260"
"test","app/src/test/java/de/mkalb/etpetssim/simulations/core/model/TimedStatisticsTrackingTest.java","de.mkalb.etpetssim.simulations.core.model","TimedStatisticsTrackingTest","CLASS","testReboundingInitializationHonorsCancellationDuringEligibleCoordinateSearch","METHOD","","package-private","","void","","@Test","","267"
"test","app/src/test/java/de/mkalb/etpetssim/simulations/core/model/TimedStatisticsTrackingTest.java","de.mkalb.etpetssim.simulations.core.model","TimedStatisticsTrackingTest","CLASS","testAllTimedManagerConstructorsRecordStepZeroSample","METHOD","","package-private","","void","","@Test","","274"
"test","app/src/test/java/de/mkalb/etpetssim/simulations/core/model/TimedStatisticsTrackingTest.java","de.mkalb.etpetssim.simulations.core.model","TimedStatisticsTrackingTest","CLASS","testNonTimedManagerUsesEmptyTrackingDefaults","METHOD","","package-private","","void","","@Test","","288"
"test","app/src/test/java/de/mkalb/etpetssim/simulations/core/model/TimedStatisticsTrackingTest.java","de.mkalb.etpetssim.simulations.core.model","TimedStatisticsTrackingTest","CLASS","testExecuteStepRecordsOneSample","METHOD","","package-private","","void","","@Test","","298"
"test","app/src/test/java/de/mkalb/etpetssim/simulations/core/model/TimedStatisticsTrackingTest.java","de.mkalb.etpetssim.simulations.core.model","TimedStatisticsTrackingTest","CLASS","testExecuteStepsRecordsEveryExecutedStepWithoutDuplicateFinalSample","METHOD","","package-private","","void","","@Test","","311"
"test","app/src/test/java/de/mkalb/etpetssim/simulations/core/model/TimedStatisticsTrackingTest.java","de.mkalb.etpetssim.simulations.core.model","TimedStatisticsTrackingTest","CLASS","testExecuteZeroStepsDoesNotRecordSample","METHOD","","package-private","","void","","@Test","","330"
"test","app/src/test/java/de/mkalb/etpetssim/simulations/core/model/TimedStatisticsTrackingTest.java","de.mkalb.etpetssim.simulations.core.model","TimedStatisticsTrackingTest","CLASS","testConwayGenericExtremaMaxAliveCellsIsFiniteAndPositive","METHOD","","package-private","","void","","@Test","","346"
"test","app/src/test/java/de/mkalb/etpetssim/simulations/core/model/TimedStatisticsTrackingTest.java","de.mkalb.etpetssim.simulations.core.model","TimedStatisticsTrackingTest","CLASS","testForestGenericExtremaMaximaAreFiniteAndNonNegative","METHOD","","package-private","","void","","@Test","","366"
"test","app/src/test/java/de/mkalb/etpetssim/simulations/core/model/TimedStatisticsTrackingTest.java","de.mkalb.etpetssim.simulations.core.model","TimedStatisticsTrackingTest","CLASS","testWatorGenericExtremaMinMaxAreFinite","METHOD","","package-private","","void","","@Test","","389"
"test","app/src/test/java/de/mkalb/etpetssim/simulations/core/model/TimedStatisticsTrackingTest.java","de.mkalb.etpetssim.simulations.core.model","TimedStatisticsTrackingTest","CLASS","testEtpetsGenericExtremaPresenceAndNoneAbsence","METHOD","","package-private","","void","","@Test","","409"
"test","app/src/test/java/de/mkalb/etpetssim/simulations/core/model/TimedStatisticsTrackingTest.java","de.mkalb.etpetssim.simulations.core.model","TimedStatisticsTrackingTest","CLASS","testSnakeGenericExtremaPresenceAndNoneAbsence","METHOD","","package-private","","void","","@Test","","430"
"test","app/src/test/java/de/mkalb/etpetssim/simulations/core/model/TimedStatisticsTrackingTest.java","de.mkalb.etpetssim.simulations.core.model","TimedStatisticsTrackingTest","CLASS","testSugarGenericExtremaPresence","METHOD","","package-private","","void","","@Test","","452"
"test","app/src/test/java/de/mkalb/etpetssim/simulations/core/model/TimedStatisticsTrackingTest.java","de.mkalb.etpetssim.simulations.core.model","TimedStatisticsTrackingTest","CLASS","testReboundingGenericExtremaPresenceAndStaticWalls","METHOD","","package-private","","void","","@Test","","468"
"test","app/src/test/java/de/mkalb/etpetssim/simulations/core/model/TimedStatisticsTrackingTest.java","de.mkalb.etpetssim.simulations.core.model","TimedStatisticsTrackingTest","CLASS","testLangtonGenericMaxPresenceAndNoneAbsence","METHOD","","package-private","","void","","@Test","","485"
"test","app/src/test/java/de/mkalb/etpetssim/simulations/core/model/TimedStatisticsTrackingTest.java","de.mkalb.etpetssim.simulations.core.model","TimedStatisticsTrackingTest","CLASS","testConwayGoldenExtremaExactValues","METHOD","","package-private","","void","","@Test","","506"
"test","app/src/test/java/de/mkalb/etpetssim/simulations/core/model/TimedStatisticsTrackingTest.java","de.mkalb.etpetssim.simulations.core.model","TimedStatisticsTrackingTest","CLASS","testForestGoldenExtremaExactValues","METHOD","","package-private","","void","","@Test","","534"
"test","app/src/test/java/de/mkalb/etpetssim/simulations/core/model/TimedStatisticsTrackingTest.java","de.mkalb.etpetssim.simulations.core.model","TimedStatisticsTrackingTest","CLASS","testWatorGoldenExtremaExactValues","METHOD","","package-private","","void","","@Test","","566"
"test","app/src/test/java/de/mkalb/etpetssim/simulations/core/shared/NoUserActionContextTest.java","de.mkalb.etpetssim.simulations.core.shared","NoUserActionContextTest","CLASS","testEnumValues","METHOD","","package-private","","void","","@Test","","9"
"test","app/src/test/java/de/mkalb/etpetssim/simulations/core/shared/NoUserActionContextTest.java","de.mkalb.etpetssim.simulations.core.shared","NoUserActionContextTest","CLASS","testNoContextImplementsSimulationUserActionContext","METHOD","","package-private","","void","","@Test","","16"
"test","app/src/test/java/de/mkalb/etpetssim/simulations/core/shared/SimulationStateTest.java","de.mkalb.etpetssim.simulations.core.shared","SimulationStateTest","CLASS","testEnumValues","METHOD","","package-private","","void","","@Test","","24"
"test","app/src/test/java/de/mkalb/etpetssim/simulations/core/shared/SimulationStateTest.java","de.mkalb.etpetssim.simulations.core.shared","SimulationStateTest","CLASS","testEnumCount","METHOD","","package-private","","void","","@Test","","41"
"test","app/src/test/java/de/mkalb/etpetssim/simulations/core/shared/SimulationStateTest.java","de.mkalb.etpetssim.simulations.core.shared","SimulationStateTest","CLASS","testDeclarationOrder","METHOD","","package-private","","void","","@Test","","46"
"test","app/src/test/java/de/mkalb/etpetssim/simulations/core/shared/SimulationStateTest.java","de.mkalb.etpetssim.simulations.core.shared","SimulationStateTest","CLASS","testValueOfRejectsInvalidOrNull","METHOD","","package-private","","void","","@Test","","63"
"test","app/src/test/java/de/mkalb/etpetssim/simulations/core/shared/SimulationStateTest.java","de.mkalb.etpetssim.simulations.core.shared","SimulationStateTest","CLASS","testStatePredicates","METHOD","","package-private","","void","","@Test","","71"
"test","app/src/test/java/de/mkalb/etpetssim/simulations/core/view/AbstractMainViewTest.java","de.mkalb.etpetssim.simulations.core.view","AbstractMainViewTest","CLASS","setUpBeforeAll","METHOD","","package-private","static","void","","@BeforeAll","","24"
"test","app/src/test/java/de/mkalb/etpetssim/simulations/core/view/AbstractMainViewTest.java","de.mkalb.etpetssim.simulations.core.view","AbstractMainViewTest","CLASS","getNullableField","METHOD","Object, String","private","static","Object","","@Nullable","","32"
"test","app/src/test/java/de/mkalb/etpetssim/simulations/core/view/AbstractMainViewTest.java","de.mkalb.etpetssim.simulations.core.view","AbstractMainViewTest","CLASS","getNullableField","METHOD","Object, Class<?>, String","private","static","Object","","@Nullable","","36"
"test","app/src/test/java/de/mkalb/etpetssim/simulations/core/view/AbstractMainViewTest.java","de.mkalb.etpetssim.simulations.core.view","AbstractMainViewTest","CLASS","getNonNullField","METHOD","Object, String","private","static","Object","","","","46"
"test","app/src/test/java/de/mkalb/etpetssim/simulations/core/view/AbstractMainViewTest.java","de.mkalb.etpetssim.simulations.core.view","AbstractMainViewTest","CLASS","testBuildMainRegionUsesObservationWidthSplit","METHOD","","package-private","","void","","@Test","","51"
"test","app/src/test/java/de/mkalb/etpetssim/simulations/core/view/AbstractMainViewTest.java","de.mkalb.etpetssim.simulations.core.view","AbstractMainViewTest","CLASS","testBuildMainRegionReturnsSameRegionWhenCalledRepeatedly","METHOD","","package-private","","void","","@Test","","67"
"test","app/src/test/java/de/mkalb/etpetssim/simulations/core/view/AbstractMainViewTest.java","de.mkalb.etpetssim.simulations.core.view","AbstractMainViewTest","CLASS","testShutdownUnregistersNotificationListener","METHOD","","package-private","","void","","@Test","","79"
"test","app/src/test/java/de/mkalb/etpetssim/simulations/core/view/AbstractMainViewTest.java","de.mkalb.etpetssim.simulations.core.view","AbstractMainViewTest","CLASS","testShutdownUnregistersObservationListener","METHOD","","package-private","","void","","@Test","","91"
"test","app/src/test/java/de/mkalb/etpetssim/simulations/core/view/AbstractMainViewTest.java","de.mkalb.etpetssim.simulations.core.view","AbstractMainViewTest","CLASS","testShutdownForwardsViewModelTerminationHandle","METHOD","","package-private","","void","","@Test","","104"
"test","app/src/test/java/de/mkalb/etpetssim/simulations/core/view/AbstractMainViewTest.java","de.mkalb.etpetssim.simulations.core.view","AbstractMainViewTest","CLASS","testShutdownRemainsIdempotentAfterRepeatedBuild","METHOD","","package-private","","void","","@Test","","117"
"test","app/src/test/java/de/mkalb/etpetssim/simulations/core/view/StatisticHistoryChartViewTest.java","de.mkalb.etpetssim.simulations.core.view","StatisticHistoryChartViewTest","CLASS","sample","METHOD","int, Map<String, Double>","private","static","StatisticSample","","","","25"
"test","app/src/test/java/de/mkalb/etpetssim/simulations/core/view/StatisticHistoryChartViewTest.java","de.mkalb.etpetssim.simulations.core.view","StatisticHistoryChartViewTest","CLASS","singleMetric","METHOD","int","private","static","List<StatisticMetric<WatorStatistics>>","","","","33"
"test","app/src/test/java/de/mkalb/etpetssim/simulations/core/view/StatisticHistoryChartViewTest.java","de.mkalb.etpetssim.simulations.core.view","StatisticHistoryChartViewTest","CLASS","setUpBeforeAll","METHOD","","package-private","","void","","@BeforeAll","","38"
"test","app/src/test/java/de/mkalb/etpetssim/simulations/core/view/StatisticHistoryChartViewTest.java","de.mkalb.etpetssim.simulations.core.view","StatisticHistoryChartViewTest","CLASS","testWatorMetricsProduceOneChartWithTwoSeries","METHOD","","package-private","","void","","@Test","","48"
"test","app/src/test/java/de/mkalb/etpetssim/simulations/core/view/StatisticHistoryChartViewTest.java","de.mkalb.etpetssim.simulations.core.view","StatisticHistoryChartViewTest","CLASS","testForestMetricsProducesTwoChartsWithOneSeriesEach","METHOD","","package-private","","void","","@Test","","61"
"test","app/src/test/java/de/mkalb/etpetssim/simulations/core/view/StatisticHistoryChartViewTest.java","de.mkalb.etpetssim.simulations.core.view","StatisticHistoryChartViewTest","CLASS","testSectionHiddenWhenNoData","METHOD","","package-private","","void","","@Test","","77"
"test","app/src/test/java/de/mkalb/etpetssim/simulations/core/view/StatisticHistoryChartViewTest.java","de.mkalb.etpetssim.simulations.core.view","StatisticHistoryChartViewTest","CLASS","testSectionAndChartVisibleAfterDataArrives","METHOD","","package-private","","void","","@Test","","89"
"test","app/src/test/java/de/mkalb/etpetssim/simulations/core/view/StatisticHistoryChartViewTest.java","de.mkalb.etpetssim.simulations.core.view","StatisticHistoryChartViewTest","CLASS","testChartVisibleImmediatelyEvenWhenAllValuesAreZero","METHOD","","package-private","","void","","@Test","","113"
"test","app/src/test/java/de/mkalb/etpetssim/simulations/core/view/StatisticHistoryChartViewTest.java","de.mkalb.etpetssim.simulations.core.view","StatisticHistoryChartViewTest","CLASS","testSectionHiddenAgainAfterReset","METHOD","","package-private","","void","","@Test","","132"
"test","app/src/test/java/de/mkalb/etpetssim/simulations/core/view/StatisticHistoryChartViewTest.java","de.mkalb.etpetssim.simulations.core.view","StatisticHistoryChartViewTest","CLASS","testShutdownUnregistersHistoryListener","METHOD","","package-private","","void","","@Test","","153"
"test","app/src/test/java/de/mkalb/etpetssim/simulations/core/view/StatisticHistoryChartViewTest.java","de.mkalb.etpetssim.simulations.core.view","StatisticHistoryChartViewTest","CLASS","testDataPointCountMatchesHistorySize","METHOD","","package-private","","void","","@Test","","172"
"test","app/src/test/java/de/mkalb/etpetssim/simulations/core/view/StatisticHistoryChartViewTest.java","de.mkalb.etpetssim.simulations.core.view","StatisticHistoryChartViewTest","CLASS","testNaNPointsAreSkipped","METHOD","","package-private","","void","","@Test","","190"
"test","app/src/test/java/de/mkalb/etpetssim/simulations/core/view/StatisticHistoryChartViewTest.java","de.mkalb.etpetssim.simulations.core.view","StatisticHistoryChartViewTest","CLASS","testSeriesUsesTrailingChartWindow","METHOD","","package-private","","void","","@Test","","207"
"test","app/src/test/java/de/mkalb/etpetssim/simulations/core/view/StatisticHistoryChartViewTest.java","de.mkalb.etpetssim.simulations.core.view","StatisticHistoryChartViewTest","CLASS","testXAxisUsesTrailingChartWindow","METHOD","","package-private","","void","","@Test","","226"
"test","app/src/test/java/de/mkalb/etpetssim/simulations/core/view/StatisticHistoryChartViewTest.java","de.mkalb.etpetssim.simulations.core.view","StatisticHistoryChartViewTest","CLASS","testYAxisUpperBoundIsNiceCeilingOfWindowedMax","METHOD","","package-private","","void","","@Test","","247"
"test","app/src/test/java/de/mkalb/etpetssim/simulations/core/view/StatisticHistoryChartViewTest.java","de.mkalb.etpetssim.simulations.core.view","StatisticHistoryChartViewTest","CLASS","testYAxisMinimumCeilingIsOneWhenAllValuesAreZero","METHOD","","package-private","","void","","@Test","","262"
"test","app/src/test/java/de/mkalb/etpetssim/simulations/core/view/StatisticHistoryChartViewTest.java","de.mkalb.etpetssim.simulations.core.view","StatisticHistoryChartViewTest","CLASS","testCeilingGrowsImmediatelyWhenWindowedMaxIncreases","METHOD","","package-private","","void","","@Test","","275"
"test","app/src/test/java/de/mkalb/etpetssim/simulations/core/view/StatisticHistoryChartViewTest.java","de.mkalb.etpetssim.simulations.core.view","StatisticHistoryChartViewTest","CLASS","testCeilingDoesNotShrinkWhenLatestValueAboveThreshold","METHOD","","package-private","","void","","@Test","","293"
"test","app/src/test/java/de/mkalb/etpetssim/simulations/core/view/StatisticHistoryChartViewTest.java","de.mkalb.etpetssim.simulations.core.view","StatisticHistoryChartViewTest","CLASS","testCeilingShrinksAfterLatestValueBelowThresholdAndPeakLeavesWindow","METHOD","","package-private","","void","","@Test","","312"
"test","app/src/test/java/de/mkalb/etpetssim/simulations/core/view/StatisticHistoryChartViewTest.java","de.mkalb.etpetssim.simulations.core.view","StatisticHistoryChartViewTest","CLASS","testCeilingResetsToFreshValueAfterHistoryEmptied","METHOD","","package-private","","void","","@Test","","340"
"test","app/src/test/java/de/mkalb/etpetssim/simulations/core/view/StatisticHistoryChartViewTest.java","de.mkalb.etpetssim.simulations.core.view","StatisticHistoryChartViewTest","CLASS","testSingleSampleXAxisUpperIsLowerPlusOne","METHOD","","package-private","","void","","@Test","","361"
"test","app/src/test/java/de/mkalb/etpetssim/simulations/core/viewmodel/DefaultControlViewModelTest.java","de.mkalb.etpetssim.simulations.core.viewmodel","DefaultControlViewModelTest","CLASS","setUpBeforeAll","METHOD","","package-private","static","void","","@BeforeAll","","17"
"test","app/src/test/java/de/mkalb/etpetssim/simulations/core/viewmodel/DefaultControlViewModelTest.java","de.mkalb.etpetssim.simulations.core.viewmodel","DefaultControlViewModelTest","CLASS","testControlConfigurationDisabledStates","METHOD","","package-private","","void","","@Test","","22"
"test","app/src/test/java/de/mkalb/etpetssim/simulations/core/viewmodel/DefaultControlViewModelTest.java","de.mkalb.etpetssim.simulations.core.viewmodel","DefaultControlViewModelTest","CLASS","testControlConfigurationEnabledStates","METHOD","","package-private","","void","","@Test","","41"
"test","app/src/test/java/de/mkalb/etpetssim/simulations/core/viewmodel/DefaultControlViewModelTest.java","de.mkalb.etpetssim.simulations.core.viewmodel","DefaultControlViewModelTest","CLASS","testDefaultInputValues","METHOD","","package-private","","void","","@Test","","59"
"test","app/src/test/java/de/mkalb/etpetssim/simulations/core/viewmodel/DefaultControlViewModelTest.java","de.mkalb.etpetssim.simulations.core.viewmodel","DefaultControlViewModelTest","CLASS","testWithMinStepDuration","METHOD","","package-private","","void","","@Test","","74"
"test","app/src/test/java/de/mkalb/etpetssim/simulations/core/viewmodel/DefaultControlViewModelTest.java","de.mkalb.etpetssim.simulations.core.viewmodel","DefaultControlViewModelTest","CLASS","testRequestButtonsSetRequestFlags","METHOD","","package-private","","void","","@Test","","84"
"test","app/src/test/java/de/mkalb/etpetssim/simulations/core/viewmodel/DefaultControlViewModelTest.java","de.mkalb.etpetssim.simulations.core.viewmodel","DefaultControlViewModelTest","CLASS","testSimulationModePredicates","METHOD","","package-private","","void","","@Test","","103"
"test","app/src/test/java/de/mkalb/etpetssim/simulations/core/viewmodel/DefaultControlViewModelTest.java","de.mkalb.etpetssim.simulations.core.viewmodel","DefaultControlViewModelTest","CLASS","testStartPausedPredicate","METHOD","","package-private","","void","","@Test","","121"
"test","app/src/test/java/de/mkalb/etpetssim/simulations/core/viewmodel/DefaultControlViewModelTest.java","de.mkalb.etpetssim.simulations.core.viewmodel","DefaultControlViewModelTest","CLASS","testTerminationCheckedPredicate","METHOD","","package-private","","void","","@Test","","133"
"test","app/src/test/java/de/mkalb/etpetssim/simulations/core/viewmodel/DefaultControlViewModelTest.java","de.mkalb.etpetssim.simulations.core.viewmodel","DefaultControlViewModelTest","CLASS","testSimulationStatePropertyIsForwarded","METHOD","","package-private","","void","","@Test","","145"
"test","app/src/test/java/de/mkalb/etpetssim/simulations/core/viewmodel/DefaultMainViewModelTest.java","de.mkalb.etpetssim.simulations.core.viewmodel","DefaultMainViewModelTest","CLASS","setUpBeforeAll","METHOD","","package-private","static","void","","@BeforeAll","","29"
"test","app/src/test/java/de/mkalb/etpetssim/simulations/core/viewmodel/DefaultMainViewModelTest.java","de.mkalb.etpetssim.simulations.core.viewmodel","DefaultMainViewModelTest","CLASS","createFixture","METHOD","","private","static","Fixture","","","","38"
"test","app/src/test/java/de/mkalb/etpetssim/simulations/core/viewmodel/DefaultMainViewModelTest.java","de.mkalb.etpetssim.simulations.core.viewmodel","DefaultMainViewModelTest","CLASS","createFixture","METHOD","BiFunction<ConwayConfig, SimulationInitializationCancellation, ConwaySimulationManager>, ExecutorService","private","static","Fixture","","","","42"
"test","app/src/test/java/de/mkalb/etpetssim/simulations/core/viewmodel/DefaultMainViewModelTest.java","de.mkalb.etpetssim.simulations.core.viewmodel","DefaultMainViewModelTest","CLASS","startAndAwaitInitialization","METHOD","Fixture","private","static","void","InterruptedException","","","64"
"test","app/src/test/java/de/mkalb/etpetssim/simulations/core/viewmodel/DefaultMainViewModelTest.java","de.mkalb.etpetssim.simulations.core.viewmodel","DefaultMainViewModelTest","CLASS","getField","METHOD","Object, String","private","static","Object","","","","74"
"test","app/src/test/java/de/mkalb/etpetssim/simulations/core/viewmodel/DefaultMainViewModelTest.java","de.mkalb.etpetssim.simulations.core.viewmodel","DefaultMainViewModelTest","CLASS","getStaticField","METHOD","String","private","static","Object","","","","84"
"test","app/src/test/java/de/mkalb/etpetssim/simulations/core/viewmodel/DefaultMainViewModelTest.java","de.mkalb.etpetssim.simulations.core.viewmodel","DefaultMainViewModelTest","CLASS","testStartForwardsInitialHistoryAndExtrema","METHOD","","package-private","","void","InterruptedException","@Test","","94"
"test","app/src/test/java/de/mkalb/etpetssim/simulations/core/viewmodel/DefaultMainViewModelTest.java","de.mkalb.etpetssim.simulations.core.viewmodel","DefaultMainViewModelTest","CLASS","testStartInitializesOffJavaFxThread","METHOD","","package-private","","void","InterruptedException","@Test","","110"
"test","app/src/test/java/de/mkalb/etpetssim/simulations/core/viewmodel/DefaultMainViewModelTest.java","de.mkalb.etpetssim.simulations.core.viewmodel","DefaultMainViewModelTest","CLASS","testTimedStartRetainsCapturedModeAndDurationDuringInitialization","METHOD","","package-private","","void","InterruptedException","@Test","","146"
"test","app/src/test/java/de/mkalb/etpetssim/simulations/core/viewmodel/DefaultMainViewModelTest.java","de.mkalb.etpetssim.simulations.core.viewmodel","DefaultMainViewModelTest","CLASS","testBatchStartRetainsCapturedExecutionSettingsDuringInitialization","METHOD","","package-private","","void","InterruptedException","@Test","","186"
"test","app/src/test/java/de/mkalb/etpetssim/simulations/core/viewmodel/DefaultMainViewModelTest.java","de.mkalb.etpetssim.simulations.core.viewmodel","DefaultMainViewModelTest","CLASS","testInitializationFailureTransitionsToError","METHOD","","package-private","","void","InterruptedException","@Test","","233"
"test","app/src/test/java/de/mkalb/etpetssim/simulations/core/viewmodel/DefaultMainViewModelTest.java","de.mkalb.etpetssim.simulations.core.viewmodel","DefaultMainViewModelTest","CLASS","testInitializationListenerFailureTransitionsToError","METHOD","","package-private","","void","InterruptedException","@Test","","260"
"test","app/src/test/java/de/mkalb/etpetssim/simulations/core/viewmodel/DefaultMainViewModelTest.java","de.mkalb.etpetssim.simulations.core.viewmodel","DefaultMainViewModelTest","CLASS","testShutdownSuppressesStaleInitializationCompletion","METHOD","","package-private","","void","InterruptedException","@SuppressWarnings(""ResultOfMethodCallIgnored"") | @Test","","287"
"test","app/src/test/java/de/mkalb/etpetssim/simulations/core/viewmodel/DefaultMainViewModelTest.java","de.mkalb.etpetssim.simulations.core.viewmodel","DefaultMainViewModelTest","CLASS","testSimulationResetListenerRunsOnStartAndShutdown","METHOD","","package-private","","void","InterruptedException","@Test","","328"
"test","app/src/test/java/de/mkalb/etpetssim/simulations/core/viewmodel/DefaultMainViewModelTest.java","de.mkalb.etpetssim.simulations.core.viewmodel","DefaultMainViewModelTest","CLASS","testShutdownReturnsSameTerminationHandle","METHOD","","package-private","","void","","@Test","","342"
"test","app/src/test/java/de/mkalb/etpetssim/simulations/core/viewmodel/DefaultMainViewModelTest.java","de.mkalb.etpetssim.simulations.core.viewmodel","DefaultMainViewModelTest","CLASS","testShutdownRemainsIdempotentWhenResetListenerFails","METHOD","","package-private","","void","","@Test","","357"
"test","app/src/test/java/de/mkalb/etpetssim/simulations/core/viewmodel/DefaultMainViewModelTest.java","de.mkalb.etpetssim.simulations.core.viewmodel","DefaultMainViewModelTest","CLASS","testShutdownDoesNotWaitForInitializationWorker","METHOD","","package-private","","void","InterruptedException","@Test","","376"
"test","app/src/test/java/de/mkalb/etpetssim/simulations/core/viewmodel/DefaultMainViewModelTest.java","de.mkalb.etpetssim.simulations.core.viewmodel","DefaultMainViewModelTest","CLASS","testShutdownClearsHistoryAndExtrema","METHOD","","package-private","","void","InterruptedException","@Test","","412"
"test","app/src/test/java/de/mkalb/etpetssim/simulations/core/viewmodel/DefaultMainViewModelTest.java","de.mkalb.etpetssim.simulations.core.viewmodel","DefaultMainViewModelTest","CLASS","testShutdownReleasesViewCallbacks","METHOD","","package-private","","void","","@Test","","428"
"test","app/src/test/java/de/mkalb/etpetssim/simulations/core/viewmodel/DefaultObservationViewModelTest.java","de.mkalb.etpetssim.simulations.core.viewmodel","DefaultObservationViewModelTest","CLASS","setUpBeforeAll","METHOD","","package-private","static","void","","@BeforeAll","","23"
"test","app/src/test/java/de/mkalb/etpetssim/simulations/core/viewmodel/DefaultObservationViewModelTest.java","de.mkalb.etpetssim.simulations.core.viewmodel","DefaultObservationViewModelTest","CLASS","createFixture","METHOD","","private","static","Fixture","","","","28"
"test","app/src/test/java/de/mkalb/etpetssim/simulations/core/viewmodel/DefaultObservationViewModelTest.java","de.mkalb.etpetssim.simulations.core.viewmodel","DefaultObservationViewModelTest","CLASS","testStatisticsExtremaPropertyInitialValueIsEmpty","METHOD","","package-private","","void","","@Test","","33"
"test","app/src/test/java/de/mkalb/etpetssim/simulations/core/viewmodel/DefaultObservationViewModelTest.java","de.mkalb.etpetssim.simulations.core.viewmodel","DefaultObservationViewModelTest","CLASS","testStatisticsHistoryPropertyInitialValueIsEmpty","METHOD","","package-private","","void","","@Test","","43"
"test","app/src/test/java/de/mkalb/etpetssim/simulations/core/viewmodel/DefaultObservationViewModelTest.java","de.mkalb.etpetssim.simulations.core.viewmodel","DefaultObservationViewModelTest","CLASS","testStatisticsIsInitiallyEmpty","METHOD","","package-private","","void","","@Test","","53"
"test","app/src/test/java/de/mkalb/etpetssim/simulations/core/viewmodel/DefaultObservationViewModelTest.java","de.mkalb.etpetssim.simulations.core.viewmodel","DefaultObservationViewModelTest","CLASS","testSetStatisticsUpdatesPropertyAndOptionalGetter","METHOD","","package-private","","void","","@Test","","63"
"test","app/src/test/java/de/mkalb/etpetssim/simulations/core/viewmodel/DefaultObservationViewModelTest.java","de.mkalb.etpetssim.simulations.core.viewmodel","DefaultObservationViewModelTest","CLASS","testSetStatisticsExtremaUpdatesPropertyAndGetter","METHOD","","package-private","","void","","@Test","","78"
"test","app/src/test/java/de/mkalb/etpetssim/simulations/core/viewmodel/DefaultObservationViewModelTest.java","de.mkalb.etpetssim.simulations.core.viewmodel","DefaultObservationViewModelTest","CLASS","testSetStatisticsHistoryUpdatesPropertyAndGetter","METHOD","","package-private","","void","","@Test","","94"
"test","app/src/test/java/de/mkalb/etpetssim/simulations/core/viewmodel/DefaultObservationViewModelTest.java","de.mkalb.etpetssim.simulations.core.viewmodel","DefaultObservationViewModelTest","CLASS","testStatisticsExtremaPropertyNotifiesListener","METHOD","","package-private","","void","","@Test","","110"
"test","app/src/test/java/de/mkalb/etpetssim/simulations/core/viewmodel/DefaultObservationViewModelTest.java","de.mkalb.etpetssim.simulations.core.viewmodel","DefaultObservationViewModelTest","CLASS","testStatisticsHistoryPropertyNotifiesListener","METHOD","","package-private","","void","","@Test","","126"
"test","app/src/test/java/de/mkalb/etpetssim/simulations/core/viewmodel/DefaultObservationViewModelTest.java","de.mkalb.etpetssim.simulations.core.viewmodel","DefaultObservationViewModelTest","CLASS","testSetStatisticsExtremaToEmptyResetsProperty","METHOD","","package-private","","void","","@Test","","143"
"test","app/src/test/java/de/mkalb/etpetssim/simulations/core/viewmodel/DefaultObservationViewModelTest.java","de.mkalb.etpetssim.simulations.core.viewmodel","DefaultObservationViewModelTest","CLASS","testSetStatisticsHistoryToEmptyResetsProperty","METHOD","","package-private","","void","","@Test","","156"
"test","app/src/test/java/de/mkalb/etpetssim/simulations/core/viewmodel/DefaultObservationViewModelTest.java","de.mkalb.etpetssim.simulations.core.viewmodel","DefaultObservationViewModelTest","CLASS","testResetStatisticsClearsStatisticsExtremaAndHistory","METHOD","","package-private","","void","","@Test","","169"
"test","app/src/test/java/de/mkalb/etpetssim/simulations/core/viewmodel/DefaultObservationViewModelTest.java","de.mkalb.etpetssim.simulations.core.viewmodel","DefaultObservationViewModelTest","CLASS","testBindSelectedGridCellPropertyTracksSourceChanges","METHOD","","package-private","","void","","@Test","","190"
"test","app/src/test/java/de/mkalb/etpetssim/simulations/core/viewmodel/DefaultObservationViewModelTest.java","de.mkalb.etpetssim.simulations.core.viewmodel","DefaultObservationViewModelTest","CLASS","testBindSelectedGridCellPropertyReplacesPreviousBinding","METHOD","","package-private","","void","","@Test","","204"
"test","app/src/test/java/de/mkalb/etpetssim/simulations/core/viewmodel/DefaultObservationViewModelTest.java","de.mkalb.etpetssim.simulations.core.viewmodel","DefaultObservationViewModelTest","CLASS","testSimulationStatePropertyIsForwarded","METHOD","","package-private","","void","","@Test","","223"
"test","app/src/test/java/de/mkalb/etpetssim/simulations/core/viewmodel/DefaultObservationViewModelTest.java","de.mkalb.etpetssim.simulations.core.viewmodel","DefaultObservationViewModelTest.TestStatistics","RECORD","getStepCount","METHOD","","public","","int","","@Override","","243"
"test","app/src/test/java/de/mkalb/etpetssim/simulations/core/viewmodel/DefaultObservationViewModelTest.java","de.mkalb.etpetssim.simulations.core.viewmodel","DefaultObservationViewModelTest.TestStatistics","RECORD","getGridStructure","METHOD","","public","","GridStructure","","@Override","","248"
"test","app/src/test/java/de/mkalb/etpetssim/simulations/etpets/model/EtpetsConfigTest.java","de.mkalb.etpetssim.simulations.etpets.model","EtpetsConfigTest","CLASS","createConfig","METHOD","CellShape, GridEdgeBehavior, CellDisplayMode, double, double, double, double, int, NeighborhoodMode","private","static","EtpetsConfig","","","","13"
"test","app/src/test/java/de/mkalb/etpetssim/simulations/etpets/model/EtpetsConfigTest.java","de.mkalb.etpetssim.simulations.etpets.model","EtpetsConfigTest","CLASS","createConfig","METHOD","CellShape, GridEdgeBehavior, double, double, double, double, int, NeighborhoodMode","private","static","EtpetsConfig","","","","39"
"test","app/src/test/java/de/mkalb/etpetssim/simulations/etpets/model/EtpetsConfigTest.java","de.mkalb.etpetssim.simulations.etpets.model","EtpetsConfigTest","CLASS","testIsValidWithDefaultConstraints","METHOD","","package-private","","void","","@Test","","59"
"test","app/src/test/java/de/mkalb/etpetssim/simulations/etpets/model/EtpetsConfigTest.java","de.mkalb.etpetssim.simulations.etpets.model","EtpetsConfigTest","CLASS","testIsValidRejectsUnexpectedCellShape","METHOD","","package-private","","void","","@Test","","74"
"test","app/src/test/java/de/mkalb/etpetssim/simulations/etpets/model/EtpetsConfigTest.java","de.mkalb.etpetssim.simulations.etpets.model","EtpetsConfigTest","CLASS","testIsValidRejectsUnexpectedGridEdgeBehavior","METHOD","","package-private","","void","","@Test","","89"
"test","app/src/test/java/de/mkalb/etpetssim/simulations/etpets/model/EtpetsConfigTest.java","de.mkalb.etpetssim.simulations.etpets.model","EtpetsConfigTest","CLASS","testIsValidRejectsUnexpectedNeighborhoodMode","METHOD","","package-private","","void","","@Test","","104"
"test","app/src/test/java/de/mkalb/etpetssim/simulations/etpets/model/EtpetsConfigTest.java","de.mkalb.etpetssim.simulations.etpets.model","EtpetsConfigTest","CLASS","testIsValidRejectsUnexpectedCellDisplayMode","METHOD","","package-private","","void","","@Test","","119"
"test","app/src/test/java/de/mkalb/etpetssim/simulations/etpets/model/EtpetsConfigTest.java","de.mkalb.etpetssim.simulations.etpets.model","EtpetsConfigTest","CLASS","testIsValidRejectsRockPercentOutsideRange","METHOD","","package-private","","void","","@Test","","135"
"test","app/src/test/java/de/mkalb/etpetssim/simulations/etpets/model/EtpetsConfigTest.java","de.mkalb.etpetssim.simulations.etpets.model","EtpetsConfigTest","CLASS","testIsValidRejectsPetCountOutsideRange","METHOD","","package-private","","void","","@Test","","150"
"test","app/src/test/java/de/mkalb/etpetssim/simulations/etpets/model/EtpetsConfigTest.java","de.mkalb.etpetssim.simulations.etpets.model","EtpetsConfigTest","CLASS","testIsValidRejectsTotalPercentAboveLimit","METHOD","","package-private","","void","","@Test","","165"
"test","app/src/test/java/de/mkalb/etpetssim/simulations/etpets/model/EtpetsConfigTest.java","de.mkalb.etpetssim.simulations.etpets.model","EtpetsConfigTest","CLASS","testIsValidAcceptsTotalPercentAtLimit","METHOD","","package-private","","void","","@Test","","180"
"test","app/src/test/java/de/mkalb/etpetssim/simulations/etpets/model/EtpetsConfigTest.java","de.mkalb.etpetssim.simulations.etpets.model","EtpetsConfigTest","CLASS","testIsValidAcceptsTotalPercentBelowLimit","METHOD","","package-private","","void","","@Test","","195"
"test","app/src/test/java/de/mkalb/etpetssim/simulations/etpets/model/EtpetsScoreTuningRunner.java","de.mkalb.etpetssim.simulations.etpets.model","EtpetsScoreTuningRunner","CLASS","<init>","CONSTRUCTOR","","private","","","","","","21"
"test","app/src/test/java/de/mkalb/etpetssim/simulations/etpets/model/EtpetsScoreTuningRunner.java","de.mkalb.etpetssim.simulations.etpets.model","EtpetsScoreTuningRunner","CLASS","main","METHOD","","package-private","static","void","","","","24"
"test","app/src/test/java/de/mkalb/etpetssim/simulations/etpets/model/EtpetsScoreTuningRunner.java","de.mkalb.etpetssim.simulations.etpets.model","EtpetsScoreTuningRunner","CLASS","clampToIntScore","METHOD","double, int","private","static","int","","","","32"
"test","app/src/test/java/de/mkalb/etpetssim/simulations/etpets/model/EtpetsScoreTuningRunner.java","de.mkalb.etpetssim.simulations.etpets.model","EtpetsScoreTuningRunner","CLASS","runMoveScoreSamples","METHOD","","private","static","void","","","","36"
"test","app/src/test/java/de/mkalb/etpetssim/simulations/etpets/model/EtpetsScoreTuningRunner.java","de.mkalb.etpetssim.simulations.etpets.model","EtpetsScoreTuningRunner","CLASS","runReproduceScoreSamples","METHOD","","private","static","void","","","","70"
"test","app/src/test/java/de/mkalb/etpetssim/simulations/etpets/model/EtpetsScoreTuningRunner.java","de.mkalb.etpetssim.simulations.etpets.model","EtpetsScoreTuningRunner","CLASS","runEatScoreSamples","METHOD","","private","static","void","","","","89"
"test","app/src/test/java/de/mkalb/etpetssim/simulations/etpets/model/EtpetsUserActionTest.java","de.mkalb.etpetssim.simulations.etpets.model","EtpetsUserActionTest","CLASS","createConfig","METHOD","","private","static","EtpetsConfig","","","","15"
"test","app/src/test/java/de/mkalb/etpetssim/simulations/etpets/model/EtpetsUserActionTest.java","de.mkalb.etpetssim.simulations.etpets.model","EtpetsUserActionTest","CLASS","createPet","METHOD","","private","static","Pet","","","","33"
"test","app/src/test/java/de/mkalb/etpetssim/simulations/etpets/model/EtpetsUserActionTest.java","de.mkalb.etpetssim.simulations.etpets.model","EtpetsUserActionTest","CLASS","testSetTerrainReplacesTrailWhenResourceAndAgentAreEmpty","METHOD","","package-private","","void","","@Test","","49"
"test","app/src/test/java/de/mkalb/etpetssim/simulations/etpets/model/EtpetsUserActionTest.java","de.mkalb.etpetssim.simulations.etpets.model","EtpetsUserActionTest","CLASS","testSetTerrainDoesNothingWhenResourceExists","METHOD","","package-private","","void","","@Test","","64"
"test","app/src/test/java/de/mkalb/etpetssim/simulations/etpets/model/EtpetsUserActionTest.java","de.mkalb.etpetssim.simulations.etpets.model","EtpetsUserActionTest","CLASS","testSetTerrainDoesNothingWhenAgentExists","METHOD","","package-private","","void","","@Test","","82"
"test","app/src/test/java/de/mkalb/etpetssim/simulations/etpets/model/EtpetsUserActionTest.java","de.mkalb.etpetssim.simulations.etpets.model","EtpetsUserActionTest","CLASS","testSetResourcePlantUsesDeterministicFullDefaults","METHOD","","package-private","","void","","@Test","","97"
"test","app/src/test/java/de/mkalb/etpetssim/simulations/etpets/model/EtpetsUserActionTest.java","de.mkalb.etpetssim.simulations.etpets.model","EtpetsUserActionTest","CLASS","testSetResourceInsectUsesDeterministicFullDefaults","METHOD","","package-private","","void","","@Test","","117"
"test","app/src/test/java/de/mkalb/etpetssim/simulations/etpets/model/EtpetsUserActionTest.java","de.mkalb.etpetssim.simulations.etpets.model","EtpetsUserActionTest","CLASS","testSetResourceNoneClearsResourceOnGroundWithoutAgent","METHOD","","package-private","","void","","@Test","","137"
"test","app/src/test/java/de/mkalb/etpetssim/simulations/etpets/model/EtpetsUserActionTest.java","de.mkalb.etpetssim.simulations.etpets.model","EtpetsUserActionTest","CLASS","testSetResourceDoesNothingWhenTerrainIsNotGround","METHOD","","package-private","","void","","@Test","","155"
"test","app/src/test/java/de/mkalb/etpetssim/simulations/etpets/model/EtpetsUserActionTest.java","de.mkalb.etpetssim.simulations.etpets.model","EtpetsUserActionTest","CLASS","testSetResourceDoesNothingWhenAgentExists","METHOD","","package-private","","void","","@Test","","170"
"test","app/src/test/java/de/mkalb/etpetssim/simulations/etpets/shared/EtpetsUserActionContextTest.java","de.mkalb.etpetssim.simulations.etpets.shared","EtpetsUserActionContextTest","CLASS","testPermittedSubclasses","METHOD","","package-private","","void","","@Test","","10"
"test","app/src/test/java/de/mkalb/etpetssim/simulations/etpets/shared/EtpetsUserActionContextTest.java","de.mkalb.etpetssim.simulations.etpets.shared","EtpetsUserActionContextTest","CLASS","testSetTerrainStoresTerrainChoice","METHOD","","package-private","","void","","@Test","","20"
"test","app/src/test/java/de/mkalb/etpetssim/simulations/etpets/shared/EtpetsUserActionContextTest.java","de.mkalb.etpetssim.simulations.etpets.shared","EtpetsUserActionContextTest","CLASS","testSetResourceStoresResourceChoice","METHOD","","package-private","","void","","@Test","","30"
"test","app/src/test/java/de/mkalb/etpetssim/simulations/forest/model/ForestConfigTest.java","de.mkalb.etpetssim.simulations.forest.model","ForestConfigTest","CLASS","createConfig","METHOD","CellShape, GridEdgeBehavior, CellDisplayMode, double, double, double, NeighborhoodMode","private","static","ForestConfig","","","","12"
"test","app/src/test/java/de/mkalb/etpetssim/simulations/forest/model/ForestConfigTest.java","de.mkalb.etpetssim.simulations.forest.model","ForestConfigTest","CLASS","testIsValidWithDefaultConstraints","METHOD","","package-private","","void","","@Test","","34"
"test","app/src/test/java/de/mkalb/etpetssim/simulations/forest/model/ForestConfigTest.java","de.mkalb.etpetssim.simulations.forest.model","ForestConfigTest","CLASS","testIsValidRejectsUnsupportedGridEdgeBehavior","METHOD","","package-private","","void","","@Test","","48"
"test","app/src/test/java/de/mkalb/etpetssim/simulations/forest/model/ForestConfigTest.java","de.mkalb.etpetssim.simulations.forest.model","ForestConfigTest","CLASS","testIsValidRejectsTreeDensityOutsideRange","METHOD","","package-private","","void","","@Test","","62"
"test","app/src/test/java/de/mkalb/etpetssim/simulations/forest/model/ForestConfigTest.java","de.mkalb.etpetssim.simulations.forest.model","ForestConfigTest","CLASS","testIsValidRejectsTreeGrowthProbabilityOutsideRange","METHOD","","package-private","","void","","@Test","","76"
"test","app/src/test/java/de/mkalb/etpetssim/simulations/forest/model/ForestConfigTest.java","de.mkalb.etpetssim.simulations.forest.model","ForestConfigTest","CLASS","testIsValidRejectsLightningIgnitionProbabilityOutsideRange","METHOD","","package-private","","void","","@Test","","90"
"test","app/src/test/java/de/mkalb/etpetssim/simulations/forest/model/ForestConfigTest.java","de.mkalb.etpetssim.simulations.forest.model","ForestConfigTest","CLASS","testIsValidAcceptsSupportedAlternativeSelections","METHOD","","package-private","","void","","@Test","","104"
"test","app/src/test/java/de/mkalb/etpetssim/simulations/forest/model/ForestUserActionTest.java","de.mkalb.etpetssim.simulations.forest.model","ForestUserActionTest","CLASS","createConfig","METHOD","","private","static","ForestConfig","","","","13"
"test","app/src/test/java/de/mkalb/etpetssim/simulations/forest/model/ForestUserActionTest.java","de.mkalb.etpetssim.simulations.forest.model","ForestUserActionTest","CLASS","selectedCell","METHOD","ForestSimulationManager, GridCoordinate","private","static","GridCell<ForestEntity>","","","","29"
"test","app/src/test/java/de/mkalb/etpetssim/simulations/forest/model/ForestUserActionTest.java","de.mkalb.etpetssim.simulations.forest.model","ForestUserActionTest","CLASS","testApplyIgnoresMissingSelection","METHOD","","package-private","","void","","@Test","","33"
"test","app/src/test/java/de/mkalb/etpetssim/simulations/forest/model/ForestUserActionTest.java","de.mkalb.etpetssim.simulations.forest.model","ForestUserActionTest","CLASS","testApplyTurnsEmptyCellIntoTree","METHOD","","package-private","","void","","@Test","","47"
"test","app/src/test/java/de/mkalb/etpetssim/simulations/forest/model/ForestUserActionTest.java","de.mkalb.etpetssim.simulations.forest.model","ForestUserActionTest","CLASS","testApplyTurnsTreeCellIntoBurningCell","METHOD","","package-private","","void","","@Test","","63"
"test","app/src/test/java/de/mkalb/etpetssim/simulations/forest/model/ForestUserActionTest.java","de.mkalb.etpetssim.simulations.forest.model","ForestUserActionTest","CLASS","testApplyTurnsBurningCellIntoEmptyCell","METHOD","","package-private","","void","","@Test","","81"
"test","app/src/test/java/de/mkalb/etpetssim/simulations/lab/model/LabConfigTest.java","de.mkalb.etpetssim.simulations.lab.model","LabConfigTest","CLASS","createConfig","METHOD","CellShape, GridEdgeBehavior, CellDisplayMode, LabColorMode, NeighborhoodMode","private","static","LabConfig","","","","13"
"test","app/src/test/java/de/mkalb/etpetssim/simulations/lab/model/LabConfigTest.java","de.mkalb.etpetssim.simulations.lab.model","LabConfigTest","CLASS","testIsValidWithDefaultConstraints","METHOD","","package-private","","void","","@Test","","31"
"test","app/src/test/java/de/mkalb/etpetssim/simulations/lab/model/LabConfigTest.java","de.mkalb.etpetssim.simulations.lab.model","LabConfigTest","CLASS","testIsValidAcceptsAlternativeAllowedSelections","METHOD","","package-private","","void","","@Test","","43"
"test","app/src/test/java/de/mkalb/etpetssim/simulations/lab/model/LabConfigTest.java","de.mkalb.etpetssim.simulations.lab.model","LabConfigTest","CLASS","testIsValidRejectsUnsupportedCellDisplayMode","METHOD","","package-private","","void","","@Test","","55"
"test","app/src/test/java/de/mkalb/etpetssim/simulations/langton/model/LangtonConfigTest.java","de.mkalb.etpetssim.simulations.langton.model","LangtonConfigTest","CLASS","createConfig","METHOD","CellShape, GridEdgeBehavior, CellDisplayMode, NeighborhoodMode, LangtonMovementRules","private","static","LangtonConfig","","","","13"
"test","app/src/test/java/de/mkalb/etpetssim/simulations/langton/model/LangtonConfigTest.java","de.mkalb.etpetssim.simulations.langton.model","LangtonConfigTest","CLASS","testIsValidWithDefaultConstraints","METHOD","","package-private","","void","","@Test","","31"
"test","app/src/test/java/de/mkalb/etpetssim/simulations/langton/model/LangtonConfigTest.java","de.mkalb.etpetssim.simulations.langton.model","LangtonConfigTest","CLASS","testIsValidRejectsUnexpectedNeighborhoodMode","METHOD","","package-private","","void","","@Test","","43"
"test","app/src/test/java/de/mkalb/etpetssim/simulations/langton/model/LangtonConfigTest.java","de.mkalb.etpetssim.simulations.langton.model","LangtonConfigTest","CLASS","testIsValidRejectsUnsupportedGridEdgeBehavior","METHOD","","package-private","","void","","@Test","","55"
"test","app/src/test/java/de/mkalb/etpetssim/simulations/langton/model/LangtonConfigTest.java","de.mkalb.etpetssim.simulations.langton.model","LangtonConfigTest","CLASS","testIsValidRejectsUnsupportedCellDisplayMode","METHOD","","package-private","","void","","@Test","","67"
"test","app/src/test/java/de/mkalb/etpetssim/simulations/langton/model/LangtonConfigTest.java","de.mkalb.etpetssim.simulations.langton.model","LangtonConfigTest","CLASS","testIsValidRejectsMovementRulesInvalidForTriangle","METHOD","","package-private","","void","","@Test","","79"
"test","app/src/test/java/de/mkalb/etpetssim/simulations/langton/model/LangtonConfigTest.java","de.mkalb.etpetssim.simulations.langton.model","LangtonConfigTest","CLASS","testIsValidAcceptsMovementRulesValidForTriangle","METHOD","","package-private","","void","","@Test","","91"
"test","app/src/test/java/de/mkalb/etpetssim/simulations/langton/model/LangtonUserActionTest.java","de.mkalb.etpetssim.simulations.langton.model","LangtonUserActionTest","CLASS","createConfig","METHOD","","private","static","LangtonConfig","","","","13"
"test","app/src/test/java/de/mkalb/etpetssim/simulations/langton/model/LangtonUserActionTest.java","de.mkalb.etpetssim.simulations.langton.model","LangtonUserActionTest","CLASS","createConfig","METHOD","CellShape","private","static","LangtonConfig","","","","17"
"test","app/src/test/java/de/mkalb/etpetssim/simulations/langton/model/LangtonUserActionTest.java","de.mkalb.etpetssim.simulations.langton.model","LangtonUserActionTest","CLASS","selectedCell","METHOD","LangtonSimulationManager, GridCoordinate","private","static","LangtonCell","","","","31"
"test","app/src/test/java/de/mkalb/etpetssim/simulations/langton/model/LangtonUserActionTest.java","de.mkalb.etpetssim.simulations.langton.model","LangtonUserActionTest","CLASS","testAddAntUsesSelectedDirectionOnUnvisitedCell","METHOD","","package-private","","void","","@Test","","35"
"test","app/src/test/java/de/mkalb/etpetssim/simulations/langton/model/LangtonUserActionTest.java","de.mkalb.etpetssim.simulations.langton.model","LangtonUserActionTest","CLASS","testAddAntUsesValidDirectionForTriangleCellPointingDown","METHOD","","package-private","","void","","@Test","","62"
"test","app/src/test/java/de/mkalb/etpetssim/simulations/langton/model/LangtonUserActionTest.java","de.mkalb.etpetssim.simulations.langton.model","LangtonUserActionTest","CLASS","testAddAntIgnoresInvalidDirectionForTriangleCellPointingDown","METHOD","","package-private","","void","","@Test","","80"
"test","app/src/test/java/de/mkalb/etpetssim/simulations/langton/model/LangtonUserActionTest.java","de.mkalb.etpetssim.simulations.langton.model","LangtonUserActionTest","CLASS","testAddAntUsesValidDirectionForTriangleCellPointingUp","METHOD","","package-private","","void","","@Test","","101"
"test","app/src/test/java/de/mkalb/etpetssim/simulations/langton/model/LangtonUserActionTest.java","de.mkalb.etpetssim.simulations.langton.model","LangtonUserActionTest","CLASS","testRemoveAntRemovesSelectedAntCell","METHOD","","package-private","","void","","@Test","","119"
"test","app/src/test/java/de/mkalb/etpetssim/simulations/langton/model/LangtonUserActionTest.java","de.mkalb.etpetssim.simulations.langton.model","LangtonUserActionTest","CLASS","testRemoveAntOnCellWithoutAntDoesNothing","METHOD","","package-private","","void","","@Test","","144"
"test","app/src/test/java/de/mkalb/etpetssim/simulations/langton/shared/LangtonUserActionContextTest.java","de.mkalb.etpetssim.simulations.langton.shared","LangtonUserActionContextTest","CLASS","testPermittedSubclasses","METHOD","","package-private","","void","","@Test","","11"
"test","app/src/test/java/de/mkalb/etpetssim/simulations/langton/shared/LangtonUserActionContextTest.java","de.mkalb.etpetssim.simulations.langton.shared","LangtonUserActionContextTest","CLASS","testFixedActionDeclarationOrder","METHOD","","package-private","","void","","@Test","","21"
"test","app/src/test/java/de/mkalb/etpetssim/simulations/langton/shared/LangtonUserActionContextTest.java","de.mkalb.etpetssim.simulations.langton.shared","LangtonUserActionContextTest","CLASS","testAddAntStoresDirection","METHOD","","package-private","","void","","@Test","","30"
"test","app/src/test/java/de/mkalb/etpetssim/simulations/langton/viewmodel/LangtonEditToolBarViewModelTest.java","de.mkalb.etpetssim.simulations.langton.viewmodel","LangtonEditToolBarViewModelTest","CLASS","createConfig","METHOD","CellShape","private","static","LangtonConfig","","","","13"
"test","app/src/test/java/de/mkalb/etpetssim/simulations/langton/viewmodel/LangtonEditToolBarViewModelTest.java","de.mkalb.etpetssim.simulations.langton.viewmodel","LangtonEditToolBarViewModelTest","CLASS","testUpdateAvailableDirectionsForTriangleClearsDirections","METHOD","","package-private","","void","","@Test","","27"
"test","app/src/test/java/de/mkalb/etpetssim/simulations/langton/viewmodel/LangtonEditToolBarViewModelTest.java","de.mkalb.etpetssim.simulations.langton.viewmodel","LangtonEditToolBarViewModelTest","CLASS","testResolveSelectedAddAntContextForTriangleCellPointingDownUsesNorth","METHOD","","package-private","","void","","@Test","","39"
"test","app/src/test/java/de/mkalb/etpetssim/simulations/langton/viewmodel/LangtonEditToolBarViewModelTest.java","de.mkalb.etpetssim.simulations.langton.viewmodel","LangtonEditToolBarViewModelTest","CLASS","testResolveSelectedAddAntContextForTriangleCellPointingUpUsesSouth","METHOD","","package-private","","void","","@Test","","49"
"test","app/src/test/java/de/mkalb/etpetssim/simulations/langton/viewmodel/LangtonEditToolBarViewModelTest.java","de.mkalb.etpetssim.simulations.langton.viewmodel","LangtonEditToolBarViewModelTest","CLASS","testResolveSelectedAddAntContextForTriangleWithoutSelectedCellIsEmpty","METHOD","","package-private","","void","","@Test","","59"
"test","app/src/test/java/de/mkalb/etpetssim/simulations/rebounding/model/ReboundingConfigTest.java","de.mkalb.etpetssim.simulations.rebounding.model","ReboundingConfigTest","CLASS","createConfig","METHOD","CellShape, GridEdgeBehavior, CellDisplayMode, int, double, NeighborhoodMode","private","static","ReboundingConfig","","","","12"
"test","app/src/test/java/de/mkalb/etpetssim/simulations/rebounding/model/ReboundingConfigTest.java","de.mkalb.etpetssim.simulations.rebounding.model","ReboundingConfigTest","CLASS","testIsValidWithDefaultConstraints","METHOD","","package-private","","void","","@Test","","32"
"test","app/src/test/java/de/mkalb/etpetssim/simulations/rebounding/model/ReboundingConfigTest.java","de.mkalb.etpetssim.simulations.rebounding.model","ReboundingConfigTest","CLASS","testIsValidRejectsUnsupportedCellShape","METHOD","","package-private","","void","","@Test","","45"
"test","app/src/test/java/de/mkalb/etpetssim/simulations/rebounding/model/ReboundingConfigTest.java","de.mkalb.etpetssim.simulations.rebounding.model","ReboundingConfigTest","CLASS","testIsValidRejectsUnsupportedGridEdgeBehavior","METHOD","","package-private","","void","","@Test","","58"
"test","app/src/test/java/de/mkalb/etpetssim/simulations/rebounding/model/ReboundingConfigTest.java","de.mkalb.etpetssim.simulations.rebounding.model","ReboundingConfigTest","CLASS","testIsValidRejectsUnsupportedCellDisplayMode","METHOD","","package-private","","void","","@Test","","71"
"test","app/src/test/java/de/mkalb/etpetssim/simulations/rebounding/model/ReboundingConfigTest.java","de.mkalb.etpetssim.simulations.rebounding.model","ReboundingConfigTest","CLASS","testIsValidRejectsVerticalWallsOutsideRange","METHOD","","package-private","","void","","@Test","","84"
"test","app/src/test/java/de/mkalb/etpetssim/simulations/rebounding/model/ReboundingConfigTest.java","de.mkalb.etpetssim.simulations.rebounding.model","ReboundingConfigTest","CLASS","testIsValidRejectsMovingEntityPercentOutsideRange","METHOD","","package-private","","void","","@Test","","97"
"test","app/src/test/java/de/mkalb/etpetssim/simulations/rebounding/model/ReboundingConfigTest.java","de.mkalb.etpetssim.simulations.rebounding.model","ReboundingConfigTest","CLASS","testIsValidAcceptsSupportedAlternativeSelections","METHOD","","package-private","","void","","@Test","","110"
"test","app/src/test/java/de/mkalb/etpetssim/simulations/rebounding/model/ReboundingUserActionTest.java","de.mkalb.etpetssim.simulations.rebounding.model","ReboundingUserActionTest","CLASS","createConfig","METHOD","int, double","private","static","ReboundingConfig","","","","15"
"test","app/src/test/java/de/mkalb/etpetssim/simulations/rebounding/model/ReboundingUserActionTest.java","de.mkalb.etpetssim.simulations.rebounding.model","ReboundingUserActionTest","CLASS","selectedCell","METHOD","ReboundingSimulationManager, GridCoordinate","private","static","GridCell<ReboundingEntity>","","","","30"
"test","app/src/test/java/de/mkalb/etpetssim/simulations/rebounding/model/ReboundingUserActionTest.java","de.mkalb.etpetssim.simulations.rebounding.model","ReboundingUserActionTest","CLASS","testAddWallAddsWallToSelectedGroundCell","METHOD","","package-private","","void","","@Test","","34"
"test","app/src/test/java/de/mkalb/etpetssim/simulations/rebounding/model/ReboundingUserActionTest.java","de.mkalb.etpetssim.simulations.rebounding.model","ReboundingUserActionTest","CLASS","testRemoveWallRemovesSelectedWallCell","METHOD","","package-private","","void","","@Test","","52"
"test","app/src/test/java/de/mkalb/etpetssim/simulations/rebounding/model/ReboundingUserActionTest.java","de.mkalb.etpetssim.simulations.rebounding.model","ReboundingUserActionTest","CLASS","testRemoveRebounderRemovesSelectedRebounderCell","METHOD","","package-private","","void","","@Test","","74"
"test","app/src/test/java/de/mkalb/etpetssim/simulations/rebounding/model/ReboundingUserActionTest.java","de.mkalb.etpetssim.simulations.rebounding.model","ReboundingUserActionTest","CLASS","testAddRebounderAddsSelectedDirectionToGroundCell","METHOD","","package-private","","void","","@Test","","96"
"test","app/src/test/java/de/mkalb/etpetssim/simulations/rebounding/model/ReboundingUserActionTest.java","de.mkalb.etpetssim.simulations.rebounding.model","ReboundingUserActionTest","CLASS","testFillWallsFillsAllGroundCells","METHOD","","package-private","","void","","@Test","","114"
"test","app/src/test/java/de/mkalb/etpetssim/simulations/rebounding/model/ReboundingUserActionTest.java","de.mkalb.etpetssim.simulations.rebounding.model","ReboundingUserActionTest","CLASS","testFillWallsKeepsExistingRebounderCells","METHOD","","package-private","","void","","@Test","","131"
"test","app/src/test/java/de/mkalb/etpetssim/simulations/rebounding/shared/ReboundingUserActionContextTest.java","de.mkalb.etpetssim.simulations.rebounding.shared","ReboundingUserActionContextTest","CLASS","testPermittedSubclasses","METHOD","","package-private","","void","","@Test","","11"
"test","app/src/test/java/de/mkalb/etpetssim/simulations/rebounding/shared/ReboundingUserActionContextTest.java","de.mkalb.etpetssim.simulations.rebounding.shared","ReboundingUserActionContextTest","CLASS","testFixedActionDeclarationOrder","METHOD","","package-private","","void","","@Test","","21"
"test","app/src/test/java/de/mkalb/etpetssim/simulations/rebounding/shared/ReboundingUserActionContextTest.java","de.mkalb.etpetssim.simulations.rebounding.shared","ReboundingUserActionContextTest","CLASS","testAddRebounderStoresDirection","METHOD","","package-private","","void","","@Test","","33"
"test","app/src/test/java/de/mkalb/etpetssim/simulations/snake/model/SnakeConfigTest.java","de.mkalb.etpetssim.simulations.snake.model","SnakeConfigTest","CLASS","createConfig","METHOD","CellShape, GridEdgeBehavior, CellDisplayMode, int, int, int, int, SnakeDeathMode, int, int, double, NeighborhoodMode","private","static","SnakeConfig","","","","13"
"test","app/src/test/java/de/mkalb/etpetssim/simulations/snake/model/SnakeConfigTest.java","de.mkalb.etpetssim.simulations.snake.model","SnakeConfigTest","CLASS","testIsValidWithDefaultConstraints","METHOD","","package-private","","void","","@Test","","45"
"test","app/src/test/java/de/mkalb/etpetssim/simulations/snake/model/SnakeConfigTest.java","de.mkalb.etpetssim.simulations.snake.model","SnakeConfigTest","CLASS","testIsValidRejectsUnsupportedCellShape","METHOD","","package-private","","void","","@Test","","64"
"test","app/src/test/java/de/mkalb/etpetssim/simulations/snake/model/SnakeConfigTest.java","de.mkalb.etpetssim.simulations.snake.model","SnakeConfigTest","CLASS","testIsValidRejectsUnsupportedCellDisplayMode","METHOD","","package-private","","void","","@Test","","83"
"test","app/src/test/java/de/mkalb/etpetssim/simulations/snake/model/SnakeConfigTest.java","de.mkalb.etpetssim.simulations.snake.model","SnakeConfigTest","CLASS","testIsValidRejectsUnexpectedNeighborhoodMode","METHOD","","package-private","","void","","@Test","","102"
"test","app/src/test/java/de/mkalb/etpetssim/simulations/snake/model/SnakeConfigTest.java","de.mkalb.etpetssim.simulations.snake.model","SnakeConfigTest","CLASS","testIsValidRejectsVerticalWallsOutsideRange","METHOD","","package-private","","void","","@Test","","121"
"test","app/src/test/java/de/mkalb/etpetssim/simulations/snake/model/SnakeConfigTest.java","de.mkalb.etpetssim.simulations.snake.model","SnakeConfigTest","CLASS","testIsValidRejectsFoodCellsOutsideRange","METHOD","","package-private","","void","","@Test","","140"
"test","app/src/test/java/de/mkalb/etpetssim/simulations/snake/model/SnakeConfigTest.java","de.mkalb.etpetssim.simulations.snake.model","SnakeConfigTest","CLASS","testIsValidRejectsSnakesOutsideRange","METHOD","","package-private","","void","","@Test","","159"
"test","app/src/test/java/de/mkalb/etpetssim/simulations/snake/model/SnakeConfigTest.java","de.mkalb.etpetssim.simulations.snake.model","SnakeConfigTest","CLASS","testIsValidRejectsInitialPendingGrowthOutsideRange","METHOD","","package-private","","void","","@Test","","178"
"test","app/src/test/java/de/mkalb/etpetssim/simulations/snake/model/SnakeConfigTest.java","de.mkalb.etpetssim.simulations.snake.model","SnakeConfigTest","CLASS","testIsValidRejectsGrowthPerFoodOutsideRange","METHOD","","package-private","","void","","@Test","","197"
"test","app/src/test/java/de/mkalb/etpetssim/simulations/snake/model/SnakeConfigTest.java","de.mkalb.etpetssim.simulations.snake.model","SnakeConfigTest","CLASS","testIsValidRejectsBasePointsPerFoodOutsideRange","METHOD","","package-private","","void","","@Test","","216"
"test","app/src/test/java/de/mkalb/etpetssim/simulations/snake/model/SnakeConfigTest.java","de.mkalb.etpetssim.simulations.snake.model","SnakeConfigTest","CLASS","testIsValidRejectsSegmentLengthMultiplierOutsideRange","METHOD","","package-private","","void","","@Test","","235"
"test","app/src/test/java/de/mkalb/etpetssim/simulations/snake/model/SnakeConfigTest.java","de.mkalb.etpetssim.simulations.snake.model","SnakeConfigTest","CLASS","testIsValidAcceptsSupportedAlternativeSelections","METHOD","","package-private","","void","","@Test","","254"
"test","app/src/test/java/de/mkalb/etpetssim/simulations/snake/model/SnakeUserActionTest.java","de.mkalb.etpetssim.simulations.snake.model","SnakeUserActionTest","CLASS","createConfig","METHOD","","private","static","SnakeConfig","","","","16"
"test","app/src/test/java/de/mkalb/etpetssim/simulations/snake/model/SnakeUserActionTest.java","de.mkalb.etpetssim.simulations.snake.model","SnakeUserActionTest","CLASS","selectedCell","METHOD","SnakeSimulationManager, GridCoordinate","private","static","GridCell<SnakeEntity>","","","","37"
"test","app/src/test/java/de/mkalb/etpetssim/simulations/snake/model/SnakeUserActionTest.java","de.mkalb.etpetssim.simulations.snake.model","SnakeUserActionTest","CLASS","testApplyIgnoresMissingSelection","METHOD","","package-private","","void","","@Test","","41"
"test","app/src/test/java/de/mkalb/etpetssim/simulations/snake/model/SnakeUserActionTest.java","de.mkalb.etpetssim.simulations.snake.model","SnakeUserActionTest","CLASS","testAddWallAddsWallToSelectedGroundCell","METHOD","","package-private","","void","","@Test","","54"
"test","app/src/test/java/de/mkalb/etpetssim/simulations/snake/model/SnakeUserActionTest.java","de.mkalb.etpetssim.simulations.snake.model","SnakeUserActionTest","CLASS","testRemoveWallRemovesSelectedWallCell","METHOD","","package-private","","void","","@Test","","68"
"test","app/src/test/java/de/mkalb/etpetssim/simulations/snake/model/SnakeUserActionTest.java","de.mkalb.etpetssim.simulations.snake.model","SnakeUserActionTest","CLASS","testAddFoodAddsFoodToSelectedGroundCell","METHOD","","package-private","","void","","@Test","","84"
"test","app/src/test/java/de/mkalb/etpetssim/simulations/snake/model/SnakeUserActionTest.java","de.mkalb.etpetssim.simulations.snake.model","SnakeUserActionTest","CLASS","testRemoveFoodRemovesSelectedFoodCell","METHOD","","package-private","","void","","@Test","","98"
"test","app/src/test/java/de/mkalb/etpetssim/simulations/snake/model/SnakeUserActionTest.java","de.mkalb.etpetssim.simulations.snake.model","SnakeUserActionTest","CLASS","testAddSnakeAddsSnakeHeadToSelectedGroundCell","METHOD","","package-private","","void","","@Test","","114"
"test","app/src/test/java/de/mkalb/etpetssim/simulations/snake/model/SnakeUserActionTest.java","de.mkalb.etpetssim.simulations.snake.model","SnakeUserActionTest","CLASS","testRemoveSnakeRemovesHeadAndSegmentsWhenSegmentIsSelected","METHOD","","package-private","","void","","@Test","","133"
"test","app/src/test/java/de/mkalb/etpetssim/simulations/snake/shared/SnakeUserActionContextTest.java","de.mkalb.etpetssim.simulations.snake.shared","SnakeUserActionContextTest","CLASS","testPermittedSubclasses","METHOD","","package-private","","void","","@Test","","11"
"test","app/src/test/java/de/mkalb/etpetssim/simulations/snake/shared/SnakeUserActionContextTest.java","de.mkalb.etpetssim.simulations.snake.shared","SnakeUserActionContextTest","CLASS","testFixedActionDeclarationOrder","METHOD","","package-private","","void","","@Test","","21"
"test","app/src/test/java/de/mkalb/etpetssim/simulations/snake/shared/SnakeUserActionContextTest.java","de.mkalb.etpetssim.simulations.snake.shared","SnakeUserActionContextTest","CLASS","testAddSnakeStoresStrategy","METHOD","","package-private","","void","","@Test","","34"
"test","app/src/test/java/de/mkalb/etpetssim/simulations/sugar/model/SugarConfigTest.java","de.mkalb.etpetssim.simulations.sugar.model","SugarConfigTest","CLASS","createConfig","METHOD","CellShape, GridEdgeBehavior, CellDisplayMode, double, int, int, int, int, int, int, int, int, int, NeighborhoodMode","private","static","SugarConfig","","","","12"
"test","app/src/test/java/de/mkalb/etpetssim/simulations/sugar/model/SugarConfigTest.java","de.mkalb.etpetssim.simulations.sugar.model","SugarConfigTest","CLASS","testIsValidWithDefaultConstraints","METHOD","","package-private","","void","","@Test","","48"
"test","app/src/test/java/de/mkalb/etpetssim/simulations/sugar/model/SugarConfigTest.java","de.mkalb.etpetssim.simulations.sugar.model","SugarConfigTest","CLASS","testIsValidRejectsUnsupportedCellShape","METHOD","","package-private","","void","","@Test","","69"
"test","app/src/test/java/de/mkalb/etpetssim/simulations/sugar/model/SugarConfigTest.java","de.mkalb.etpetssim.simulations.sugar.model","SugarConfigTest","CLASS","testIsValidRejectsUnsupportedCellDisplayMode","METHOD","","package-private","","void","","@Test","","90"
"test","app/src/test/java/de/mkalb/etpetssim/simulations/sugar/model/SugarConfigTest.java","de.mkalb.etpetssim.simulations.sugar.model","SugarConfigTest","CLASS","testIsValidRejectsUnsupportedGridEdgeBehavior","METHOD","","package-private","","void","","@Test","","111"
"test","app/src/test/java/de/mkalb/etpetssim/simulations/sugar/model/SugarConfigTest.java","de.mkalb.etpetssim.simulations.sugar.model","SugarConfigTest","CLASS","testIsValidRejectsUnexpectedNeighborhoodMode","METHOD","","package-private","","void","","@Test","","132"
"test","app/src/test/java/de/mkalb/etpetssim/simulations/sugar/model/SugarConfigTest.java","de.mkalb.etpetssim.simulations.sugar.model","SugarConfigTest","CLASS","testIsValidRejectsUnexpectedMinSugarAmount","METHOD","","package-private","","void","","@Test","","153"
"test","app/src/test/java/de/mkalb/etpetssim/simulations/sugar/model/SugarConfigTest.java","de.mkalb.etpetssim.simulations.sugar.model","SugarConfigTest","CLASS","testIsValidRejectsAgentPercentOutsideRange","METHOD","","package-private","","void","","@Test","","174"
"test","app/src/test/java/de/mkalb/etpetssim/simulations/sugar/model/SugarConfigTest.java","de.mkalb.etpetssim.simulations.sugar.model","SugarConfigTest","CLASS","testIsValidRejectsMaxSugarAmountOutsideRange","METHOD","","package-private","","void","","@Test","","195"
"test","app/src/test/java/de/mkalb/etpetssim/simulations/sugar/model/SugarConfigTest.java","de.mkalb.etpetssim.simulations.sugar.model","SugarConfigTest","CLASS","testIsValidRejectsSugarPeaksOutsideRange","METHOD","","package-private","","void","","@Test","","216"
"test","app/src/test/java/de/mkalb/etpetssim/simulations/sugar/model/SugarConfigTest.java","de.mkalb.etpetssim.simulations.sugar.model","SugarConfigTest","CLASS","testIsValidRejectsSugarRadiusLimitOutsideRange","METHOD","","package-private","","void","","@Test","","237"
"test","app/src/test/java/de/mkalb/etpetssim/simulations/sugar/model/SugarConfigTest.java","de.mkalb.etpetssim.simulations.sugar.model","SugarConfigTest","CLASS","testIsValidRejectsAgentInitialEnergyOutsideRange","METHOD","","package-private","","void","","@Test","","258"
"test","app/src/test/java/de/mkalb/etpetssim/simulations/sugar/model/SugarConfigTest.java","de.mkalb.etpetssim.simulations.sugar.model","SugarConfigTest","CLASS","testIsValidRejectsSugarRegenerationRateOutsideRange","METHOD","","package-private","","void","","@Test","","279"
"test","app/src/test/java/de/mkalb/etpetssim/simulations/sugar/model/SugarConfigTest.java","de.mkalb.etpetssim.simulations.sugar.model","SugarConfigTest","CLASS","testIsValidRejectsAgentMetabolismRateOutsideRange","METHOD","","package-private","","void","","@Test","","300"
"test","app/src/test/java/de/mkalb/etpetssim/simulations/sugar/model/SugarConfigTest.java","de.mkalb.etpetssim.simulations.sugar.model","SugarConfigTest","CLASS","testIsValidRejectsAgentVisionRangeOutsideRange","METHOD","","package-private","","void","","@Test","","321"
"test","app/src/test/java/de/mkalb/etpetssim/simulations/sugar/model/SugarConfigTest.java","de.mkalb.etpetssim.simulations.sugar.model","SugarConfigTest","CLASS","testIsValidRejectsAgentMaxAgeOutsideRange","METHOD","","package-private","","void","","@Test","","342"
"test","app/src/test/java/de/mkalb/etpetssim/simulations/sugar/model/SugarConfigTest.java","de.mkalb.etpetssim.simulations.sugar.model","SugarConfigTest","CLASS","testIsValidAcceptsSupportedAlternativeSelections","METHOD","","package-private","","void","","@Test","","363"
"test","app/src/test/java/de/mkalb/etpetssim/simulations/sugar/model/SugarUserActionTest.java","de.mkalb.etpetssim.simulations.sugar.model","SugarUserActionTest","CLASS","createConfig","METHOD","","private","static","SugarConfig","","","","12"
"test","app/src/test/java/de/mkalb/etpetssim/simulations/sugar/model/SugarUserActionTest.java","de.mkalb.etpetssim.simulations.sugar.model","SugarUserActionTest","CLASS","testAddSugarAddsResourceWithSelectedLevel","METHOD","","package-private","","void","","@Test","","35"
"test","app/src/test/java/de/mkalb/etpetssim/simulations/sugar/model/SugarUserActionTest.java","de.mkalb.etpetssim.simulations.sugar.model","SugarUserActionTest","CLASS","testRemoveSugarRemovesSelectedResourceCell","METHOD","","package-private","","void","","@Test","","62"
"test","app/src/test/java/de/mkalb/etpetssim/simulations/sugar/shared/SugarUserActionContextTest.java","de.mkalb.etpetssim.simulations.sugar.shared","SugarUserActionContextTest","CLASS","testPermittedSubclasses","METHOD","","package-private","","void","","@Test","","10"
"test","app/src/test/java/de/mkalb/etpetssim/simulations/sugar/shared/SugarUserActionContextTest.java","de.mkalb.etpetssim.simulations.sugar.shared","SugarUserActionContextTest","CLASS","testFixedActionDeclarationOrder","METHOD","","package-private","","void","","@Test","","20"
"test","app/src/test/java/de/mkalb/etpetssim/simulations/sugar/shared/SugarUserActionContextTest.java","de.mkalb.etpetssim.simulations.sugar.shared","SugarUserActionContextTest","CLASS","testAddSugarStoresLevel","METHOD","","package-private","","void","","@Test","","29"
"test","app/src/test/java/de/mkalb/etpetssim/simulations/wator/model/WatorConfigTest.java","de.mkalb.etpetssim.simulations.wator.model","WatorConfigTest","CLASS","createConfig","METHOD","CellShape, GridEdgeBehavior, CellDisplayMode, double, double, int, int, int, int, int, int, int, int, int, int, NeighborhoodMode","private","static","WatorConfig","","","","12"
"test","app/src/test/java/de/mkalb/etpetssim/simulations/wator/model/WatorConfigTest.java","de.mkalb.etpetssim.simulations.wator.model","WatorConfigTest","CLASS","createConfig","METHOD","double, double, int, int, int, int, int, int, int, int, int, int, NeighborhoodMode","private","static","WatorConfig","","","","52"
"test","app/src/test/java/de/mkalb/etpetssim/simulations/wator/model/WatorConfigTest.java","de.mkalb.etpetssim.simulations.wator.model","WatorConfigTest","CLASS","testIsValidWithDefaultConstraints","METHOD","","package-private","","void","","@Test","","84"
"test","app/src/test/java/de/mkalb/etpetssim/simulations/wator/model/WatorConfigTest.java","de.mkalb.etpetssim.simulations.wator.model","WatorConfigTest","CLASS","testIsValidRejectsUnsupportedGridEdgeBehavior","METHOD","","package-private","","void","","@Test","","104"
"test","app/src/test/java/de/mkalb/etpetssim/simulations/wator/model/WatorConfigTest.java","de.mkalb.etpetssim.simulations.wator.model","WatorConfigTest","CLASS","testIsValidAcceptsEmojiCellDisplayMode","METHOD","","package-private","","void","","@Test","","127"
"test","app/src/test/java/de/mkalb/etpetssim/simulations/wator/model/WatorConfigTest.java","de.mkalb.etpetssim.simulations.wator.model","WatorConfigTest","CLASS","testIsValidAcceptsAlternativeSupportedCellShape","METHOD","","package-private","","void","","@Test","","150"
"test","app/src/test/java/de/mkalb/etpetssim/simulations/wator/model/WatorConfigTest.java","de.mkalb.etpetssim.simulations.wator.model","WatorConfigTest","CLASS","testIsValidRejectsFishPercentOutsideRange","METHOD","","package-private","","void","","@Test","","173"
"test","app/src/test/java/de/mkalb/etpetssim/simulations/wator/model/WatorConfigTest.java","de.mkalb.etpetssim.simulations.wator.model","WatorConfigTest","CLASS","testIsValidRejectsSharkPercentOutsideRange","METHOD","","package-private","","void","","@Test","","193"
"test","app/src/test/java/de/mkalb/etpetssim/simulations/wator/model/WatorConfigTest.java","de.mkalb.etpetssim.simulations.wator.model","WatorConfigTest","CLASS","testIsValidAcceptsPopulationShareSumAtOne","METHOD","","package-private","","void","","@Test","","213"
"test","app/src/test/java/de/mkalb/etpetssim/simulations/wator/model/WatorConfigTest.java","de.mkalb.etpetssim.simulations.wator.model","WatorConfigTest","CLASS","testIsValidRejectsFishMaxAgeOutsideRange","METHOD","","package-private","","void","","@Test","","233"
"test","app/src/test/java/de/mkalb/etpetssim/simulations/wator/model/WatorConfigTest.java","de.mkalb.etpetssim.simulations.wator.model","WatorConfigTest","CLASS","testIsValidRejectsFishMinReproductionAgeOutsideRange","METHOD","","package-private","","void","","@Test","","253"
"test","app/src/test/java/de/mkalb/etpetssim/simulations/wator/model/WatorConfigTest.java","de.mkalb.etpetssim.simulations.wator.model","WatorConfigTest","CLASS","testIsValidRejectsFishMinReproductionIntervalOutsideRange","METHOD","","package-private","","void","","@Test","","273"
"test","app/src/test/java/de/mkalb/etpetssim/simulations/wator/model/WatorConfigTest.java","de.mkalb.etpetssim.simulations.wator.model","WatorConfigTest","CLASS","testIsValidRejectsSharkMaxAgeOutsideRange","METHOD","","package-private","","void","","@Test","","293"
"test","app/src/test/java/de/mkalb/etpetssim/simulations/wator/model/WatorConfigTest.java","de.mkalb.etpetssim.simulations.wator.model","WatorConfigTest","CLASS","testIsValidRejectsSharkBirthEnergyOutsideRange","METHOD","","package-private","","void","","@Test","","313"
"test","app/src/test/java/de/mkalb/etpetssim/simulations/wator/model/WatorConfigTest.java","de.mkalb.etpetssim.simulations.wator.model","WatorConfigTest","CLASS","testIsValidRejectsSharkEnergyLossPerStepOutsideRange","METHOD","","package-private","","void","","@Test","","333"
"test","app/src/test/java/de/mkalb/etpetssim/simulations/wator/model/WatorConfigTest.java","de.mkalb.etpetssim.simulations.wator.model","WatorConfigTest","CLASS","testIsValidRejectsSharkEnergyGainPerFishOutsideRange","METHOD","","package-private","","void","","@Test","","353"
"test","app/src/test/java/de/mkalb/etpetssim/simulations/wator/model/WatorConfigTest.java","de.mkalb.etpetssim.simulations.wator.model","WatorConfigTest","CLASS","testIsValidRejectsSharkMinReproductionAgeOutsideRange","METHOD","","package-private","","void","","@Test","","373"
"test","app/src/test/java/de/mkalb/etpetssim/simulations/wator/model/WatorConfigTest.java","de.mkalb.etpetssim.simulations.wator.model","WatorConfigTest","CLASS","testIsValidRejectsSharkMinReproductionEnergyOutsideRange","METHOD","","package-private","","void","","@Test","","393"
"test","app/src/test/java/de/mkalb/etpetssim/simulations/wator/model/WatorConfigTest.java","de.mkalb.etpetssim.simulations.wator.model","WatorConfigTest","CLASS","testIsValidRejectsSharkMinReproductionIntervalOutsideRange","METHOD","","package-private","","void","","@Test","","413"
"test","app/src/test/java/de/mkalb/etpetssim/simulations/wator/model/WatorUserActionTest.java","de.mkalb.etpetssim.simulations.wator.model","WatorUserActionTest","CLASS","createConfig","METHOD","","private","static","WatorConfig","","","","13"
"test","app/src/test/java/de/mkalb/etpetssim/simulations/wator/model/WatorUserActionTest.java","de.mkalb.etpetssim.simulations.wator.model","WatorUserActionTest","CLASS","selectedCell","METHOD","WatorSimulationManager, GridCoordinate","private","static","GridCell<WatorEntity>","","","","38"
"test","app/src/test/java/de/mkalb/etpetssim/simulations/wator/model/WatorUserActionTest.java","de.mkalb.etpetssim.simulations.wator.model","WatorUserActionTest","CLASS","testApplyIgnoresMissingSelection","METHOD","","package-private","","void","","@Test","","42"
"test","app/src/test/java/de/mkalb/etpetssim/simulations/wator/model/WatorUserActionTest.java","de.mkalb.etpetssim.simulations.wator.model","WatorUserActionTest","CLASS","testAddFishAddsFishToSelectedWaterCell","METHOD","","package-private","","void","","@Test","","56"
"test","app/src/test/java/de/mkalb/etpetssim/simulations/wator/model/WatorUserActionTest.java","de.mkalb.etpetssim.simulations.wator.model","WatorUserActionTest","CLASS","testAddSharkAddsSharkToSelectedWaterCell","METHOD","","package-private","","void","","@Test","","71"
"test","app/src/test/java/de/mkalb/etpetssim/simulations/wator/model/WatorUserActionTest.java","de.mkalb.etpetssim.simulations.wator.model","WatorUserActionTest","CLASS","testRemoveCreatureRemovesFishFromSelectedCell","METHOD","","package-private","","void","","@Test","","86"
"test","app/src/test/java/de/mkalb/etpetssim/simulations/wator/model/WatorUserActionTest.java","de.mkalb.etpetssim.simulations.wator.model","WatorUserActionTest","CLASS","testRemoveCreatureRemovesSharkFromSelectedCell","METHOD","","package-private","","void","","@Test","","103"
"test","app/src/test/java/de/mkalb/etpetssim/simulations/wator/shared/WatorUserActionContextTest.java","de.mkalb.etpetssim.simulations.wator.shared","WatorUserActionContextTest","CLASS","testDeclarationOrder","METHOD","","package-private","","void","","@Test","","10"
"test","app/src/test/java/de/mkalb/etpetssim/simulations/wator/shared/WatorUserActionContextTest.java","de.mkalb.etpetssim.simulations.wator.shared","WatorUserActionContextTest","CLASS","testValuesImplementSimulationUserActionContext","METHOD","","package-private","","void","","@Test","","21"
"test","app/src/test/java/de/mkalb/etpetssim/skills/I18nConsistencyCheckTest.java","de.mkalb.etpetssim.skills","I18nConsistencyCheckTest","CLASS","resolveHelperSource","METHOD","","private","static","Path","","","","29"
"test","app/src/test/java/de/mkalb/etpetssim/skills/I18nConsistencyCheckTest.java","de.mkalb.etpetssim.skills","I18nConsistencyCheckTest","CLASS","javaExecutable","METHOD","","private","static","Path","","","","40"
"test","app/src/test/java/de/mkalb/etpetssim/skills/I18nConsistencyCheckTest.java","de.mkalb.etpetssim.skills","I18nConsistencyCheckTest","CLASS","expectedOutput","METHOD","String...","private","static","String","","","","47"
"test","app/src/test/java/de/mkalb/etpetssim/skills/I18nConsistencyCheckTest.java","de.mkalb.etpetssim.skills","I18nConsistencyCheckTest","CLASS","bytesWithLineEnding","METHOD","String, String...","private","static","byte[]","","","","51"
"test","app/src/test/java/de/mkalb/etpetssim/skills/I18nConsistencyCheckTest.java","de.mkalb.etpetssim.skills","I18nConsistencyCheckTest","CLASS","expectedMalformedUtf8Output","METHOD","","private","static","String","","","","55"
"test","app/src/test/java/de/mkalb/etpetssim/skills/I18nConsistencyCheckTest.java","de.mkalb.etpetssim.skills","I18nConsistencyCheckTest","CLASS","destroyProcessTree","METHOD","Process","private","static","void","InterruptedException","","","84"
"test","app/src/test/java/de/mkalb/etpetssim/skills/I18nConsistencyCheckTest.java","de.mkalb.etpetssim.skills","I18nConsistencyCheckTest","CLASS","writeBundles","METHOD","byte[], byte[]","private","","void","IOException","","","94"
"test","app/src/test/java/de/mkalb/etpetssim/skills/I18nConsistencyCheckTest.java","de.mkalb.etpetssim.skills","I18nConsistencyCheckTest","CLASS","runHelper","METHOD","String","private","","ProcessResult","IOException, InterruptedException","","","101"
"test","app/src/test/java/de/mkalb/etpetssim/skills/I18nConsistencyCheckTest.java","de.mkalb.etpetssim.skills","I18nConsistencyCheckTest","CLASS","testReportPrintsKeyAndPlaceholderMismatchesWithoutChangingBundles","METHOD","","package-private","","void","Exception","@Test","","124"
"test","app/src/test/java/de/mkalb/etpetssim/skills/I18nConsistencyCheckTest.java","de.mkalb.etpetssim.skills","I18nConsistencyCheckTest","CLASS","testFixPrintsPostFixReportAndWritesExactLfAndCrlfBytes","METHOD","","package-private","","void","Exception","@Test","","200"
"test","app/src/test/java/de/mkalb/etpetssim/skills/I18nConsistencyCheckTest.java","de.mkalb.etpetssim.skills","I18nConsistencyCheckTest","CLASS","testFixRejectsMalformedUtf8InSecondBundleWithoutChangingEitherBundle","METHOD","","package-private","","void","Exception","@SuppressWarnings(""NumericCastThatLosesPrecision"") | @Test","","285"
"test","app/src/test/java/de/mkalb/etpetssim/skills/I18nConsistencyCheckTest.java","de.mkalb.etpetssim.skills","I18nConsistencyCheckTest","CLASS","testReportParsesPropertiesGrammarWithDecodedKeysValuesAndSourceLines","METHOD","","package-private","","void","Exception","@Test","","302"
"test","app/src/test/java/de/mkalb/etpetssim/skills/I18nConsistencyCheckTest.java","de.mkalb.etpetssim.skills","I18nConsistencyCheckTest","CLASS","testReportKeepsContinuedKeyEscapesOutOfRawValues","METHOD","","package-private","","void","Exception","@Test","","349"
"test","app/src/test/java/de/mkalb/etpetssim/skills/I18nConsistencyCheckTest.java","de.mkalb.etpetssim.skills","I18nConsistencyCheckTest","CLASS","testDuplicateDecodedKeysInBothLocalesAreReportedAndBlockFix","METHOD","","package-private","","void","Exception","@Test","","376"
"test","app/src/test/java/de/mkalb/etpetssim/skills/I18nConsistencyCheckTest.java","de.mkalb.etpetssim.skills","I18nConsistencyCheckTest","CLASS","testMalformedUnicodeEscapesAreReportedWithSourceLinesAndBlockFix","METHOD","","package-private","","void","Exception","@Test","","402"
"test","app/src/test/java/de/mkalb/etpetssim/skills/I18nConsistencyCheckTest.java","de.mkalb.etpetssim.skills","I18nConsistencyCheckTest","CLASS","testFixCanonicalizesValidNonCanonicalSyntaxAndIsIdempotent","METHOD","","package-private","","void","Exception","@Test","","440"
"test","app/src/test/java/de/mkalb/etpetssim/skills/I18nConsistencyCheckTest.java","de.mkalb.etpetssim.skills","I18nConsistencyCheckTest","CLASS","testFixPreservesUnsafeAndLiteralUnicodeLookingEscapes","METHOD","","package-private","","void","Exception","@Test","","468"
"test","app/src/test/java/de/mkalb/etpetssim/skills/I18nConsistencyCheckTest.java","de.mkalb.etpetssim.skills","I18nConsistencyCheckTest","CLASS","testFixReportsLiteralInvisibleCharacterRemovalAndThenMakesNoChanges","METHOD","","package-private","","void","Exception","@Test","","504"
"test","app/src/test/java/de/mkalb/etpetssim/skills/I18nConsistencyCheckTest.java","de.mkalb.etpetssim.skills","I18nConsistencyCheckTest","CLASS","testFixDoesNotCreateEscapesWhenRemovingLiteralInvisibleCharacters","METHOD","","package-private","","void","Exception","@Test","","532"
"test","app/src/test/java/de/mkalb/etpetssim/skills/I18nConsistencyCheckTest.java","de.mkalb.etpetssim.skills","I18nConsistencyCheckTest","CLASS","testFixRejectsEmptyBundleWithoutChangingEitherBundle","METHOD","","package-private","","void","Exception","@Test","","561"
"test","app/src/test/java/de/mkalb/etpetssim/skills/I18nConsistencyCheckTest.java","de.mkalb.etpetssim.skills","I18nConsistencyCheckTest","CLASS","testReportWarnsAboutDecodedTrailingWhitespaceWithoutChangingBundles","METHOD","","package-private","","void","Exception","@Test","","584"
"test","app/src/test/java/de/mkalb/etpetssim/skills/I18nConsistencyCheckTest.java","de.mkalb.etpetssim.skills","I18nConsistencyCheckTest","CLASS","testReportCannotVerifyTrailingNewlineForUnsupportedCrLineEndings","METHOD","","package-private","","void","Exception","@Test","","622"
"test","app/src/test/java/de/mkalb/etpetssim/skills/I18nConsistencyCheckTest.java","de.mkalb.etpetssim.skills","I18nConsistencyCheckTest","CLASS","testReportWarnsAboutValidUnicodeEscapesInKeys","METHOD","","package-private","","void","Exception","@Test","","646"
"test","app/src/test/java/de/mkalb/etpetssim/skills/I18nConsistencyCheckTest.java","de.mkalb.etpetssim.skills","I18nConsistencyCheckTest","CLASS","testReportIgnoresEscapedLiteralUnicodeLookingValues","METHOD","","package-private","","void","Exception","@Test","","673"
"test","app/src/test/java/de/mkalb/etpetssim/skills/I18nConsistencyCheckTest.java","de.mkalb.etpetssim.skills","I18nConsistencyCheckTest","CLASS","testFixCanonicalizesUnicodeEscapesInKeys","METHOD","","package-private","","void","Exception","@Test","","694"
"test","app/src/test/java/de/mkalb/etpetssim/skills/I18nConsistencyCheckTest.java","de.mkalb.etpetssim.skills","I18nConsistencyCheckTest","CLASS","testReportCapsInvisibleCharacterPositionsAndPrintsTotalCount","METHOD","","package-private","","void","Exception","@Test","","710"
"test","app/src/test/java/de/mkalb/etpetssim/skills/JavaMethodInventoryTest.java","de.mkalb.etpetssim.skills","JavaMethodInventoryTest","CLASS","resolveHelperSource","METHOD","","private","static","Path","","","","25"
"test","app/src/test/java/de/mkalb/etpetssim/skills/JavaMethodInventoryTest.java","de.mkalb.etpetssim.skills","JavaMethodInventoryTest","CLASS","javaExecutable","METHOD","","private","static","Path","","","","36"
"test","app/src/test/java/de/mkalb/etpetssim/skills/JavaMethodInventoryTest.java","de.mkalb.etpetssim.skills","JavaMethodInventoryTest","CLASS","destroyProcessTree","METHOD","Process","private","static","void","InterruptedException","","","43"
"test","app/src/test/java/de/mkalb/etpetssim/skills/JavaMethodInventoryTest.java","de.mkalb.etpetssim.skills","JavaMethodInventoryTest","CLASS","writeSource","METHOD","String, String, String","private","","void","IOException","","","53"
"test","app/src/test/java/de/mkalb/etpetssim/skills/JavaMethodInventoryTest.java","de.mkalb.etpetssim.skills","JavaMethodInventoryTest","CLASS","runHelper","METHOD","","private","","ProcessResult","IOException, InterruptedException","@SuppressWarnings(""UseOfProcessBuilder"")","","59"
"test","app/src/test/java/de/mkalb/etpetssim/skills/JavaMethodInventoryTest.java","de.mkalb.etpetssim.skills","JavaMethodInventoryTest","CLASS","testGeneratesCompleteIdempotentInventory","METHOD","","package-private","","void","Exception","@Test","","82"
"test","app/src/test/java/de/mkalb/etpetssim/skills/JavaMethodInventoryTest.java","de.mkalb.etpetssim.skills","JavaMethodInventoryTest","CLASS","testDistinguishesRecordConstructorVisibility","METHOD","","package-private","","void","Exception","@Test","","169"
"test","app/src/test/java/de/mkalb/etpetssim/skills/JavaMethodInventoryTest.java","de.mkalb.etpetssim.skills","JavaMethodInventoryTest","CLASS","testRecognizesCompactConstructorAfterQualifiedSameNameAnnotation","METHOD","","package-private","","void","Exception","@Test","","203"
"test","app/src/test/java/de/mkalb/etpetssim/skills/JavaMethodInventoryTest.java","de.mkalb.etpetssim.skills","JavaMethodInventoryTest","CLASS","testRejectsParserErrorsWithoutReplacingExistingInventory","METHOD","","package-private","","void","Exception","@Test","","242"
"test","app/src/test/java/de/mkalb/etpetssim/ui/CellDimensionAnalyzer.java","de.mkalb.etpetssim.ui","CellDimensionAnalyzer","CLASS","<init>","CONSTRUCTOR","","private","","","","","","21"
"test","app/src/test/java/de/mkalb/etpetssim/ui/CellDimensionAnalyzer.java","de.mkalb.etpetssim.ui","CellDimensionAnalyzer","CLASS","main","METHOD","","package-private","static","void","","","","29"
"test","app/src/test/java/de/mkalb/etpetssim/ui/CellDimensionAnalyzer.java","de.mkalb.etpetssim.ui","CellDimensionAnalyzer","CLASS","computeStrokeLineWidth","METHOD","double","private","static","double","","","","36"
"test","app/src/test/java/de/mkalb/etpetssim/ui/CellDimensionAnalyzer.java","de.mkalb.etpetssim.ui","CellDimensionAnalyzer","CLASS","runCellDimensionSamples","METHOD","","private","static","void","","","","43"
"test","app/src/test/java/de/mkalb/etpetssim/ui/CellDimensionAnalyzer.java","de.mkalb.etpetssim.ui","CellDimensionAnalyzer","CLASS","runStrokeLineWidthSamples","METHOD","","private","static","void","","","","66"
"test","app/src/test/java/de/mkalb/etpetssim/ui/CellDimensionTest.java","de.mkalb.etpetssim.ui","CellDimensionTest","CLASS","setUpBeforeEach","METHOD","","package-private","","void","","@BeforeEach","","35"
"test","app/src/test/java/de/mkalb/etpetssim/ui/CellDimensionTest.java","de.mkalb.etpetssim.ui","CellDimensionTest","CLASS","tearDownAfterEach","METHOD","","package-private","","void","","@AfterEach","","40"
"test","app/src/test/java/de/mkalb/etpetssim/ui/CellDimensionTest.java","de.mkalb.etpetssim.ui","CellDimensionTest","CLASS","testRecord","METHOD","","package-private","","void","","@Test","","45"
"test","app/src/test/java/de/mkalb/etpetssim/ui/CellDimensionTest.java","de.mkalb.etpetssim.ui","CellDimensionTest","CLASS","testConstructorRejectsNonPositiveRequiredDimensions","METHOD","","package-private","","void","","@Test","","66"
"test","app/src/test/java/de/mkalb/etpetssim/ui/CellDimensionTest.java","de.mkalb.etpetssim.ui","CellDimensionTest","CLASS","testConstructorRejectsMismatchedHalfDimensions","METHOD","","package-private","","void","","@Test","","93"
"test","app/src/test/java/de/mkalb/etpetssim/ui/CellDimensionTest.java","de.mkalb.etpetssim.ui","CellDimensionTest","CLASS","testConstructorRejectsOuterRadiusNotGreaterThanInnerRadius","METHOD","","package-private","","void","","@Test","","141"
"test","app/src/test/java/de/mkalb/etpetssim/ui/CellDimensionTest.java","de.mkalb.etpetssim.ui","CellDimensionTest","CLASS","testBoundingBoxDimension","METHOD","","package-private","","void","","@Test","","175"
"test","app/src/test/java/de/mkalb/etpetssim/ui/CellDimensionTest.java","de.mkalb.etpetssim.ui","CellDimensionTest","CLASS","testBoundingBoxAtCoordinates","METHOD","","package-private","","void","","@Test","","182"
"test","app/src/test/java/de/mkalb/etpetssim/ui/CellDimensionTest.java","de.mkalb.etpetssim.ui","CellDimensionTest","CLASS","testBoundingBoxAtPoint","METHOD","","package-private","","void","","@Test","","190"
"test","app/src/test/java/de/mkalb/etpetssim/ui/CellDimensionTest.java","de.mkalb.etpetssim.ui","CellDimensionTest","CLASS","testToDisplayStringUsesUsLocaleFormatting","METHOD","","package-private","","void","","@Test","","198"
"test","app/src/test/java/de/mkalb/etpetssim/ui/CellDimensionTest.java","de.mkalb.etpetssim.ui","CellDimensionTest","CLASS","assertPositiveDimensionValidationFailure","METHOD","Executable","private","","void","","","","216"
"test","app/src/test/java/de/mkalb/etpetssim/ui/CellDimensionTest.java","de.mkalb.etpetssim.ui","CellDimensionTest","CLASS","createValidCellDimension","METHOD","","private","","CellDimension","","","","221"
"test","app/src/test/java/de/mkalb/etpetssim/ui/CellDimensionTest.java","de.mkalb.etpetssim.ui","CellDimensionTest","CLASS","createCellDimension","METHOD","double, double, double, double, double, double, double, double, double, double","private","","CellDimension","","","","235"
"test","app/src/test/java/de/mkalb/etpetssim/ui/CellShapeSideTest.java","de.mkalb.etpetssim.ui","CellShapeSideTest","CLASS","testEnumValues","METHOD","","package-private","","void","","@Test","","9"
"test","app/src/test/java/de/mkalb/etpetssim/ui/CellShapeSideTest.java","de.mkalb.etpetssim.ui","CellShapeSideTest","CLASS","testEnumCount","METHOD","","package-private","","void","","@Test","","17"
"test","app/src/test/java/de/mkalb/etpetssim/ui/CellShapeSideTest.java","de.mkalb.etpetssim.ui","CellShapeSideTest","CLASS","testDeclarationOrder","METHOD","","package-private","","void","","@Test","","22"
"test","app/src/test/java/de/mkalb/etpetssim/ui/CellShapeSideTest.java","de.mkalb.etpetssim.ui","CellShapeSideTest","CLASS","testValueOfInvalidThrows","METHOD","","package-private","","void","","@Test","","30"
"test","app/src/test/java/de/mkalb/etpetssim/ui/CellShapeSideTest.java","de.mkalb.etpetssim.ui","CellShapeSideTest","CLASS","testValueOfNullThrows","METHOD","","package-private","","void","","@Test","","36"
"test","app/src/test/java/de/mkalb/etpetssim/ui/FXComponentFactoryTest.java","de.mkalb.etpetssim.ui","FXComponentFactoryTest","CLASS","setUpBeforeAll","METHOD","","package-private","static","void","","@BeforeAll","","24"
"test","app/src/test/java/de/mkalb/etpetssim/ui/FXComponentFactoryTest.java","de.mkalb.etpetssim.ui","FXComponentFactoryTest","CLASS","testCreateLabelHBoxAndVBoxApplyTextAndStyleClass","METHOD","","package-private","","void","","@Test","","30"
"test","app/src/test/java/de/mkalb/etpetssim/ui/FXComponentFactoryTest.java","de.mkalb.etpetssim.ui","FXComponentFactoryTest","CLASS","testCreateLabeledEnumRadioButtonsSynchronizesSelectionAndProperty","METHOD","","package-private","","void","","@Test","","46"
"test","app/src/test/java/de/mkalb/etpetssim/ui/FXComponentFactoryTest.java","de.mkalb.etpetssim.ui","FXComponentFactoryTest","CLASS","testCreateLabeledEnumCheckBoxSynchronizesSelectionAndProperty","METHOD","","package-private","","void","","@Test","","83"
"test","app/src/test/java/de/mkalb/etpetssim/ui/FXComponentFactoryTest.java","de.mkalb.etpetssim.ui","FXComponentFactoryTest","CLASS","testCreateLabeledEnumCheckBoxRejectsInvalidMappings","METHOD","","package-private","","void","","@Test","","116"
"test","app/src/test/java/de/mkalb/etpetssim/ui/FXComponentFactoryTest.java","de.mkalb.etpetssim.ui","FXComponentFactoryTest","CLASS","testCreateLabeledChoiceComboBoxSynchronizesValuesAndCleanupStopsSynchronization","METHOD","","package-private","","void","","@Test","","139"
"test","app/src/test/java/de/mkalb/etpetssim/ui/FXComponentFactoryTest.java","de.mkalb.etpetssim.ui","FXComponentFactoryTest","CLASS","testCreateLabeledIntSliderBindsValueAndConfiguresSlider","METHOD","","package-private","","void","","@Test","","179"
"test","app/src/test/java/de/mkalb/etpetssim/ui/FXComponentFactoryTest.java","de.mkalb.etpetssim.ui","FXComponentFactoryTest","CLASS","testCreateLabeledIntSpinnerNormalizesEditorInputAndSyncsProperty","METHOD","","package-private","","void","","@Test","","211"
"test","app/src/test/java/de/mkalb/etpetssim/ui/FXComponentFactoryTest.java","de.mkalb.etpetssim.ui","FXComponentFactoryTest","CLASS","testCreateLabeledPercentSliderRoundsValueAndBindsLabel","METHOD","","package-private","","void","","@Test","","242"
"test","app/src/test/java/de/mkalb/etpetssim/ui/FXComponentFactoryTest.java","de.mkalb.etpetssim.ui","FXComponentFactoryTest","CLASS","testCreateLabeledDoubleSliderRoundsValueAndBindsLabel","METHOD","","package-private","","void","","@Test","","268"
"test","app/src/test/java/de/mkalb/etpetssim/ui/FXComponentFactoryTest.java","de.mkalb.etpetssim.ui","FXComponentFactoryTest","CLASS","testCreateLabeledStringTextBoxBindsTextAndClearButton","METHOD","","package-private","","void","","@Test","","296"
"test","app/src/test/java/de/mkalb/etpetssim/ui/FXComponentFactoryTest.java","de.mkalb.etpetssim.ui","FXComponentFactoryTest","CLASS","testCreateLabeledStringTextBoxWithAdoptCopiesValueAndTracksDisableState","METHOD","","package-private","","void","","@Test","","330"
"test","app/src/test/java/de/mkalb/etpetssim/ui/FXGridCanvasPainterTest.java","de.mkalb.etpetssim.ui","FXGridCanvasPainterTest","CLASS","setUpBeforeAll","METHOD","","package-private","static","void","","@BeforeAll","","24"
"test","app/src/test/java/de/mkalb/etpetssim/ui/FXGridCanvasPainterTest.java","de.mkalb.etpetssim.ui","FXGridCanvasPainterTest","CLASS","createStructure","METHOD","CellShape","private","static","GridStructure","","@SuppressWarnings(""SameParameterValue"")","","29"
"test","app/src/test/java/de/mkalb/etpetssim/ui/FXGridCanvasPainterTest.java","de.mkalb.etpetssim.ui","FXGridCanvasPainterTest","CLASS","snapshotColorAt","METHOD","Canvas, int, int","private","static","Color","","","","34"
"test","app/src/test/java/de/mkalb/etpetssim/ui/FXGridCanvasPainterTest.java","de.mkalb.etpetssim.ui","FXGridCanvasPainterTest","CLASS","assertColorEquals","METHOD","Color, Color","private","static","void","","","","41"
"test","app/src/test/java/de/mkalb/etpetssim/ui/FXGridCanvasPainterTest.java","de.mkalb.etpetssim.ui","FXGridCanvasPainterTest","CLASS","testConstructorInitializesAccessorsAndGridChecks","METHOD","","package-private","","void","","@Test","","50"
"test","app/src/test/java/de/mkalb/etpetssim/ui/FXGridCanvasPainterTest.java","de.mkalb.etpetssim.ui","FXGridCanvasPainterTest","CLASS","testConstructorRejectsTooSmallCellEdgeLength","METHOD","","package-private","","void","","@Test","","72"
"test","app/src/test/java/de/mkalb/etpetssim/ui/FXGridCanvasPainterTest.java","de.mkalb.etpetssim.ui","FXGridCanvasPainterTest","CLASS","testFillAndClearCanvasBackgroundAffectSnapshotPixels","METHOD","","package-private","","void","","@Test","","85"
"test","app/src/test/java/de/mkalb/etpetssim/ui/FXGridCanvasPainterTest.java","de.mkalb.etpetssim.ui","FXGridCanvasPainterTest","CLASS","testFillAndClearGridBackgroundAffectOnlyGridArea","METHOD","","package-private","","void","","@Test","","103"
"test","app/src/test/java/de/mkalb/etpetssim/ui/FXGridCanvasPainterTest.java","de.mkalb.etpetssim.ui","FXGridCanvasPainterTest","CLASS","testDrawPixelDirectAndDrawPixelRectRespectBoundsAndNullPaint","METHOD","","package-private","","void","","@Test","","123"
"test","app/src/test/java/de/mkalb/etpetssim/ui/FXGridCanvasPainterTest.java","de.mkalb.etpetssim.ui","FXGridCanvasPainterTest","CLASS","testDrawRectangleCirclePolygonAndPolylineCanRenderVisiblePixels","METHOD","","package-private","","void","","@Test","","144"
"test","app/src/test/java/de/mkalb/etpetssim/ui/FXGridCanvasPainterTest.java","de.mkalb.etpetssim.ui","FXGridCanvasPainterTest","CLASS","testDrawCellAndShapeHelpersCanRenderCells","METHOD","","package-private","","void","","@Test","","164"
"test","app/src/test/java/de/mkalb/etpetssim/ui/FXGridCanvasPainterTest.java","de.mkalb.etpetssim.ui","FXGridCanvasPainterTest","CLASS","testDrawTriangleAndHexagonHelpersCanRenderVisiblePixels","METHOD","","package-private","","void","","@Test","","188"
"test","app/src/test/java/de/mkalb/etpetssim/ui/FXGridCanvasPainterTest.java","de.mkalb.etpetssim.ui","FXGridCanvasPainterTest","CLASS","testTextMeasurementAndDrawingProduceExpectedOffsetsAndPixels","METHOD","","package-private","","void","","@Test","","208"
"test","app/src/test/java/de/mkalb/etpetssim/ui/FXPaintFactoryTest.java","de.mkalb.etpetssim.ui","FXPaintFactoryTest","CLASS","assertColorEquals","METHOD","Color, Color","private","static","void","","","","16"
"test","app/src/test/java/de/mkalb/etpetssim/ui/FXPaintFactoryTest.java","de.mkalb.etpetssim.ui","FXPaintFactoryTest","CLASS","testComputeBrightnessVariantsMapCoversRangeAndUsesEffectiveGroupCount","METHOD","","package-private","","void","","@Test","","25"
"test","app/src/test/java/de/mkalb/etpetssim/ui/FXPaintFactoryTest.java","de.mkalb.etpetssim.ui","FXPaintFactoryTest","CLASS","testComputeBrightnessVariantsMapRejectsInvalidArguments","METHOD","","package-private","","void","","@Test","","37"
"test","app/src/test/java/de/mkalb/etpetssim/ui/FXPaintFactoryTest.java","de.mkalb.etpetssim.ui","FXPaintFactoryTest","CLASS","testAdjustBrightnessClampsComponentsAndPreservesOpacity","METHOD","","package-private","","void","","@Test","","53"
"test","app/src/test/java/de/mkalb/etpetssim/ui/FXPaintFactoryTest.java","de.mkalb.etpetssim.ui","FXPaintFactoryTest","CLASS","testAdjustBrightnessRejectsNonFiniteFactor","METHOD","","package-private","","void","","@Test","","70"
"test","app/src/test/java/de/mkalb/etpetssim/ui/FXPaintFactoryTest.java","de.mkalb.etpetssim.ui","FXPaintFactoryTest","CLASS","testCreateGradientsUseExpectedStopsAndDirection","METHOD","","package-private","","void","","@Test","","80"
"test","app/src/test/java/de/mkalb/etpetssim/ui/FXPaintFactoryTest.java","de.mkalb.etpetssim.ui","FXPaintFactoryTest","CLASS","testAdjustColorAlphaPreservesRgbAndRejectsInvalidAlpha","METHOD","","package-private","","void","","@Test","","99"
"test","app/src/test/java/de/mkalb/etpetssim/ui/FXStyleClassesTest.java","de.mkalb.etpetssim.ui","FXStyleClassesTest","CLASS","getStyleClassConstantValues","METHOD","","private","static","List<String>","","","","12"
"test","app/src/test/java/de/mkalb/etpetssim/ui/FXStyleClassesTest.java","de.mkalb.etpetssim.ui","FXStyleClassesTest","CLASS","getStringValue","METHOD","Field","private","static","String","","","","22"
"test","app/src/test/java/de/mkalb/etpetssim/ui/FXStyleClassesTest.java","de.mkalb.etpetssim.ui","FXStyleClassesTest","CLASS","testStyleClassConstantsAreUniqueAndNonBlank","METHOD","","package-private","","void","","@Test","","30"
"test","app/src/test/java/de/mkalb/etpetssim/ui/FXStyleClassesTest.java","de.mkalb.etpetssim.ui","FXStyleClassesTest","CLASS","testStyleClassConstantsUseCssTokenFormat","METHOD","","package-private","","void","","@Test","","41"
"test","app/src/test/java/de/mkalb/etpetssim/ui/FXStyleClassesTest.java","de.mkalb.etpetssim.ui","FXStyleClassesTest","CLASS","testStyleClassConstantNamesAreAlphabeticallySorted","METHOD","","package-private","","void","","@Test","","48"
"test","app/src/test/java/de/mkalb/etpetssim/ui/GridGeometryTest.java","de.mkalb.etpetssim.ui","GridGeometryTest","CLASS","testMathConstants","METHOD","","package-private","","void","","@Test","","24"
"test","app/src/test/java/de/mkalb/etpetssim/ui/GridGeometryTest.java","de.mkalb.etpetssim.ui","GridGeometryTest","CLASS","testFractionConstants","METHOD","","package-private","","void","","@Test","","34"
"test","app/src/test/java/de/mkalb/etpetssim/ui/GridGeometryTest.java","de.mkalb.etpetssim.ui","GridGeometryTest","CLASS","testEdgeLengthBoundaryConstants","METHOD","","package-private","","void","","@Test","","44"
"test","app/src/test/java/de/mkalb/etpetssim/ui/GridGeometryTest.java","de.mkalb.etpetssim.ui","GridGeometryTest","CLASS","testConvertEdgeLengthToMatchWidthForSameShape","METHOD","","package-private","","void","","@Test","","54"
"test","app/src/test/java/de/mkalb/etpetssim/ui/GridGeometryTest.java","de.mkalb.etpetssim.ui","GridGeometryTest","CLASS","testConvertEdgeLengthToMatchWidthFromHexagon","METHOD","","package-private","","void","","@Test","","63"
"test","app/src/test/java/de/mkalb/etpetssim/ui/GridGeometryTest.java","de.mkalb.etpetssim.ui","GridGeometryTest","CLASS","testConvertEdgeLengthToMatchWidthToHexagon","METHOD","","package-private","","void","","@Test","","71"
"test","app/src/test/java/de/mkalb/etpetssim/ui/GridGeometryTest.java","de.mkalb.etpetssim.ui","GridGeometryTest","CLASS","testConvertEdgeLengthToMatchWidthBetweenTriangleAndSquare","METHOD","","package-private","","void","","@Test","","79"
"test","app/src/test/java/de/mkalb/etpetssim/ui/GridGeometryTest.java","de.mkalb.etpetssim.ui","GridGeometryTest","CLASS","testComputeCellDimensionForTriangle","METHOD","","package-private","","void","","@Test","","89"
"test","app/src/test/java/de/mkalb/etpetssim/ui/GridGeometryTest.java","de.mkalb.etpetssim.ui","GridGeometryTest","CLASS","testComputeCellDimensionForSquare","METHOD","","package-private","","void","","@Test","","103"
"test","app/src/test/java/de/mkalb/etpetssim/ui/GridGeometryTest.java","de.mkalb.etpetssim.ui","GridGeometryTest","CLASS","testComputeCellDimensionForHexagon","METHOD","","package-private","","void","","@Test","","119"
"test","app/src/test/java/de/mkalb/etpetssim/ui/GridGeometryTest.java","de.mkalb.etpetssim.ui","GridGeometryTest","CLASS","testComputeCellDimensionRejectsTooSmallEdgeLength","METHOD","","package-private","","void","","@Test","","134"
"test","app/src/test/java/de/mkalb/etpetssim/ui/GridGeometryTest.java","de.mkalb.etpetssim.ui","GridGeometryTest","CLASS","testComputeCellDimensionRejectsTooLargeEdgeLength","METHOD","","package-private","","void","","@Test","","141"
"test","app/src/test/java/de/mkalb/etpetssim/ui/GridGeometryTest.java","de.mkalb.etpetssim.ui","GridGeometryTest","CLASS","testComputeCellDimensionAcceptsMinAndMaxEdgeLength","METHOD","","package-private","","void","","@Test","","148"
"test","app/src/test/java/de/mkalb/etpetssim/ui/GridGeometryTest.java","de.mkalb.etpetssim.ui","GridGeometryTest","CLASS","testComputeGridDimensionForSquare","METHOD","","package-private","","void","","@Test","","158"
"test","app/src/test/java/de/mkalb/etpetssim/ui/GridGeometryTest.java","de.mkalb.etpetssim.ui","GridGeometryTest","CLASS","testComputeGridDimensionForTriangle","METHOD","","package-private","","void","","@Test","","169"
"test","app/src/test/java/de/mkalb/etpetssim/ui/GridGeometryTest.java","de.mkalb.etpetssim.ui","GridGeometryTest","CLASS","testComputeGridDimensionForHexagon","METHOD","","package-private","","void","","@Test","","183"
"test","app/src/test/java/de/mkalb/etpetssim/ui/GridGeometryTest.java","de.mkalb.etpetssim.ui","GridGeometryTest","CLASS","testComputeGridDimensionConvenienceMethodWithEdgeLength","METHOD","","package-private","","void","","@Test","","197"
"test","app/src/test/java/de/mkalb/etpetssim/ui/GridGeometryTest.java","de.mkalb.etpetssim.ui","GridGeometryTest","CLASS","testIsPointInTriangleForPointInsideTriangle","METHOD","","package-private","","void","","@Test","","211"
"test","app/src/test/java/de/mkalb/etpetssim/ui/GridGeometryTest.java","de.mkalb.etpetssim.ui","GridGeometryTest","CLASS","testIsPointInTriangleForPointOutsideTriangle","METHOD","","package-private","","void","","@Test","","221"
"test","app/src/test/java/de/mkalb/etpetssim/ui/GridGeometryTest.java","de.mkalb.etpetssim.ui","GridGeometryTest","CLASS","testIsPointInTriangleForPointOnVertex","METHOD","","package-private","","void","","@Test","","231"
"test","app/src/test/java/de/mkalb/etpetssim/ui/GridGeometryTest.java","de.mkalb.etpetssim.ui","GridGeometryTest","CLASS","testIsPointInTriangleForPointOnEdge","METHOD","","package-private","","void","","@Test","","244"
"test","app/src/test/java/de/mkalb/etpetssim/ui/GridGeometryTest.java","de.mkalb.etpetssim.ui","GridGeometryTest","CLASS","testToCanvasPositionForSquare","METHOD","","package-private","","void","","@Test","","256"
"test","app/src/test/java/de/mkalb/etpetssim/ui/GridGeometryTest.java","de.mkalb.etpetssim.ui","GridGeometryTest","CLASS","testToCanvasPositionForTriangle","METHOD","","package-private","","void","","@Test","","267"
"test","app/src/test/java/de/mkalb/etpetssim/ui/GridGeometryTest.java","de.mkalb.etpetssim.ui","GridGeometryTest","CLASS","testToCanvasPositionForHexagonWithoutYOffset","METHOD","","package-private","","void","","@Test","","278"
"test","app/src/test/java/de/mkalb/etpetssim/ui/GridGeometryTest.java","de.mkalb.etpetssim.ui","GridGeometryTest","CLASS","testToCanvasPositionForHexagonWithYOffset","METHOD","","package-private","","void","","@Test","","291"
"test","app/src/test/java/de/mkalb/etpetssim/ui/GridGeometryTest.java","de.mkalb.etpetssim.ui","GridGeometryTest","CLASS","testEstimateGridCoordinateForSquare","METHOD","","package-private","","void","","@Test","","308"
"test","app/src/test/java/de/mkalb/etpetssim/ui/GridGeometryTest.java","de.mkalb.etpetssim.ui","GridGeometryTest","CLASS","testEstimateGridCoordinateReturnsIllegalForOutOfBoundsPoint","METHOD","","package-private","","void","","@Test","","324"
"test","app/src/test/java/de/mkalb/etpetssim/ui/GridGeometryTest.java","de.mkalb.etpetssim.ui","GridGeometryTest","CLASS","testFromCanvasPositionForSquare","METHOD","","package-private","","void","","@Test","","341"
"test","app/src/test/java/de/mkalb/etpetssim/ui/GridGeometryTest.java","de.mkalb.etpetssim.ui","GridGeometryTest","CLASS","testFromCanvasPositionRoundTripForSquare","METHOD","","package-private","","void","","@Test","","357"
"test","app/src/test/java/de/mkalb/etpetssim/ui/GridGeometryTest.java","de.mkalb.etpetssim.ui","GridGeometryTest","CLASS","testFromCanvasPositionReturnsIllegalForOutOfBoundsPoint","METHOD","","package-private","","void","","@Test","","371"
"test","app/src/test/java/de/mkalb/etpetssim/ui/GridGeometryTest.java","de.mkalb.etpetssim.ui","GridGeometryTest","CLASS","testComputeCellCenterForSquare","METHOD","","package-private","","void","","@Test","","386"
"test","app/src/test/java/de/mkalb/etpetssim/ui/GridGeometryTest.java","de.mkalb.etpetssim.ui","GridGeometryTest","CLASS","testComputeCellCenterForTrianglePointingUp","METHOD","","package-private","","void","","@Test","","401"
"test","app/src/test/java/de/mkalb/etpetssim/ui/GridGeometryTest.java","de.mkalb.etpetssim.ui","GridGeometryTest","CLASS","testComputeCellCenterForTrianglePointingDown","METHOD","","package-private","","void","","@Test","","418"
"test","app/src/test/java/de/mkalb/etpetssim/ui/GridGeometryTest.java","de.mkalb.etpetssim.ui","GridGeometryTest","CLASS","testComputeCellCenterForHexagon","METHOD","","package-private","","void","","@Test","","435"
"test","app/src/test/java/de/mkalb/etpetssim/ui/GridGeometryTest.java","de.mkalb.etpetssim.ui","GridGeometryTest","CLASS","testComputeCellBounds","METHOD","","package-private","","void","","@Test","","452"
"test","app/src/test/java/de/mkalb/etpetssim/ui/GridGeometryTest.java","de.mkalb.etpetssim.ui","GridGeometryTest","CLASS","testComputeSquarePolygon","METHOD","","package-private","","void","","@Test","","469"
"test","app/src/test/java/de/mkalb/etpetssim/ui/GridGeometryTest.java","de.mkalb.etpetssim.ui","GridGeometryTest","CLASS","testComputeTrianglePolygonForPointingDown","METHOD","","package-private","","void","","@Test","","492"
"test","app/src/test/java/de/mkalb/etpetssim/ui/GridGeometryTest.java","de.mkalb.etpetssim.ui","GridGeometryTest","CLASS","testComputeTrianglePolygonForPointingUp","METHOD","","package-private","","void","","@Test","","503"
"test","app/src/test/java/de/mkalb/etpetssim/ui/GridGeometryTest.java","de.mkalb.etpetssim.ui","GridGeometryTest","CLASS","testComputeHexagonPolygon","METHOD","","package-private","","void","","@Test","","514"
"test","app/src/test/java/de/mkalb/etpetssim/ui/GridGeometryTest.java","de.mkalb.etpetssim.ui","GridGeometryTest","CLASS","testComputeSquareFrameSegmentPolylineForAllSides","METHOD","","package-private","","void","","@Test","","527"
"test","app/src/test/java/de/mkalb/etpetssim/ui/GridGeometryTest.java","de.mkalb.etpetssim.ui","GridGeometryTest","CLASS","testComputeTriangleFrameSegmentPolylineForPointingDown","METHOD","","package-private","","void","","@Test","","555"
"test","app/src/test/java/de/mkalb/etpetssim/ui/GridGeometryTest.java","de.mkalb.etpetssim.ui","GridGeometryTest","CLASS","testComputeTriangleFrameSegmentPolylineForPointingUp","METHOD","","package-private","","void","","@Test","","581"
"test","app/src/test/java/de/mkalb/etpetssim/ui/GridGeometryTest.java","de.mkalb.etpetssim.ui","GridGeometryTest","CLASS","testComputeHexagonFrameSegmentPolylineForAllSides","METHOD","","package-private","","void","","@Test","","599"
"test","app/src/test/java/de/mkalb/etpetssim/ui/GridGeometryTest.java","de.mkalb.etpetssim.ui","GridGeometryTest","CLASS","testComputeTrianglePolygonDirectly","METHOD","","package-private","","void","","@Test","","629"
"test","app/src/test/java/de/mkalb/etpetssim/ui/GridGeometryTest.java","de.mkalb.etpetssim.ui","GridGeometryTest","CLASS","testComputeSquarePolygonDirectly","METHOD","","package-private","","void","","@Test","","645"
"test","app/src/test/java/de/mkalb/etpetssim/ui/GridGeometryTest.java","de.mkalb.etpetssim.ui","GridGeometryTest","CLASS","testComputeHexagonPolygonDirectly","METHOD","","package-private","","void","","@Test","","660"
"test","app/src/test/java/de/mkalb/etpetssim/ui/InputChoicePropertyTest.java","de.mkalb.etpetssim.ui","InputChoicePropertyTest","CLASS","setUpBeforeAll","METHOD","","package-private","static","void","","@BeforeAll","","17"
"test","app/src/test/java/de/mkalb/etpetssim/ui/InputChoicePropertyTest.java","de.mkalb.etpetssim.ui","InputChoicePropertyTest","CLASS","testConstructorMakesDefensiveCopyOfValidValues","METHOD","","package-private","","void","","@Test","","22"
"test","app/src/test/java/de/mkalb/etpetssim/ui/InputChoicePropertyTest.java","de.mkalb.etpetssim.ui","InputChoicePropertyTest","CLASS","testSetInvalidValueUpdatesProperty","METHOD","","package-private","","void","","@Test","","35"
"test","app/src/test/java/de/mkalb/etpetssim/ui/InputChoicePropertyTest.java","de.mkalb.etpetssim.ui","InputChoicePropertyTest","CLASS","testSetValidValueUpdatesProperty","METHOD","","package-private","","void","","@Test","","51"
"test","app/src/test/java/de/mkalb/etpetssim/ui/InputChoicePropertyTest.java","de.mkalb.etpetssim.ui","InputChoicePropertyTest","CLASS","testGetValidValuesReturnsUnmodifiableList","METHOD","","package-private","","void","","@Test","","67"
"test","app/src/test/java/de/mkalb/etpetssim/ui/InputChoicePropertyTest.java","de.mkalb.etpetssim.ui","InputChoicePropertyTest","CLASS","testSingletonValidValuesListReportsNoMultipleValues","METHOD","","package-private","","void","","@Test","","78"
"test","app/src/test/java/de/mkalb/etpetssim/ui/InputChoicePropertyTest.java","de.mkalb.etpetssim.ui","InputChoicePropertyTest","CLASS","testAsStringBindingUsesDisplayNameProviderAndTracksUpdates","METHOD","","package-private","","void","","@Test","","91"
"test","app/src/test/java/de/mkalb/etpetssim/ui/InputChoicePropertyTest.java","de.mkalb.etpetssim.ui","InputChoicePropertyTest","CLASS","testOfRejectsEmptyValidValuesList","METHOD","","package-private","","void","","@Test","","108"
"test","app/src/test/java/de/mkalb/etpetssim/ui/InputChoicePropertyTest.java","de.mkalb.etpetssim.ui","InputChoicePropertyTest","CLASS","testOfRejectsInitialValueOutsideValidValuesList","METHOD","","package-private","","void","","@Test","","116"
"test","app/src/test/java/de/mkalb/etpetssim/ui/InputChoicePropertyTest.java","de.mkalb.etpetssim.ui","InputChoicePropertyTest","CLASS","testOfRejectsDuplicateValidValuesList","METHOD","","package-private","","void","","@Test","","126"
"test","app/src/test/java/de/mkalb/etpetssim/ui/InputChoicePropertyTest.java","de.mkalb.etpetssim.ui","InputChoicePropertyTest","CLASS","testIsInvalidValueReturnsFalseForContainedValue","METHOD","","package-private","","void","","@Test","","136"
"test","app/src/test/java/de/mkalb/etpetssim/ui/InputChoicePropertyTest.java","de.mkalb.etpetssim.ui","InputChoicePropertyTest","CLASS","testIsInvalidValueReturnsTrueForValueOutsideList","METHOD","","package-private","","void","","@Test","","141"
"test","app/src/test/java/de/mkalb/etpetssim/ui/InputChoicePropertyTest.java","de.mkalb.etpetssim.ui","InputChoicePropertyTest","CLASS","testOfEnumUsesAllEnumConstants","METHOD","","package-private","","void","","@Test","","146"
"test","app/src/test/java/de/mkalb/etpetssim/ui/InputDoublePropertyIntRangeTest.java","de.mkalb.etpetssim.ui","InputDoublePropertyIntRangeTest","CLASS","setUpBeforeAll","METHOD","","package-private","static","void","","@BeforeAll","","24"
"test","app/src/test/java/de/mkalb/etpetssim/ui/InputDoublePropertyIntRangeTest.java","de.mkalb.etpetssim.ui","InputDoublePropertyIntRangeTest","CLASS","testConstructorAcceptsNonIntegerInitialValueWithinRange","METHOD","","package-private","","void","","@Test","","29"
"test","app/src/test/java/de/mkalb/etpetssim/ui/InputDoublePropertyIntRangeTest.java","de.mkalb.etpetssim.ui","InputDoublePropertyIntRangeTest","CLASS","testAdjustValueRoundsToNearestIntegerAndClampsRange","METHOD","","package-private","","void","","@Test","","42"
"test","app/src/test/java/de/mkalb/etpetssim/ui/InputDoublePropertyIntRangeTest.java","de.mkalb.etpetssim.ui","InputDoublePropertyIntRangeTest","CLASS","testSetValueAcceptsValidFractionalValuesWithinRange","METHOD","","package-private","","void","","@Test","","54"
"test","app/src/test/java/de/mkalb/etpetssim/ui/InputDoublePropertyIntRangeTest.java","de.mkalb.etpetssim.ui","InputDoublePropertyIntRangeTest","CLASS","testSetValueAcceptsRangeBoundaries","METHOD","","package-private","","void","","@Test","","65"
"test","app/src/test/java/de/mkalb/etpetssim/ui/InputDoublePropertyIntRangeTest.java","de.mkalb.etpetssim.ui","InputDoublePropertyIntRangeTest","CLASS","testSetValueAllowsInvalidValuesOutsideRange","METHOD","","package-private","","void","","@Test","","82"
"test","app/src/test/java/de/mkalb/etpetssim/ui/InputDoublePropertyIntRangeTest.java","de.mkalb.etpetssim.ui","InputDoublePropertyIntRangeTest","CLASS","testConstructorRejectsMinGreaterThanOrEqualToMax","METHOD","","package-private","","void","","@Test","","95"
"test","app/src/test/java/de/mkalb/etpetssim/ui/InputDoublePropertyIntRangeTest.java","de.mkalb.etpetssim.ui","InputDoublePropertyIntRangeTest","CLASS","testOfRejectsMinGreaterThanOrEqualToMax","METHOD","","package-private","","void","","@Test","","103"
"test","app/src/test/java/de/mkalb/etpetssim/ui/InputDoublePropertyIntRangeTest.java","de.mkalb.etpetssim.ui","InputDoublePropertyIntRangeTest","CLASS","testOfRejectsInitialValueOutsideRange","METHOD","","package-private","","void","","@Test","","111"
"test","app/src/test/java/de/mkalb/etpetssim/ui/InputDoublePropertyTest.java","de.mkalb.etpetssim.ui","InputDoublePropertyTest","CLASS","setUpBeforeAll","METHOD","","package-private","static","void","","@BeforeAll","","20"
"test","app/src/test/java/de/mkalb/etpetssim/ui/InputDoublePropertyTest.java","de.mkalb.etpetssim.ui","InputDoublePropertyTest","CLASS","testConstructorAcceptsValidInitialValueAndExposesAccessors","METHOD","","package-private","","void","","@Test","","25"
"test","app/src/test/java/de/mkalb/etpetssim/ui/InputDoublePropertyTest.java","de.mkalb.etpetssim.ui","InputDoublePropertyTest","CLASS","testAdjustValueKeepsAlreadyValidValues","METHOD","","package-private","","void","","@Test","","37"
"test","app/src/test/java/de/mkalb/etpetssim/ui/InputDoublePropertyTest.java","de.mkalb.etpetssim.ui","InputDoublePropertyTest","CLASS","testAdjustValueClampsOutOfRangeValues","METHOD","","package-private","","void","","@Test","","49"
"test","app/src/test/java/de/mkalb/etpetssim/ui/InputDoublePropertyTest.java","de.mkalb.etpetssim.ui","InputDoublePropertyTest","CLASS","testSetValueAcceptsValidValuesWithinRange","METHOD","","package-private","","void","","@Test","","59"
"test","app/src/test/java/de/mkalb/etpetssim/ui/InputDoublePropertyTest.java","de.mkalb.etpetssim.ui","InputDoublePropertyTest","CLASS","testSetValueAcceptsRangeBoundaries","METHOD","","package-private","","void","","@Test","","71"
"test","app/src/test/java/de/mkalb/etpetssim/ui/InputDoublePropertyTest.java","de.mkalb.etpetssim.ui","InputDoublePropertyTest","CLASS","testSetValueAllowsInvalidValuesOutsideRange","METHOD","","package-private","","void","","@Test","","88"
"test","app/src/test/java/de/mkalb/etpetssim/ui/InputDoublePropertyTest.java","de.mkalb.etpetssim.ui","InputDoublePropertyTest","CLASS","testConstructorRejectsMinGreaterThanOrEqualToMax","METHOD","","package-private","","void","","@Test","","101"
"test","app/src/test/java/de/mkalb/etpetssim/ui/InputDoublePropertyTest.java","de.mkalb.etpetssim.ui","InputDoublePropertyTest","CLASS","testConstructorRejectsInitialValueOutsideRange","METHOD","","package-private","","void","","@Test","","109"
"test","app/src/test/java/de/mkalb/etpetssim/ui/InputDoublePropertyTest.java","de.mkalb.etpetssim.ui","InputDoublePropertyTest","CLASS","testOfRejectsMinGreaterThanOrEqualToMax","METHOD","","package-private","","void","","@Test","","127"
"test","app/src/test/java/de/mkalb/etpetssim/ui/InputDoublePropertyTest.java","de.mkalb.etpetssim.ui","InputDoublePropertyTest","CLASS","testOfRejectsInitialValueOutsideRange","METHOD","","package-private","","void","","@Test","","135"
"test","app/src/test/java/de/mkalb/etpetssim/ui/InputEnumPropertyTest.java","de.mkalb.etpetssim.ui","InputEnumPropertyTest","CLASS","setUpBeforeAll","METHOD","","package-private","static","void","","@BeforeAll","","15"
"test","app/src/test/java/de/mkalb/etpetssim/ui/InputEnumPropertyTest.java","de.mkalb.etpetssim.ui","InputEnumPropertyTest","CLASS","testConstructorMakesDefensiveCopyOfValidValues","METHOD","","package-private","","void","","@Test","","20"
"test","app/src/test/java/de/mkalb/etpetssim/ui/InputEnumPropertyTest.java","de.mkalb.etpetssim.ui","InputEnumPropertyTest","CLASS","testSetInvalidValueUpdatesProperty","METHOD","","package-private","","void","","@Test","","33"
"test","app/src/test/java/de/mkalb/etpetssim/ui/InputEnumPropertyTest.java","de.mkalb.etpetssim.ui","InputEnumPropertyTest","CLASS","testSetValidValueUpdatesProperty","METHOD","","package-private","","void","","@Test","","48"
"test","app/src/test/java/de/mkalb/etpetssim/ui/InputEnumPropertyTest.java","de.mkalb.etpetssim.ui","InputEnumPropertyTest","CLASS","testGetValidValuesReturnsUnmodifiableList","METHOD","","package-private","","void","","@Test","","63"
"test","app/src/test/java/de/mkalb/etpetssim/ui/InputEnumPropertyTest.java","de.mkalb.etpetssim.ui","InputEnumPropertyTest","CLASS","testOfWithEnumClassUsesAllEnumConstants","METHOD","","package-private","","void","","@Test","","73"
"test","app/src/test/java/de/mkalb/etpetssim/ui/InputEnumPropertyTest.java","de.mkalb.etpetssim.ui","InputEnumPropertyTest","CLASS","testSingletonValidValuesListReportsNoMultipleValues","METHOD","","package-private","","void","","@Test","","88"
"test","app/src/test/java/de/mkalb/etpetssim/ui/InputEnumPropertyTest.java","de.mkalb.etpetssim.ui","InputEnumPropertyTest","CLASS","testAsStringBindingUsesDisplayNameProviderAndTracksUpdates","METHOD","","package-private","","void","","@Test","","101"
"test","app/src/test/java/de/mkalb/etpetssim/ui/InputEnumPropertyTest.java","de.mkalb.etpetssim.ui","InputEnumPropertyTest","CLASS","testOfRejectsEmptyValidValuesList","METHOD","","package-private","","void","","@Test","","118"
"test","app/src/test/java/de/mkalb/etpetssim/ui/InputEnumPropertyTest.java","de.mkalb.etpetssim.ui","InputEnumPropertyTest","CLASS","testOfRejectsInitialValueOutsideValidValuesList","METHOD","","package-private","","void","","@Test","","126"
"test","app/src/test/java/de/mkalb/etpetssim/ui/InputEnumPropertyTest.java","de.mkalb.etpetssim.ui","InputEnumPropertyTest","CLASS","testOfRejectsDuplicateValidValuesList","METHOD","","package-private","","void","","@Test","","136"
"test","app/src/test/java/de/mkalb/etpetssim/ui/InputEnumPropertyTest.java","de.mkalb.etpetssim.ui","InputEnumPropertyTest","CLASS","testIsInvalidValueReturnsFalseForContainedValue","METHOD","","package-private","","void","","@Test","","146"
"test","app/src/test/java/de/mkalb/etpetssim/ui/InputEnumPropertyTest.java","de.mkalb.etpetssim.ui","InputEnumPropertyTest","CLASS","testIsInvalidValueReturnsTrueForValueOutsideList","METHOD","","package-private","","void","","@Test","","152"
"test","app/src/test/java/de/mkalb/etpetssim/ui/InputIntegerPropertyTest.java","de.mkalb.etpetssim.ui","InputIntegerPropertyTest","CLASS","setUpBeforeAll","METHOD","","package-private","static","void","","@BeforeAll","","25"
"test","app/src/test/java/de/mkalb/etpetssim/ui/InputIntegerPropertyTest.java","de.mkalb.etpetssim.ui","InputIntegerPropertyTest","CLASS","testConstructorAcceptsValidInitialValueAndExposesAccessors","METHOD","","package-private","","void","","@Test","","30"
"test","app/src/test/java/de/mkalb/etpetssim/ui/InputIntegerPropertyTest.java","de.mkalb.etpetssim.ui","InputIntegerPropertyTest","CLASS","testAdjustValueKeepsAlreadyValidValues","METHOD","","package-private","","void","","@Test","","46"
"test","app/src/test/java/de/mkalb/etpetssim/ui/InputIntegerPropertyTest.java","de.mkalb.etpetssim.ui","InputIntegerPropertyTest","CLASS","testAdjustValueSnapsOffStepValuesToNearestStep","METHOD","","package-private","","void","","@Test","","57"
"test","app/src/test/java/de/mkalb/etpetssim/ui/InputIntegerPropertyTest.java","de.mkalb.etpetssim.ui","InputIntegerPropertyTest","CLASS","testSetValueAcceptsValidValueOnStep","METHOD","","package-private","","void","","@Test","","71"
"test","app/src/test/java/de/mkalb/etpetssim/ui/InputIntegerPropertyTest.java","de.mkalb.etpetssim.ui","InputIntegerPropertyTest","CLASS","testSetValueAllowsInvalidValuesOutsideRange","METHOD","","package-private","","void","","@Test","","82"
"test","app/src/test/java/de/mkalb/etpetssim/ui/InputIntegerPropertyTest.java","de.mkalb.etpetssim.ui","InputIntegerPropertyTest","CLASS","testSetValueAllowsInvalidValuesOffStep","METHOD","","package-private","","void","","@Test","","95"
"test","app/src/test/java/de/mkalb/etpetssim/ui/InputIntegerPropertyTest.java","de.mkalb.etpetssim.ui","InputIntegerPropertyTest","CLASS","testOfWithStepOneCreatesInstanceAndAcceptsValue","METHOD","","package-private","","void","","@Test","","108"
"test","app/src/test/java/de/mkalb/etpetssim/ui/InputIntegerPropertyTest.java","de.mkalb.etpetssim.ui","InputIntegerPropertyTest","CLASS","testConstructorRejectsInvalidConfigurationOrInitialValue","METHOD","","package-private","","void","","@Test","","118"
"test","app/src/test/java/de/mkalb/etpetssim/ui/InputIntegerPropertyTest.java","de.mkalb.etpetssim.ui","InputIntegerPropertyTest","CLASS","testOfRejectsMinGreaterThanOrEqualToMax","METHOD","","package-private","","void","","@Test","","164"
"test","app/src/test/java/de/mkalb/etpetssim/ui/InputIntegerPropertyTest.java","de.mkalb.etpetssim.ui","InputIntegerPropertyTest","CLASS","testOfRejectsNonPositiveStepValue","METHOD","","package-private","","void","","@Test","","172"
"test","app/src/test/java/de/mkalb/etpetssim/ui/InputIntegerPropertyTest.java","de.mkalb.etpetssim.ui","InputIntegerPropertyTest","CLASS","testOfRejectsRangeNotDivisibleByStepSize","METHOD","","package-private","","void","","@Test","","180"
"test","app/src/test/java/de/mkalb/etpetssim/ui/InputIntegerPropertyTest.java","de.mkalb.etpetssim.ui","InputIntegerPropertyTest","CLASS","testOfRejectsInitialValueOutsideConfiguredStepGrid","METHOD","","package-private","","void","","@Test","","188"
"test","app/src/test/java/de/mkalb/etpetssim/ui/SimulationTimerTest.java","de.mkalb.etpetssim.ui","SimulationTimerTest","CLASS","setUpBeforeAll","METHOD","","package-private","static","void","","@BeforeAll","","18"
"test","app/src/test/java/de/mkalb/etpetssim/ui/SimulationTimerTest.java","de.mkalb.etpetssim.ui","SimulationTimerTest","CLASS","testStartRejectsInvalidDuration","METHOD","","package-private","","void","","@Test","","23"
"test","app/src/test/java/de/mkalb/etpetssim/ui/SimulationTimerTest.java","de.mkalb.etpetssim.ui","SimulationTimerTest","CLASS","testStopWithoutStartKeepsStoppedState","METHOD","","package-private","","void","","@Test","","36"
"test","app/src/test/java/de/mkalb/etpetssim/ui/SimulationTimerTest.java","de.mkalb.etpetssim.ui","SimulationTimerTest","CLASS","testStartAndStopUpdatesRunningState","METHOD","","package-private","","void","","@Test","","46"
"test","app/src/test/java/de/mkalb/etpetssim/ui/SimulationTimerTest.java","de.mkalb.etpetssim.ui","SimulationTimerTest","CLASS","testStartExecutesSimulationStep","METHOD","","package-private","","void","InterruptedException","@Test","","66"
