source_set,source_path,package_name,type_name,type_kind,extends_types,implements_types,permits_types,visibility,modifiers,annotations,type_parameters,line_number
"main","app/src/main/java/de/mkalb/etpetssim/AboutDialog.java","de.mkalb.etpetssim","AboutDialog","CLASS","","","","public","final","","","21"
"main","app/src/main/java/de/mkalb/etpetssim/AppLauncher.java","de.mkalb.etpetssim","AppLauncher","CLASS","","","","public","final","","","17"
"main","app/src/main/java/de/mkalb/etpetssim/ExtraterrestrialPetsSimulation.java","de.mkalb.etpetssim","ExtraterrestrialPetsSimulation","CLASS","Application","","","public","final","","","25"
"main","app/src/main/java/de/mkalb/etpetssim/SimulationType.java","de.mkalb.etpetssim","SimulationType","ENUM","","","","public","","@SuppressWarnings(""SpellCheckingInspection"")","","14"
"main","app/src/main/java/de/mkalb/etpetssim/core/AppArgs.java","de.mkalb.etpetssim.core","AppArgs","CLASS","","","","public","final","","","12"
"main","app/src/main/java/de/mkalb/etpetssim/core/AppArgs.java","de.mkalb.etpetssim.core","AppArgs.Key","ENUM","","","","public","","","","205"
"main","app/src/main/java/de/mkalb/etpetssim/core/AppLocalization.java","de.mkalb.etpetssim.core","AppLocalization","CLASS","","","","public","final","","","13"
"main","app/src/main/java/de/mkalb/etpetssim/core/AppLocalization.java","de.mkalb.etpetssim.core","AppLocalization.CountryLocale","ENUM","","","","public","","","","275"
"main","app/src/main/java/de/mkalb/etpetssim/core/AppLocalizationKeys.java","de.mkalb.etpetssim.core","AppLocalizationKeys","CLASS","","","","public","final","@SuppressWarnings(""SpellCheckingInspection"")","","9"
"main","app/src/main/java/de/mkalb/etpetssim/core/AppLogger.java","de.mkalb.etpetssim.core","AppLogger","CLASS","","","","public","final","","","21"
"main","app/src/main/java/de/mkalb/etpetssim/core/AppLogger.java","de.mkalb.etpetssim.core","AppLogger.LogLevel","ENUM","","","","public","","","","359"
"main","app/src/main/java/de/mkalb/etpetssim/core/AppLogger.java","de.mkalb.etpetssim.core","AppLogger.AppLogFormatter","CLASS","Formatter","","","private","static","","","398"
"main","app/src/main/java/de/mkalb/etpetssim/core/AppResources.java","de.mkalb.etpetssim.core","AppResources","CLASS","","","","public","final","","","16"
"main","app/src/main/java/de/mkalb/etpetssim/core/AppStorage.java","de.mkalb.etpetssim.core","AppStorage","CLASS","","","","public","final","","","14"
"main","app/src/main/java/de/mkalb/etpetssim/core/AppStorage.java","de.mkalb.etpetssim.core","AppStorage.OperatingSystem","ENUM","","","","public","","","","209"
"main","app/src/main/java/de/mkalb/etpetssim/engine/CellShape.java","de.mkalb.etpetssim.engine","CellShape","ENUM","","","","public","","","","18"
"main","app/src/main/java/de/mkalb/etpetssim/engine/EdgeBehavior.java","de.mkalb.etpetssim.engine","EdgeBehavior","ENUM","","","","public","","","","11"
"main","app/src/main/java/de/mkalb/etpetssim/engine/GridCoordinate.java","de.mkalb.etpetssim.engine","GridCoordinate","RECORD","","Comparable<GridCoordinate>","","public","","","","22"
"main","app/src/main/java/de/mkalb/etpetssim/engine/GridEdgeBehavior.java","de.mkalb.etpetssim.engine","GridEdgeBehavior","ENUM","","","","public","","","","12"
"main","app/src/main/java/de/mkalb/etpetssim/engine/GridOffset.java","de.mkalb.etpetssim.engine","GridOffset","RECORD","","","","public","","","","17"
"main","app/src/main/java/de/mkalb/etpetssim/engine/GridSize.java","de.mkalb.etpetssim.engine","GridSize","RECORD","","","","public","","","","23"
"main","app/src/main/java/de/mkalb/etpetssim/engine/GridStructure.java","de.mkalb.etpetssim.engine","GridStructure","RECORD","","","","public","","","","26"
"main","app/src/main/java/de/mkalb/etpetssim/engine/GridTopology.java","de.mkalb.etpetssim.engine","GridTopology","RECORD","","","","public","","","","23"
"main","app/src/main/java/de/mkalb/etpetssim/engine/executor/AgentStepLogic.java","de.mkalb.etpetssim.engine.executor","AgentStepLogic","INTERFACE","","","","public","","@FunctionalInterface","T extends GridEntity, C","18"
"main","app/src/main/java/de/mkalb/etpetssim/engine/executor/AsynchronousStepRunner.java","de.mkalb.etpetssim.engine.executor","AsynchronousStepRunner","CLASS","","SimulationStepRunner<C>","","public","final","","T extends GridEntity, C","21"
"main","app/src/main/java/de/mkalb/etpetssim/engine/executor/DefaultSimulationExecutor.java","de.mkalb.etpetssim.engine.executor","DefaultSimulationExecutor","CLASS","","SimulationExecutor<ENT, GM>","","public","final","","ENT extends GridEntity, GM extends GridModel<ENT>, C","19"
"main","app/src/main/java/de/mkalb/etpetssim/engine/executor/SimulationExecutor.java","de.mkalb.etpetssim.engine.executor","SimulationExecutor","INTERFACE","","","","public","","","ENT extends GridEntity, GM extends GridModel<ENT>","16"
"main","app/src/main/java/de/mkalb/etpetssim/engine/executor/SimulationStepRunner.java","de.mkalb.etpetssim.engine.executor","SimulationStepRunner","INTERFACE","","","","public","","@FunctionalInterface","C","11"
"main","app/src/main/java/de/mkalb/etpetssim/engine/executor/SimulationTerminationCondition.java","de.mkalb.etpetssim.engine.executor","SimulationTerminationCondition","INTERFACE","","","","public","","@FunctionalInterface","ENT extends GridEntity, GM extends GridModel<ENT>, C","16"
"main","app/src/main/java/de/mkalb/etpetssim/engine/executor/StepExecutionResult.java","de.mkalb.etpetssim.engine.executor","StepExecutionResult","RECORD","","","","public","","","","15"
"main","app/src/main/java/de/mkalb/etpetssim/engine/executor/StepTimingStatistics.java","de.mkalb.etpetssim.engine.executor","StepTimingStatistics","RECORD","","","","public","","","","15"
"main","app/src/main/java/de/mkalb/etpetssim/engine/executor/SynchronousStepLogic.java","de.mkalb.etpetssim.engine.executor","SynchronousStepLogic","INTERFACE","","","","public","","@FunctionalInterface","T extends GridEntity, C","18"
"main","app/src/main/java/de/mkalb/etpetssim/engine/executor/SynchronousStepRunner.java","de.mkalb.etpetssim.engine.executor","SynchronousStepRunner","CLASS","","SimulationStepRunner<C>","","public","final","","T extends GridEntity, C","18"
"main","app/src/main/java/de/mkalb/etpetssim/engine/executor/TimedSimulationExecutor.java","de.mkalb.etpetssim.engine.executor","TimedSimulationExecutor","CLASS","","SimulationExecutor<ENT, GM>","","public","final","","ENT extends GridEntity, GM extends GridModel<ENT>","16"
"main","app/src/main/java/de/mkalb/etpetssim/engine/model/ArrayGridModel.java","de.mkalb.etpetssim.engine.model","ArrayGridModel","CLASS","","WritableGridModel<T>","","public","final","","T extends GridEntity","15"
"main","app/src/main/java/de/mkalb/etpetssim/engine/model/CompositeGridModel.java","de.mkalb.etpetssim.engine.model","CompositeGridModel","INTERFACE","GridModel<T>","","","public","non-sealed","","T extends GridEntity","17"
"main","app/src/main/java/de/mkalb/etpetssim/engine/model/GridCell.java","de.mkalb.etpetssim.engine.model","GridCell","RECORD","","GridCellView<T>","","public","","","T extends GridEntity","17"
"main","app/src/main/java/de/mkalb/etpetssim/engine/model/GridCellView.java","de.mkalb.etpetssim.engine.model","GridCellView","INTERFACE","","","","public","","","T extends GridEntity","14"
"main","app/src/main/java/de/mkalb/etpetssim/engine/model/GridModel.java","de.mkalb.etpetssim.engine.model","GridModel","INTERFACE","","","ReadableGridModel, CompositeGridModel","public","sealed","","T extends GridEntity","11"
"main","app/src/main/java/de/mkalb/etpetssim/engine/model/ReadableGridModel.java","de.mkalb.etpetssim.engine.model","ReadableGridModel","INTERFACE","GridModel<T>","","WritableGridModel","public","sealed","","T extends GridEntity","18"
"main","app/src/main/java/de/mkalb/etpetssim/engine/model/SparseGridModel.java","de.mkalb.etpetssim.engine.model","SparseGridModel","CLASS","","WritableGridModel<T>","","public","final","","T extends GridEntity","15"
"main","app/src/main/java/de/mkalb/etpetssim/engine/model/WritableGridModel.java","de.mkalb.etpetssim.engine.model","WritableGridModel","INTERFACE","ReadableGridModel<T>","","ArrayGridModel, SparseGridModel","public","sealed","","T extends GridEntity","17"
"main","app/src/main/java/de/mkalb/etpetssim/engine/model/entity/ConstantGridEntity.java","de.mkalb.etpetssim.engine.model.entity","ConstantGridEntity","INTERFACE","GridEntity","","","public","","@SuppressWarnings({""MarkerInterface"", ""InterfaceMayBeAnnotatedFunctional""})","","6"
"main","app/src/main/java/de/mkalb/etpetssim/engine/model/entity/ConstantGridEntityDescriptorProvider.java","de.mkalb.etpetssim.engine.model.entity","ConstantGridEntityDescriptorProvider","INTERFACE","ConstantGridEntity, SpecBackedGridEntityDescriptorProvider","","","public","","@SuppressWarnings(""InterfaceMayBeAnnotatedFunctional"")","","11"
"main","app/src/main/java/de/mkalb/etpetssim/engine/model/entity/GridEntity.java","de.mkalb.etpetssim.engine.model.entity","GridEntity","INTERFACE","","","","public","","@SuppressWarnings(""InterfaceMayBeAnnotatedFunctional"")","","9"
"main","app/src/main/java/de/mkalb/etpetssim/engine/model/entity/GridEntityDescriptor.java","de.mkalb.etpetssim.engine.model.entity","GridEntityDescriptor","RECORD","","","","public","","","","27"
"main","app/src/main/java/de/mkalb/etpetssim/engine/model/entity/GridEntityDescriptorProvider.java","de.mkalb.etpetssim.engine.model.entity","GridEntityDescriptorProvider","INTERFACE","","","","public","","","","20"
"main","app/src/main/java/de/mkalb/etpetssim/engine/model/entity/GridEntityDescriptorRegistry.java","de.mkalb.etpetssim.engine.model.entity","GridEntityDescriptorRegistry","CLASS","","","","public","final","","","22"
"main","app/src/main/java/de/mkalb/etpetssim/engine/model/entity/GridEntityDescriptorSpec.java","de.mkalb.etpetssim.engine.model.entity","GridEntityDescriptorSpec","RECORD","","","","public","","","","25"
"main","app/src/main/java/de/mkalb/etpetssim/engine/model/entity/SpecBackedGridEntityDescriptorProvider.java","de.mkalb.etpetssim.engine.model.entity","SpecBackedGridEntityDescriptorProvider","INTERFACE","GridEntityDescriptorProvider","","","public","","@SuppressWarnings(""InterfaceMayBeAnnotatedFunctional"")","","17"
"main","app/src/main/java/de/mkalb/etpetssim/engine/neighborhood/CellConnectionType.java","de.mkalb.etpetssim.engine.neighborhood","CellConnectionType","ENUM","","","","public","","","","14"
"main","app/src/main/java/de/mkalb/etpetssim/engine/neighborhood/CellNeighbor.java","de.mkalb.etpetssim.engine.neighborhood","CellNeighbor","RECORD","","","","public","","","","22"
"main","app/src/main/java/de/mkalb/etpetssim/engine/neighborhood/CellNeighborWithEdgeBehavior.java","de.mkalb.etpetssim.engine.neighborhood","CellNeighborWithEdgeBehavior","RECORD","","","","public","","","","28"
"main","app/src/main/java/de/mkalb/etpetssim/engine/neighborhood/CellNeighborhoods.java","de.mkalb.etpetssim.engine.neighborhood","CellNeighborhoods","CLASS","","","","public","final","@SuppressWarnings(""MagicNumber"")","","23"
"main","app/src/main/java/de/mkalb/etpetssim/engine/neighborhood/CellNeighborhoods.java","de.mkalb.etpetssim.engine.neighborhood","CellNeighborhoods.CellNeighborConnection","RECORD","","","","package-private","","","","793"
"main","app/src/main/java/de/mkalb/etpetssim/engine/neighborhood/CompassDirection.java","de.mkalb.etpetssim.engine.neighborhood","CompassDirection","ENUM","","","","public","","@SuppressWarnings({""MagicNumber"", ""FieldNamingConvention""})","","28"
"main","app/src/main/java/de/mkalb/etpetssim/engine/neighborhood/EdgeBehaviorAction.java","de.mkalb.etpetssim.engine.neighborhood","EdgeBehaviorAction","ENUM","","","","public","","","","13"
"main","app/src/main/java/de/mkalb/etpetssim/engine/neighborhood/EdgeBehaviorResult.java","de.mkalb.etpetssim.engine.neighborhood","EdgeBehaviorResult","RECORD","","","","public","","","","19"
"main","app/src/main/java/de/mkalb/etpetssim/engine/neighborhood/NeighborhoodMode.java","de.mkalb.etpetssim.engine.neighborhood","NeighborhoodMode","ENUM","","","","public","","","","12"
"main","app/src/main/java/de/mkalb/etpetssim/engine/neighborhood/RadiusRingCell.java","de.mkalb.etpetssim.engine.neighborhood","RadiusRingCell","RECORD","","","","public","","","C","25"
"main","app/src/main/java/de/mkalb/etpetssim/engine/support/AgentOrderingStrategies.java","de.mkalb.etpetssim.engine.support","AgentOrderingStrategies","CLASS","","","","public","final","","","23"
"main","app/src/main/java/de/mkalb/etpetssim/engine/support/GridEntityUtils.java","de.mkalb.etpetssim.engine.support","GridEntityUtils","CLASS","","","","public","final","","","15"
"main","app/src/main/java/de/mkalb/etpetssim/engine/support/GridInitializer.java","de.mkalb.etpetssim.engine.support","GridInitializer","INTERFACE","","","","public","","@FunctionalInterface","T extends GridEntity","15"
"main","app/src/main/java/de/mkalb/etpetssim/engine/support/GridInitializers.java","de.mkalb.etpetssim.engine.support","GridInitializers","CLASS","","","","public","final","","","17"
"main","app/src/main/java/de/mkalb/etpetssim/engine/support/GridPattern.java","de.mkalb.etpetssim.engine.support","GridPattern","INTERFACE","","","","public","","@FunctionalInterface","T extends GridEntity","21"
"main","app/src/main/java/de/mkalb/etpetssim/engine/support/GridPatterns.java","de.mkalb.etpetssim.engine.support","GridPatterns","CLASS","","","","public","final","","","18"
"main","app/src/main/java/de/mkalb/etpetssim/engine/support/WorkCheckpoints.java","de.mkalb.etpetssim.engine.support","WorkCheckpoints","CLASS","","","","public","final","","","6"
"main","app/src/main/java/de/mkalb/etpetssim/simulations/conway/ConwayFactory.java","de.mkalb.etpetssim.simulations.conway","ConwayFactory","CLASS","","","","public","final","","","14"
"main","app/src/main/java/de/mkalb/etpetssim/simulations/conway/model/ConwayConfig.java","de.mkalb.etpetssim.simulations.conway.model","ConwayConfig","RECORD","","SimulationConfig","","public","","","","25"
"main","app/src/main/java/de/mkalb/etpetssim/simulations/conway/model/ConwayConstraints.java","de.mkalb.etpetssim.simulations.conway.model","ConwayConstraints","CLASS","","","","public","final","","","13"
"main","app/src/main/java/de/mkalb/etpetssim/simulations/conway/model/ConwayPatternChoice.java","de.mkalb.etpetssim.simulations.conway.model","ConwayPatternChoice","RECORD","","","","public","","","","8"
"main","app/src/main/java/de/mkalb/etpetssim/simulations/conway/model/ConwayPatterns.java","de.mkalb.etpetssim.simulations.conway.model","ConwayPatterns","CLASS","","","","public","final","@SuppressWarnings(""SpellCheckingInspection"")","","24"
"main","app/src/main/java/de/mkalb/etpetssim/simulations/conway/model/ConwaySimulationManager.java","de.mkalb.etpetssim.simulations.conway.model","ConwaySimulationManager","CLASS","AbstractTimedSimulationManager<ConwayEntity, WritableGridModel<ConwayEntity>, ConwayConfig, ConwayStatistics>","","","public","final","","","12"
"main","app/src/main/java/de/mkalb/etpetssim/simulations/conway/model/ConwayStatistics.java","de.mkalb.etpetssim.simulations.conway.model","ConwayStatistics","CLASS","BaseTimedSimulationStatistics","","","public","final","","","11"
"main","app/src/main/java/de/mkalb/etpetssim/simulations/conway/model/ConwayTerminationCondition.java","de.mkalb.etpetssim.simulations.conway.model","ConwayTerminationCondition","CLASS","","SimulationTerminationCondition<ConwayEntity, ReadableGridModel<ConwayEntity>, ConwayStatistics>","","public","final","","","7"
"main","app/src/main/java/de/mkalb/etpetssim/simulations/conway/model/ConwayUpdateStrategy.java","de.mkalb.etpetssim.simulations.conway.model","ConwayUpdateStrategy","CLASS","","SynchronousStepLogic<ConwayEntity, ConwayStatistics>","","public","final","","","11"
"main","app/src/main/java/de/mkalb/etpetssim/simulations/conway/model/ConwayUserAction.java","de.mkalb.etpetssim.simulations.conway.model","ConwayUserAction","CLASS","","SimulationUserAction<ConwayEntity, WritableGridModel<ConwayEntity>, ConwayConfig, ConwayStatistics, ConwaySimulationManager, ConwayUserActionContext>","","public","final","","","10"
"main","app/src/main/java/de/mkalb/etpetssim/simulations/conway/model/ConwayUserActionContext.java","de.mkalb.etpetssim.simulations.conway.model","ConwayUserActionContext","INTERFACE","SimulationUserActionContext","","ConwayUserActionContext.FixedAction, ConwayUserActionContext.PlacePattern","public","sealed","@SuppressWarnings(""MarkerInterface"")","","8"
"main","app/src/main/java/de/mkalb/etpetssim/simulations/conway/model/ConwayUserActionContext.java","de.mkalb.etpetssim.simulations.conway.model","ConwayUserActionContext.FixedAction","ENUM","","ConwayUserActionContext","","public","","","","15"
"main","app/src/main/java/de/mkalb/etpetssim/simulations/conway/model/ConwayUserActionContext.java","de.mkalb.etpetssim.simulations.conway.model","ConwayUserActionContext.PlacePattern","RECORD","","ConwayUserActionContext","","public","","","","25"
"main","app/src/main/java/de/mkalb/etpetssim/simulations/conway/model/entity/ConwayEntity.java","de.mkalb.etpetssim.simulations.conway.model.entity","ConwayEntity","ENUM","","ConstantGridEntityDescriptorProvider","","public","","","","15"
"main","app/src/main/java/de/mkalb/etpetssim/simulations/conway/shared/ConwayPreset.java","de.mkalb.etpetssim.simulations.conway.shared","ConwayPreset","INTERFACE","","","ConwayPresetHexagon, ConwayPresetSquare, ConwayPresetTriangle","public","sealed","","","11"
"main","app/src/main/java/de/mkalb/etpetssim/simulations/conway/shared/ConwayPresetHexagon.java","de.mkalb.etpetssim.simulations.conway.shared","ConwayPresetHexagon","ENUM","","ConwayPreset","","public","","","","14"
"main","app/src/main/java/de/mkalb/etpetssim/simulations/conway/shared/ConwayPresetSquare.java","de.mkalb.etpetssim.simulations.conway.shared","ConwayPresetSquare","ENUM","","ConwayPreset","","public","","@SuppressWarnings(""SpellCheckingInspection"")","","13"
"main","app/src/main/java/de/mkalb/etpetssim/simulations/conway/shared/ConwayPresetTriangle.java","de.mkalb.etpetssim.simulations.conway.shared","ConwayPresetTriangle","ENUM","","ConwayPreset","","public","","","","20"
"main","app/src/main/java/de/mkalb/etpetssim/simulations/conway/shared/ConwayTransitionRules.java","de.mkalb.etpetssim.simulations.conway.shared","ConwayTransitionRules","RECORD","","","","public","","","","21"
"main","app/src/main/java/de/mkalb/etpetssim/simulations/conway/view/ConwayConfigView.java","de.mkalb.etpetssim.simulations.conway.view","ConwayConfigView","CLASS","AbstractConfigView<ConwayConfig, ConwayConfigViewModel>","","","public","final","","","18"
"main","app/src/main/java/de/mkalb/etpetssim/simulations/conway/view/ConwayMainView.java","de.mkalb.etpetssim.simulations.conway.view","ConwayMainView","CLASS","AbstractDefaultMainView<ConwayEntity, GridCell<ConwayEntity>, WritableGridModel<ConwayEntity>, ConwayConfig, ConwayStatistics, ConwaySimulationManager, ConwayUserActionContext, ConwayConfigView, ConwayObservationView>","","","public","final","","","28"
"main","app/src/main/java/de/mkalb/etpetssim/simulations/conway/view/ConwayObservationView.java","de.mkalb.etpetssim.simulations.conway.view","ConwayObservationView","CLASS","AbstractObservationView<ConwayEntity, GridCell<ConwayEntity>, ConwayStatistics, DefaultObservationViewModel<ConwayEntity, GridCell<ConwayEntity>, ConwayStatistics>>","","","public","final","","","13"
"main","app/src/main/java/de/mkalb/etpetssim/simulations/conway/view/ConwayStyleClasses.java","de.mkalb.etpetssim.simulations.conway.view","ConwayStyleClasses","CLASS","","","","public","final","@SuppressWarnings(""SpellCheckingInspection"")","","3"
"main","app/src/main/java/de/mkalb/etpetssim/simulations/conway/viewmodel/ConwayConfigViewModel.java","de.mkalb.etpetssim.simulations.conway.viewmodel","ConwayConfigViewModel","CLASS","AbstractConfigViewModel<ConwayConfig>","","","public","final","","","16"
"main","app/src/main/java/de/mkalb/etpetssim/simulations/conway/viewmodel/ConwayEditToolBarViewModel.java","de.mkalb.etpetssim.simulations.conway.viewmodel","ConwayEditToolBarViewModel","CLASS","","","","public","final","","","10"
"main","app/src/main/java/de/mkalb/etpetssim/simulations/conway/viewmodel/ConwayRuleProperty.java","de.mkalb.etpetssim.simulations.conway.viewmodel","ConwayRuleProperty","CLASS","","","","public","final","","","23"
"main","app/src/main/java/de/mkalb/etpetssim/simulations/core/SimulationFactory.java","de.mkalb.etpetssim.simulations.core","SimulationFactory","CLASS","","","","public","final","","","21"
"main","app/src/main/java/de/mkalb/etpetssim/simulations/core/SimulationInstance.java","de.mkalb.etpetssim.simulations.core","SimulationInstance","RECORD","","","","public","","","","15"
"main","app/src/main/java/de/mkalb/etpetssim/simulations/core/SimulationTermination.java","de.mkalb.etpetssim.simulations.core","SimulationTermination","INTERFACE","","","","public","","","","8"
"main","app/src/main/java/de/mkalb/etpetssim/simulations/core/SimulationTermination.java","de.mkalb.etpetssim.simulations.core","SimulationTermination.CompletedSimulationTermination","ENUM","","SimulationTermination","","public","","","","34"
"main","app/src/main/java/de/mkalb/etpetssim/simulations/core/model/AbstractTimedSimulationManager.java","de.mkalb.etpetssim.simulations.core.model","AbstractTimedSimulationManager","CLASS","","SimulationManager<ENT, GM, CON, STA>","","public","abstract","","ENT extends GridEntity, GM extends GridModel<ENT>, CON extends SimulationConfig, STA extends TimedSimulationStatistics","23"
"main","app/src/main/java/de/mkalb/etpetssim/simulations/core/model/BaseTimedSimulationStatistics.java","de.mkalb.etpetssim.simulations.core.model","BaseTimedSimulationStatistics","CLASS","","TimedSimulationStatistics","","public","","","","14"
"main","app/src/main/java/de/mkalb/etpetssim/simulations/core/model/NoUserAction.java","de.mkalb.etpetssim.simulations.core.model","NoUserAction","CLASS","","SimulationUserAction<ENT, GM, CON, STA, SM, NoUserActionContext>","","public","final","","ENT extends GridEntity, GM extends GridModel<ENT>, CON extends SimulationConfig, STA extends TimedSimulationStatistics, SM extends AbstractTimedSimulationManager<ENT, GM, CON, STA>","20"
"main","app/src/main/java/de/mkalb/etpetssim/simulations/core/model/SimulationConfig.java","de.mkalb.etpetssim.simulations.core.model","SimulationConfig","INTERFACE","","","","public","","","","16"
"main","app/src/main/java/de/mkalb/etpetssim/simulations/core/model/SimulationInitializationCanceledException.java","de.mkalb.etpetssim.simulations.core.model","SimulationInitializationCanceledException","CLASS","RuntimeException","","","public","final","","","6"
"main","app/src/main/java/de/mkalb/etpetssim/simulations/core/model/SimulationInitializationCancellation.java","de.mkalb.etpetssim.simulations.core.model","SimulationInitializationCancellation","INTERFACE","","","","public","","@FunctionalInterface","","6"
"main","app/src/main/java/de/mkalb/etpetssim/simulations/core/model/SimulationManager.java","de.mkalb.etpetssim.simulations.core.model","SimulationManager","INTERFACE","","","","public","","","ENT extends GridEntity, GM extends GridModel<ENT>, CON extends SimulationConfig, STA extends SimulationStatistics","18"
"main","app/src/main/java/de/mkalb/etpetssim/simulations/core/model/SimulationStatistics.java","de.mkalb.etpetssim.simulations.core.model","SimulationStatistics","INTERFACE","","","","public","","","","8"
"main","app/src/main/java/de/mkalb/etpetssim/simulations/core/model/SimulationUserAction.java","de.mkalb.etpetssim.simulations.core.model","SimulationUserAction","INTERFACE","","","","public","","@FunctionalInterface","ENT extends GridEntity, GM extends GridModel<ENT>, CON extends SimulationConfig, STA extends TimedSimulationStatistics, SM extends SimulationManager<ENT, GM, CON, STA>, CTX extends SimulationUserActionContext","22"
"main","app/src/main/java/de/mkalb/etpetssim/simulations/core/model/StatisticChartGroup.java","de.mkalb.etpetssim.simulations.core.model","StatisticChartGroup","ENUM","","","","public","","","","7"
"main","app/src/main/java/de/mkalb/etpetssim/simulations/core/model/StatisticExtrema.java","de.mkalb.etpetssim.simulations.core.model","StatisticExtrema","RECORD","","","","public","","","","11"
"main","app/src/main/java/de/mkalb/etpetssim/simulations/core/model/StatisticExtremaMode.java","de.mkalb.etpetssim.simulations.core.model","StatisticExtremaMode","ENUM","","","","public","","","","6"
"main","app/src/main/java/de/mkalb/etpetssim/simulations/core/model/StatisticExtremaTracker.java","de.mkalb.etpetssim.simulations.core.model","StatisticExtremaTracker","CLASS","","","","package-private","final","","","8"
"main","app/src/main/java/de/mkalb/etpetssim/simulations/core/model/StatisticExtremum.java","de.mkalb.etpetssim.simulations.core.model","StatisticExtremum","RECORD","","","","public","","","","9"
"main","app/src/main/java/de/mkalb/etpetssim/simulations/core/model/StatisticHistory.java","de.mkalb.etpetssim.simulations.core.model","StatisticHistory","CLASS","","","","public","final","","","12"
"main","app/src/main/java/de/mkalb/etpetssim/simulations/core/model/StatisticMetric.java","de.mkalb.etpetssim.simulations.core.model","StatisticMetric","RECORD","","","","public","","","STA extends SimulationStatistics","19"
"main","app/src/main/java/de/mkalb/etpetssim/simulations/core/model/StatisticSample.java","de.mkalb.etpetssim.simulations.core.model","StatisticSample","RECORD","","","","public","","","","15"
"main","app/src/main/java/de/mkalb/etpetssim/simulations/core/model/TimedSimulationStatistics.java","de.mkalb.etpetssim.simulations.core.model","TimedSimulationStatistics","INTERFACE","SimulationStatistics","","","public","","","","8"
"main","app/src/main/java/de/mkalb/etpetssim/simulations/core/shared/CellDisplayMode.java","de.mkalb.etpetssim.simulations.core.shared","CellDisplayMode","ENUM","","","","public","","","","18"
"main","app/src/main/java/de/mkalb/etpetssim/simulations/core/shared/NoUserActionContext.java","de.mkalb.etpetssim.simulations.core.shared","NoUserActionContext","ENUM","","SimulationUserActionContext","","public","","","","6"
"main","app/src/main/java/de/mkalb/etpetssim/simulations/core/shared/SimulationMode.java","de.mkalb.etpetssim.simulations.core.shared","SimulationMode","ENUM","","","","public","","","","19"
"main","app/src/main/java/de/mkalb/etpetssim/simulations/core/shared/SimulationNotificationType.java","de.mkalb.etpetssim.simulations.core.shared","SimulationNotificationType","ENUM","","","","public","","","","9"
"main","app/src/main/java/de/mkalb/etpetssim/simulations/core/shared/SimulationStartMode.java","de.mkalb.etpetssim.simulations.core.shared","SimulationStartMode","ENUM","","","","public","","","","12"
"main","app/src/main/java/de/mkalb/etpetssim/simulations/core/shared/SimulationState.java","de.mkalb.etpetssim.simulations.core.shared","SimulationState","ENUM","","","","public","","","","12"
"main","app/src/main/java/de/mkalb/etpetssim/simulations/core/shared/SimulationStepEvent.java","de.mkalb.etpetssim.simulations.core.shared","SimulationStepEvent","RECORD","","","","public","","","","10"
"main","app/src/main/java/de/mkalb/etpetssim/simulations/core/shared/SimulationTerminationCheck.java","de.mkalb.etpetssim.simulations.core.shared","SimulationTerminationCheck","ENUM","","","","public","","","","10"
"main","app/src/main/java/de/mkalb/etpetssim/simulations/core/shared/SimulationUserActionContext.java","de.mkalb.etpetssim.simulations.core.shared","SimulationUserActionContext","INTERFACE","","","","public","","@SuppressWarnings(""MarkerInterface"")","","9"
"main","app/src/main/java/de/mkalb/etpetssim/simulations/core/shared/SimulationUserActionScope.java","de.mkalb.etpetssim.simulations.core.shared","SimulationUserActionScope","ENUM","","","","public","","","","6"
"main","app/src/main/java/de/mkalb/etpetssim/simulations/core/view/AbstractConfigView.java","de.mkalb.etpetssim.simulations.core.view","AbstractConfigView","CLASS","","SimulationConfigView","","public","abstract","","CON extends SimulationConfig, VM extends AbstractConfigViewModel<CON>","19"
"main","app/src/main/java/de/mkalb/etpetssim/simulations/core/view/AbstractControlView.java","de.mkalb.etpetssim.simulations.core.view","AbstractControlView","CLASS","","SimulationControlView","","public","abstract","","VM extends SimulationControlViewModel","13"
"main","app/src/main/java/de/mkalb/etpetssim/simulations/core/view/AbstractDefaultMainView.java","de.mkalb.etpetssim.simulations.core.view","AbstractDefaultMainView","CLASS","AbstractMainView<DefaultMainViewModel<ENT, GC, GM, CON, STA, SM, CTX>, CTX, CFV, SimulationControlView, OV>","","","public","abstract","","ENT extends GridEntity, GC extends GridCellView<ENT>, GM extends GridModel<ENT>, CON extends SimulationConfig, STA extends TimedSimulationStatistics, SM extends AbstractTimedSimulationManager<ENT, GM, CON, STA>, CTX extends SimulationUserActionContext, CFV extends SimulationConfigView, OV extends AbstractObservationView<ENT, GC, STA, DefaultObservationViewModel<ENT, GC, STA>>","24"
"main","app/src/main/java/de/mkalb/etpetssim/simulations/core/view/AbstractMainView.java","de.mkalb.etpetssim.simulations.core.view","AbstractMainView","CLASS","","SimulationMainView","","public","abstract","","VM extends SimulationMainViewModel, CTX extends SimulationUserActionContext, CFV extends SimulationConfigView, CLV extends SimulationControlView, OV extends SimulationObservationView","26"
"main","app/src/main/java/de/mkalb/etpetssim/simulations/core/view/AbstractObservationView.java","de.mkalb.etpetssim.simulations.core.view","AbstractObservationView","CLASS","","SimulationObservationView","","public","abstract","","ENT extends GridEntity, GC extends GridCellView<ENT>, STA extends SimulationStatistics, VM extends SimulationObservationViewModel<STA>","22"
"main","app/src/main/java/de/mkalb/etpetssim/simulations/core/view/AbstractObservationView.java","de.mkalb.etpetssim.simulations.core.view","AbstractObservationView.MetricLabels","RECORD","","","","private","","","","524"
"main","app/src/main/java/de/mkalb/etpetssim/simulations/core/view/CellDrawer.java","de.mkalb.etpetssim.simulations.core.view","CellDrawer","INTERFACE","","","","public","","@FunctionalInterface","ENT extends GridEntity","10"
"main","app/src/main/java/de/mkalb/etpetssim/simulations/core/view/CoordinateDrawer.java","de.mkalb.etpetssim.simulations.core.view","CoordinateDrawer","INTERFACE","","","","public","","@FunctionalInterface","","9"
"main","app/src/main/java/de/mkalb/etpetssim/simulations/core/view/DefaultControlView.java","de.mkalb.etpetssim.simulations.core.view","DefaultControlView","CLASS","AbstractControlView<DefaultControlViewModel>","","","public","final","","","16"
"main","app/src/main/java/de/mkalb/etpetssim/simulations/core/view/DrawCallThrottler.java","de.mkalb.etpetssim.simulations.core.view","DrawCallThrottler","CLASS","","","","package-private","final","","","8"
"main","app/src/main/java/de/mkalb/etpetssim/simulations/core/view/SimulationConfigView.java","de.mkalb.etpetssim.simulations.core.view","SimulationConfigView","INTERFACE","","","","public","","@SuppressWarnings(""InterfaceMayBeAnnotatedFunctional"")","","8"
"main","app/src/main/java/de/mkalb/etpetssim/simulations/core/view/SimulationControlView.java","de.mkalb.etpetssim.simulations.core.view","SimulationControlView","INTERFACE","","","","public","","","","8"
"main","app/src/main/java/de/mkalb/etpetssim/simulations/core/view/SimulationEditToolBarView.java","de.mkalb.etpetssim.simulations.core.view","SimulationEditToolBarView","CLASS","","","","package-private","final","","CTX extends SimulationUserActionContext","18"
"main","app/src/main/java/de/mkalb/etpetssim/simulations/core/view/SimulationMainView.java","de.mkalb.etpetssim.simulations.core.view","SimulationMainView","INTERFACE","","","","public","","","","9"
"main","app/src/main/java/de/mkalb/etpetssim/simulations/core/view/SimulationObservationView.java","de.mkalb.etpetssim.simulations.core.view","SimulationObservationView","INTERFACE","","","","public","","","","8"
"main","app/src/main/java/de/mkalb/etpetssim/simulations/core/view/StatisticHistoryChartView.java","de.mkalb.etpetssim.simulations.core.view","StatisticHistoryChartView","CLASS","","","","package-private","final","","","20"
"main","app/src/main/java/de/mkalb/etpetssim/simulations/core/view/StatisticHistoryChartView.java","de.mkalb.etpetssim.simulations.core.view","StatisticHistoryChartView.GroupChart","RECORD","","","","private","","","","248"
"main","app/src/main/java/de/mkalb/etpetssim/simulations/core/viewmodel/AbstractConfigViewModel.java","de.mkalb.etpetssim.simulations.core.viewmodel","AbstractConfigViewModel","CLASS","","SimulationConfigViewModel<CON>","","public","abstract","","CON extends SimulationConfig","17"
"main","app/src/main/java/de/mkalb/etpetssim/simulations/core/viewmodel/AbstractConfigViewModel.java","de.mkalb.etpetssim.simulations.core.viewmodel","AbstractConfigViewModel.ConfigValidationRule","RECORD","","","","private","","","","170"
"main","app/src/main/java/de/mkalb/etpetssim/simulations/core/viewmodel/AbstractConfigViewModel.java","de.mkalb.etpetssim.simulations.core.viewmodel","AbstractConfigViewModel.CommonConfigSettings","RECORD","","","","public","","","","196"
"main","app/src/main/java/de/mkalb/etpetssim/simulations/core/viewmodel/AbstractMainViewModel.java","de.mkalb.etpetssim.simulations.core.viewmodel","AbstractMainViewModel","CLASS","","SimulationMainViewModel","","public","abstract","","ENT extends GridEntity, GM extends GridModel<ENT>, CON extends SimulationConfig, STA extends SimulationStatistics","21"
"main","app/src/main/java/de/mkalb/etpetssim/simulations/core/viewmodel/DefaultControlViewModel.java","de.mkalb.etpetssim.simulations.core.viewmodel","DefaultControlViewModel","CLASS","","SimulationControlViewModel","","public","final","","","11"
"main","app/src/main/java/de/mkalb/etpetssim/simulations/core/viewmodel/DefaultMainViewModel.java","de.mkalb.etpetssim.simulations.core.viewmodel","DefaultMainViewModel","CLASS","AbstractMainViewModel<ENT, GM, CON, STA>","","","public","final","","ENT extends GridEntity, GC extends GridCellView<ENT>, GM extends GridModel<ENT>, CON extends SimulationConfig, STA extends TimedSimulationStatistics, SM extends AbstractTimedSimulationManager<ENT, GM, CON, STA>, CTX extends SimulationUserActionContext","29"
"main","app/src/main/java/de/mkalb/etpetssim/simulations/core/viewmodel/DefaultMainViewModel.java","de.mkalb.etpetssim.simulations.core.viewmodel","DefaultMainViewModel.ExecutorSimulationTermination","RECORD","","SimulationTermination","","private","","","","884"
"main","app/src/main/java/de/mkalb/etpetssim/simulations/core/viewmodel/DefaultMainViewModel.java","de.mkalb.etpetssim.simulations.core.viewmodel","DefaultMainViewModel.SimulationStartRequest","RECORD","","","","private","","","CON extends SimulationConfig","898"
"main","app/src/main/java/de/mkalb/etpetssim/simulations/core/viewmodel/DefaultObservationViewModel.java","de.mkalb.etpetssim.simulations.core.viewmodel","DefaultObservationViewModel","CLASS","","SimulationObservationViewModel<STA>","","public","final","","ENT extends GridEntity, GC extends GridCellView<ENT>, STA extends SimulationStatistics","16"
"main","app/src/main/java/de/mkalb/etpetssim/simulations/core/viewmodel/SeedProperty.java","de.mkalb.etpetssim.simulations.core.viewmodel","SeedProperty","CLASS","","","","public","final","","","20"
"main","app/src/main/java/de/mkalb/etpetssim/simulations/core/viewmodel/SimulationConfigViewModel.java","de.mkalb.etpetssim.simulations.core.viewmodel","SimulationConfigViewModel","INTERFACE","","","","public","","","CON extends SimulationConfig","10"
"main","app/src/main/java/de/mkalb/etpetssim/simulations/core/viewmodel/SimulationControlViewModel.java","de.mkalb.etpetssim.simulations.core.viewmodel","SimulationControlViewModel","INTERFACE","","","","public","","","","9"
"main","app/src/main/java/de/mkalb/etpetssim/simulations/core/viewmodel/SimulationEditToolBarViewModel.java","de.mkalb.etpetssim.simulations.core.viewmodel","SimulationEditToolBarViewModel","CLASS","","","","package-private","final","","CTX extends SimulationUserActionContext","13"
"main","app/src/main/java/de/mkalb/etpetssim/simulations/core/viewmodel/SimulationMainViewModel.java","de.mkalb.etpetssim.simulations.core.viewmodel","SimulationMainViewModel","INTERFACE","","","","public","","","","11"
"main","app/src/main/java/de/mkalb/etpetssim/simulations/core/viewmodel/SimulationObservationViewModel.java","de.mkalb.etpetssim.simulations.core.viewmodel","SimulationObservationViewModel","INTERFACE","","","","public","","","STA extends SimulationStatistics","16"
"main","app/src/main/java/de/mkalb/etpetssim/simulations/core/viewmodel/SimulationUserActionDescriptor.java","de.mkalb.etpetssim.simulations.core.viewmodel","SimulationUserActionDescriptor","RECORD","","","","public","","","CTX extends SimulationUserActionContext","18"
"main","app/src/main/java/de/mkalb/etpetssim/simulations/etpets/EtpetsFactory.java","de.mkalb.etpetssim.simulations.etpets","EtpetsFactory","CLASS","","","","public","final","","","13"
"main","app/src/main/java/de/mkalb/etpetssim/simulations/etpets/model/EtpetsAgentLogic.java","de.mkalb.etpetssim.simulations.etpets.model","EtpetsAgentLogic","CLASS","","","","public","final","","","12"
"main","app/src/main/java/de/mkalb/etpetssim/simulations/etpets/model/EtpetsAgentLogic.java","de.mkalb.etpetssim.simulations.etpets.model","EtpetsAgentLogic.ActionCandidate","RECORD","","","","private","","","","697"
"main","app/src/main/java/de/mkalb/etpetssim/simulations/etpets/model/EtpetsAgentLogic.java","de.mkalb.etpetssim.simulations.etpets.model","EtpetsAgentLogic.ReproductionOption","RECORD","","","","private","","","","723"
"main","app/src/main/java/de/mkalb/etpetssim/simulations/etpets/model/EtpetsAgentLogic.java","de.mkalb.etpetssim.simulations.etpets.model","EtpetsAgentLogic.ActionEffect","RECORD","","","","private","","","","734"
"main","app/src/main/java/de/mkalb/etpetssim/simulations/etpets/model/EtpetsBalance.java","de.mkalb.etpetssim.simulations.etpets.model","EtpetsBalance","CLASS","","","","public","final","","","3"
"main","app/src/main/java/de/mkalb/etpetssim/simulations/etpets/model/EtpetsCell.java","de.mkalb.etpetssim.simulations.etpets.model","EtpetsCell","RECORD","","GridCellView<EtpetsEntity>","","public","","","","18"
"main","app/src/main/java/de/mkalb/etpetssim/simulations/etpets/model/EtpetsConfig.java","de.mkalb.etpetssim.simulations.etpets.model","EtpetsConfig","RECORD","","SimulationConfig","","public","","","","27"
"main","app/src/main/java/de/mkalb/etpetssim/simulations/etpets/model/EtpetsConstraints.java","de.mkalb.etpetssim.simulations.etpets.model","EtpetsConstraints","CLASS","","","","public","final","","","12"
"main","app/src/main/java/de/mkalb/etpetssim/simulations/etpets/model/EtpetsDeterminism.java","de.mkalb.etpetssim.simulations.etpets.model","EtpetsDeterminism","CLASS","","","","public","final","","","5"
"main","app/src/main/java/de/mkalb/etpetssim/simulations/etpets/model/EtpetsGridModel.java","de.mkalb.etpetssim.simulations.etpets.model","EtpetsGridModel","RECORD","","CompositeGridModel<EtpetsEntity>","","public","","","","17"
"main","app/src/main/java/de/mkalb/etpetssim/simulations/etpets/model/EtpetsIdSequence.java","de.mkalb.etpetssim.simulations.etpets.model","EtpetsIdSequence","CLASS","","","","public","final","","","5"
"main","app/src/main/java/de/mkalb/etpetssim/simulations/etpets/model/EtpetsResourceLogic.java","de.mkalb.etpetssim.simulations.etpets.model","EtpetsResourceLogic","CLASS","","","","public","final","","","5"
"main","app/src/main/java/de/mkalb/etpetssim/simulations/etpets/model/EtpetsScoreMath.java","de.mkalb.etpetssim.simulations.etpets.model","EtpetsScoreMath","CLASS","","","","package-private","final","","","5"
"main","app/src/main/java/de/mkalb/etpetssim/simulations/etpets/model/EtpetsSimulationManager.java","de.mkalb.etpetssim.simulations.etpets.model","EtpetsSimulationManager","CLASS","AbstractTimedSimulationManager<EtpetsEntity, EtpetsGridModel, EtpetsConfig, EtpetsStatistics>","","","public","final","","","13"
"main","app/src/main/java/de/mkalb/etpetssim/simulations/etpets/model/EtpetsStatistics.java","de.mkalb.etpetssim.simulations.etpets.model","EtpetsStatistics","CLASS","BaseTimedSimulationStatistics","","","public","final","","","11"
"main","app/src/main/java/de/mkalb/etpetssim/simulations/etpets/model/EtpetsStepRunner.java","de.mkalb.etpetssim.simulations.etpets.model","EtpetsStepRunner","CLASS","","SimulationStepRunner<EtpetsStatistics>","","public","final","","","7"
"main","app/src/main/java/de/mkalb/etpetssim/simulations/etpets/model/EtpetsTerminationCondition.java","de.mkalb.etpetssim.simulations.etpets.model","EtpetsTerminationCondition","CLASS","","SimulationTerminationCondition<EtpetsEntity, EtpetsGridModel, EtpetsStatistics>","","public","final","","","6"
"main","app/src/main/java/de/mkalb/etpetssim/simulations/etpets/model/EtpetsTerrainLogic.java","de.mkalb.etpetssim.simulations.etpets.model","EtpetsTerrainLogic","CLASS","","","","public","final","","","6"
"main","app/src/main/java/de/mkalb/etpetssim/simulations/etpets/model/EtpetsUserAction.java","de.mkalb.etpetssim.simulations.etpets.model","EtpetsUserAction","CLASS","","SimulationUserAction<EtpetsEntity, EtpetsGridModel, EtpetsConfig, EtpetsStatistics, EtpetsSimulationManager, EtpetsUserActionContext>","","public","final","","","10"
"main","app/src/main/java/de/mkalb/etpetssim/simulations/etpets/model/entity/AgentEntity.java","de.mkalb.etpetssim.simulations.etpets.model.entity","AgentEntity","INTERFACE","EtpetsEntity","","NoAgent, Pet, PetEgg","public","sealed","","","6"
"main","app/src/main/java/de/mkalb/etpetssim/simulations/etpets/model/entity/EntityDescriptors.java","de.mkalb.etpetssim.simulations.etpets.model.entity","EntityDescriptors","ENUM","","SpecBackedGridEntityDescriptorProvider","","public","","","","7"
"main","app/src/main/java/de/mkalb/etpetssim/simulations/etpets/model/entity/EtpetsEntity.java","de.mkalb.etpetssim.simulations.etpets.model.entity","EtpetsEntity","INTERFACE","GridEntity","","TerrainEntity, ResourceEntity, AgentEntity","public","sealed","","","8"
"main","app/src/main/java/de/mkalb/etpetssim/simulations/etpets/model/entity/Insect.java","de.mkalb.etpetssim.simulations.etpets.model.entity","Insect","CLASS","ResourceBase","","","public","final","","","7"
"main","app/src/main/java/de/mkalb/etpetssim/simulations/etpets/model/entity/NoAgent.java","de.mkalb.etpetssim.simulations.etpets.model.entity","NoAgent","ENUM","","AgentEntity, ConstantGridEntity","","public","","","","5"
"main","app/src/main/java/de/mkalb/etpetssim/simulations/etpets/model/entity/NoResource.java","de.mkalb.etpetssim.simulations.etpets.model.entity","NoResource","ENUM","","ResourceEntity, ConstantGridEntity","","public","","","","5"
"main","app/src/main/java/de/mkalb/etpetssim/simulations/etpets/model/entity/Pet.java","de.mkalb.etpetssim.simulations.etpets.model.entity","Pet","CLASS","","AgentEntity","","public","final","","","9"
"main","app/src/main/java/de/mkalb/etpetssim/simulations/etpets/model/entity/Pet.java","de.mkalb.etpetssim.simulations.etpets.model.entity","Pet.PetLastAction","RECORD","","","","public","","","","189"
"main","app/src/main/java/de/mkalb/etpetssim/simulations/etpets/model/entity/PetActionType.java","de.mkalb.etpetssim.simulations.etpets.model.entity","PetActionType","ENUM","","","","public","","","","3"
"main","app/src/main/java/de/mkalb/etpetssim/simulations/etpets/model/entity/PetEgg.java","de.mkalb.etpetssim.simulations.etpets.model.entity","PetEgg","CLASS","","AgentEntity","","public","final","","","5"
"main","app/src/main/java/de/mkalb/etpetssim/simulations/etpets/model/entity/PetGenome.java","de.mkalb.etpetssim.simulations.etpets.model.entity","PetGenome","RECORD","","","","public","","","","12"
"main","app/src/main/java/de/mkalb/etpetssim/simulations/etpets/model/entity/PetTraits.java","de.mkalb.etpetssim.simulations.etpets.model.entity","PetTraits","RECORD","","","","public","","","","13"
"main","app/src/main/java/de/mkalb/etpetssim/simulations/etpets/model/entity/Plant.java","de.mkalb.etpetssim.simulations.etpets.model.entity","Plant","CLASS","ResourceBase","","","public","final","","","7"
"main","app/src/main/java/de/mkalb/etpetssim/simulations/etpets/model/entity/ResourceBase.java","de.mkalb.etpetssim.simulations.etpets.model.entity","ResourceBase","CLASS","","ResourceEntity","Plant, Insect","public","abstract sealed","","","3"
"main","app/src/main/java/de/mkalb/etpetssim/simulations/etpets/model/entity/ResourceEntity.java","de.mkalb.etpetssim.simulations.etpets.model.entity","ResourceEntity","INTERFACE","EtpetsEntity","","NoResource, ResourceBase","public","sealed","","","6"
"main","app/src/main/java/de/mkalb/etpetssim/simulations/etpets/model/entity/TerrainConstant.java","de.mkalb.etpetssim.simulations.etpets.model.entity","TerrainConstant","ENUM","","TerrainEntity, ConstantGridEntity","","public","","","","5"
"main","app/src/main/java/de/mkalb/etpetssim/simulations/etpets/model/entity/TerrainEntity.java","de.mkalb.etpetssim.simulations.etpets.model.entity","TerrainEntity","INTERFACE","EtpetsEntity","","TerrainConstant, Trail","public","sealed","","","6"
"main","app/src/main/java/de/mkalb/etpetssim/simulations/etpets/model/entity/Trail.java","de.mkalb.etpetssim.simulations.etpets.model.entity","Trail","CLASS","","TerrainEntity","","public","final","","","7"
"main","app/src/main/java/de/mkalb/etpetssim/simulations/etpets/shared/EtpetsResourceChoice.java","de.mkalb.etpetssim.simulations.etpets.shared","EtpetsResourceChoice","ENUM","","","","public","","","","6"
"main","app/src/main/java/de/mkalb/etpetssim/simulations/etpets/shared/EtpetsTerrainChoice.java","de.mkalb.etpetssim.simulations.etpets.shared","EtpetsTerrainChoice","ENUM","","","","public","","","","6"
"main","app/src/main/java/de/mkalb/etpetssim/simulations/etpets/shared/EtpetsUserActionContext.java","de.mkalb.etpetssim.simulations.etpets.shared","EtpetsUserActionContext","INTERFACE","SimulationUserActionContext","","EtpetsUserActionContext.SetTerrain, EtpetsUserActionContext.SetResource","public","sealed","@SuppressWarnings(""MarkerInterface"")","","8"
"main","app/src/main/java/de/mkalb/etpetssim/simulations/etpets/shared/EtpetsUserActionContext.java","de.mkalb.etpetssim.simulations.etpets.shared","EtpetsUserActionContext.SetTerrain","RECORD","","EtpetsUserActionContext","","public","","","","17"
"main","app/src/main/java/de/mkalb/etpetssim/simulations/etpets/shared/EtpetsUserActionContext.java","de.mkalb.etpetssim.simulations.etpets.shared","EtpetsUserActionContext.SetResource","RECORD","","EtpetsUserActionContext","","public","","","","25"
"main","app/src/main/java/de/mkalb/etpetssim/simulations/etpets/view/EtpetsConfigView.java","de.mkalb.etpetssim.simulations.etpets.view","EtpetsConfigView","CLASS","AbstractConfigView<EtpetsConfig, EtpetsConfigViewModel>","","","public","final","","","10"
"main","app/src/main/java/de/mkalb/etpetssim/simulations/etpets/view/EtpetsMainView.java","de.mkalb.etpetssim.simulations.etpets.view","EtpetsMainView","CLASS","AbstractDefaultMainView<EtpetsEntity, EtpetsCell, EtpetsGridModel, EtpetsConfig, EtpetsStatistics, EtpetsSimulationManager, EtpetsUserActionContext, EtpetsConfigView, EtpetsObservationView>","","","public","final","","","28"
"main","app/src/main/java/de/mkalb/etpetssim/simulations/etpets/view/EtpetsObservationView.java","de.mkalb.etpetssim.simulations.etpets.view","EtpetsObservationView","CLASS","AbstractObservationView<EtpetsEntity, EtpetsCell, EtpetsStatistics, DefaultObservationViewModel<EtpetsEntity, EtpetsCell, EtpetsStatistics>>","","","public","final","","","13"
"main","app/src/main/java/de/mkalb/etpetssim/simulations/etpets/viewmodel/EtpetsConfigViewModel.java","de.mkalb.etpetssim.simulations.etpets.viewmodel","EtpetsConfigViewModel","CLASS","AbstractConfigViewModel<EtpetsConfig>","","","public","final","","","12"
"main","app/src/main/java/de/mkalb/etpetssim/simulations/etpets/viewmodel/EtpetsEditToolBarViewModel.java","de.mkalb.etpetssim.simulations.etpets.viewmodel","EtpetsEditToolBarViewModel","CLASS","","","","public","final","","","10"
"main","app/src/main/java/de/mkalb/etpetssim/simulations/forest/ForestFactory.java","de.mkalb.etpetssim.simulations.forest","ForestFactory","CLASS","","","","public","final","","","14"
"main","app/src/main/java/de/mkalb/etpetssim/simulations/forest/model/ForestConfig.java","de.mkalb.etpetssim.simulations.forest.model","ForestConfig","RECORD","","SimulationConfig","","public","","","","25"
"main","app/src/main/java/de/mkalb/etpetssim/simulations/forest/model/ForestConstraints.java","de.mkalb.etpetssim.simulations.forest.model","ForestConstraints","CLASS","","","","public","final","","","12"
"main","app/src/main/java/de/mkalb/etpetssim/simulations/forest/model/ForestSimulationManager.java","de.mkalb.etpetssim.simulations.forest.model","ForestSimulationManager","CLASS","AbstractTimedSimulationManager<ForestEntity, WritableGridModel<ForestEntity>, ForestConfig, ForestStatistics>","","","public","final","","","12"
"main","app/src/main/java/de/mkalb/etpetssim/simulations/forest/model/ForestStatistics.java","de.mkalb.etpetssim.simulations.forest.model","ForestStatistics","CLASS","BaseTimedSimulationStatistics","","","public","final","","","11"
"main","app/src/main/java/de/mkalb/etpetssim/simulations/forest/model/ForestTerminationCondition.java","de.mkalb.etpetssim.simulations.forest.model","ForestTerminationCondition","CLASS","","SimulationTerminationCondition<ForestEntity, ReadableGridModel<ForestEntity>, ForestStatistics>","","public","final","","","7"
"main","app/src/main/java/de/mkalb/etpetssim/simulations/forest/model/ForestUpdateStrategy.java","de.mkalb.etpetssim.simulations.forest.model","ForestUpdateStrategy","CLASS","","SynchronousStepLogic<ForestEntity, ForestStatistics>","","public","final","","","11"
"main","app/src/main/java/de/mkalb/etpetssim/simulations/forest/model/ForestUserAction.java","de.mkalb.etpetssim.simulations.forest.model","ForestUserAction","CLASS","","SimulationUserAction<ForestEntity, WritableGridModel<ForestEntity>, ForestConfig, ForestStatistics, ForestSimulationManager, NoUserActionContext>","","public","final","","","9"
"main","app/src/main/java/de/mkalb/etpetssim/simulations/forest/model/entity/ForestEntity.java","de.mkalb.etpetssim.simulations.forest.model.entity","ForestEntity","ENUM","","ConstantGridEntityDescriptorProvider","","public","","","","15"
"main","app/src/main/java/de/mkalb/etpetssim/simulations/forest/view/ForestConfigView.java","de.mkalb.etpetssim.simulations.forest.view","ForestConfigView","CLASS","AbstractConfigView<ForestConfig, ForestConfigViewModel>","","","public","final","","","10"
"main","app/src/main/java/de/mkalb/etpetssim/simulations/forest/view/ForestMainView.java","de.mkalb.etpetssim.simulations.forest.view","ForestMainView","CLASS","AbstractDefaultMainView<ForestEntity, GridCell<ForestEntity>, WritableGridModel<ForestEntity>, ForestConfig, ForestStatistics, ForestSimulationManager, NoUserActionContext, ForestConfigView, ForestObservationView>","","","public","final","","","19"
"main","app/src/main/java/de/mkalb/etpetssim/simulations/forest/view/ForestObservationView.java","de.mkalb.etpetssim.simulations.forest.view","ForestObservationView","CLASS","AbstractObservationView<ForestEntity, GridCell<ForestEntity>, ForestStatistics, DefaultObservationViewModel<ForestEntity, GridCell<ForestEntity>, ForestStatistics>>","","","public","final","","","13"
"main","app/src/main/java/de/mkalb/etpetssim/simulations/forest/viewmodel/ForestConfigViewModel.java","de.mkalb.etpetssim.simulations.forest.viewmodel","ForestConfigViewModel","CLASS","AbstractConfigViewModel<ForestConfig>","","","public","final","","","13"
"main","app/src/main/java/de/mkalb/etpetssim/simulations/lab/LabFactory.java","de.mkalb.etpetssim.simulations.lab","LabFactory","CLASS","","","","public","final","","","14"
"main","app/src/main/java/de/mkalb/etpetssim/simulations/lab/model/LabConfig.java","de.mkalb.etpetssim.simulations.lab.model","LabConfig","RECORD","","SimulationConfig","","public","","","","24"
"main","app/src/main/java/de/mkalb/etpetssim/simulations/lab/model/LabConstraints.java","de.mkalb.etpetssim.simulations.lab.model","LabConstraints","CLASS","","","","public","final","","","13"
"main","app/src/main/java/de/mkalb/etpetssim/simulations/lab/model/LabSimulationManager.java","de.mkalb.etpetssim.simulations.lab.model","LabSimulationManager","CLASS","","SimulationManager<LabEntity, WritableGridModel<LabEntity>, LabConfig, LabStatistics>","","public","final","","","12"
"main","app/src/main/java/de/mkalb/etpetssim/simulations/lab/model/LabStatistics.java","de.mkalb.etpetssim.simulations.lab.model","LabStatistics","CLASS","","SimulationStatistics","","public","final","","","9"
"main","app/src/main/java/de/mkalb/etpetssim/simulations/lab/model/entity/LabEntity.java","de.mkalb.etpetssim.simulations.lab.model.entity","LabEntity","ENUM","","ConstantGridEntityDescriptorProvider","","public","","","","15"
"main","app/src/main/java/de/mkalb/etpetssim/simulations/lab/shared/LabColorMode.java","de.mkalb.etpetssim.simulations.lab.shared","LabColorMode","ENUM","","","","public","","","","6"
"main","app/src/main/java/de/mkalb/etpetssim/simulations/lab/shared/LabNeighborhoodHighlights.java","de.mkalb.etpetssim.simulations.lab.shared","LabNeighborhoodHighlights","RECORD","","","","public","","","","19"
"main","app/src/main/java/de/mkalb/etpetssim/simulations/lab/view/LabConfigView.java","de.mkalb.etpetssim.simulations.lab.view","LabConfigView","CLASS","AbstractConfigView<LabConfig, LabConfigViewModel>","","","public","final","","","10"
"main","app/src/main/java/de/mkalb/etpetssim/simulations/lab/view/LabControlView.java","de.mkalb.etpetssim.simulations.lab.view","LabControlView","CLASS","AbstractControlView<LabControlViewModel>","","","public","final","","","13"
"main","app/src/main/java/de/mkalb/etpetssim/simulations/lab/view/LabMainView.java","de.mkalb.etpetssim.simulations.lab.view","LabMainView","CLASS","AbstractMainView<LabMainViewModel, NoUserActionContext, LabConfigView, LabControlView, LabObservationView>","","","public","final","","","24"
"main","app/src/main/java/de/mkalb/etpetssim/simulations/lab/view/LabObservationView.java","de.mkalb.etpetssim.simulations.lab.view","LabObservationView","CLASS","AbstractObservationView<LabEntity, GridCell<LabEntity>, LabStatistics, DefaultObservationViewModel<LabEntity, GridCell<LabEntity>, LabStatistics>>","","","public","final","","","13"
"main","app/src/main/java/de/mkalb/etpetssim/simulations/lab/viewmodel/LabConfigViewModel.java","de.mkalb.etpetssim.simulations.lab.viewmodel","LabConfigViewModel","CLASS","AbstractConfigViewModel<LabConfig>","","","public","final","","","16"
"main","app/src/main/java/de/mkalb/etpetssim/simulations/lab/viewmodel/LabControlViewModel.java","de.mkalb.etpetssim.simulations.lab.viewmodel","LabControlViewModel","CLASS","","SimulationControlViewModel","","public","final","","","7"
"main","app/src/main/java/de/mkalb/etpetssim/simulations/lab/viewmodel/LabMainViewModel.java","de.mkalb.etpetssim.simulations.lab.viewmodel","LabMainViewModel","CLASS","AbstractMainViewModel<LabEntity, WritableGridModel<LabEntity>, LabConfig, LabStatistics>","","","public","final","","","19"
"main","app/src/main/java/de/mkalb/etpetssim/simulations/langton/LangtonFactory.java","de.mkalb.etpetssim.simulations.langton","LangtonFactory","CLASS","","","","public","final","","","13"
"main","app/src/main/java/de/mkalb/etpetssim/simulations/langton/model/LangtonCell.java","de.mkalb.etpetssim.simulations.langton.model","LangtonCell","RECORD","","GridCellView<LangtonEntity>","","public","","","","17"
"main","app/src/main/java/de/mkalb/etpetssim/simulations/langton/model/LangtonConfig.java","de.mkalb.etpetssim.simulations.langton.model","LangtonConfig","RECORD","","SimulationConfig","","public","","","","24"
"main","app/src/main/java/de/mkalb/etpetssim/simulations/langton/model/LangtonConstraints.java","de.mkalb.etpetssim.simulations.langton.model","LangtonConstraints","CLASS","","","","public","final","","","12"
"main","app/src/main/java/de/mkalb/etpetssim/simulations/langton/model/LangtonGridModel.java","de.mkalb.etpetssim.simulations.langton.model","LangtonGridModel","RECORD","","CompositeGridModel<LangtonEntity>","","public","","","","16"
"main","app/src/main/java/de/mkalb/etpetssim/simulations/langton/model/LangtonSimulationManager.java","de.mkalb.etpetssim.simulations.langton.model","LangtonSimulationManager","CLASS","AbstractTimedSimulationManager<LangtonEntity, LangtonGridModel, LangtonConfig, LangtonStatistics>","","","public","final","","","10"
"main","app/src/main/java/de/mkalb/etpetssim/simulations/langton/model/LangtonStatistics.java","de.mkalb.etpetssim.simulations.langton.model","LangtonStatistics","CLASS","BaseTimedSimulationStatistics","","","public","final","","","11"
"main","app/src/main/java/de/mkalb/etpetssim/simulations/langton/model/LangtonStepRunner.java","de.mkalb.etpetssim.simulations.langton.model","LangtonStepRunner","CLASS","","SimulationStepRunner<LangtonStatistics>","","public","final","","","11"
"main","app/src/main/java/de/mkalb/etpetssim/simulations/langton/model/LangtonTerminationCondition.java","de.mkalb.etpetssim.simulations.langton.model","LangtonTerminationCondition","CLASS","","SimulationTerminationCondition<LangtonEntity, LangtonGridModel, LangtonStatistics>","","public","final","","","6"
"main","app/src/main/java/de/mkalb/etpetssim/simulations/langton/model/LangtonUserAction.java","de.mkalb.etpetssim.simulations.langton.model","LangtonUserAction","CLASS","","SimulationUserAction<LangtonEntity, LangtonGridModel, LangtonConfig, LangtonStatistics, LangtonSimulationManager, LangtonUserActionContext>","","public","final","","","11"
"main","app/src/main/java/de/mkalb/etpetssim/simulations/langton/model/entity/Ant.java","de.mkalb.etpetssim.simulations.langton.model.entity","Ant","CLASS","","AntEntity","","public","final","","","5"
"main","app/src/main/java/de/mkalb/etpetssim/simulations/langton/model/entity/AntEntity.java","de.mkalb.etpetssim.simulations.langton.model.entity","AntEntity","INTERFACE","LangtonEntity","","Ant, NoAgent","public","sealed","","","6"
"main","app/src/main/java/de/mkalb/etpetssim/simulations/langton/model/entity/EntityDescriptors.java","de.mkalb.etpetssim.simulations.langton.model.entity","EntityDescriptors","ENUM","","SpecBackedGridEntityDescriptorProvider","","public","","@SuppressWarnings(""SameParameterValue"")","","12"
"main","app/src/main/java/de/mkalb/etpetssim/simulations/langton/model/entity/LangtonEntity.java","de.mkalb.etpetssim.simulations.langton.model.entity","LangtonEntity","INTERFACE","GridEntity","","AntEntity, TerrainConstant","public","sealed","","","11"
"main","app/src/main/java/de/mkalb/etpetssim/simulations/langton/model/entity/NoAgent.java","de.mkalb.etpetssim.simulations.langton.model.entity","NoAgent","ENUM","","AntEntity, ConstantGridEntity","","public","","","","10"
"main","app/src/main/java/de/mkalb/etpetssim/simulations/langton/model/entity/TerrainConstant.java","de.mkalb.etpetssim.simulations.langton.model.entity","TerrainConstant","ENUM","","LangtonEntity, ConstantGridEntityDescriptorProvider","","public","","","","26"
"main","app/src/main/java/de/mkalb/etpetssim/simulations/langton/shared/LangtonDirectionOptions.java","de.mkalb.etpetssim.simulations.langton.shared","LangtonDirectionOptions","CLASS","","","","public","final","","","9"
"main","app/src/main/java/de/mkalb/etpetssim/simulations/langton/shared/LangtonMovementRules.java","de.mkalb.etpetssim.simulations.langton.shared","LangtonMovementRules","RECORD","","","","public","","","","12"
"main","app/src/main/java/de/mkalb/etpetssim/simulations/langton/shared/LangtonMovementRules.java","de.mkalb.etpetssim.simulations.langton.shared","LangtonMovementRules.AntTurn","ENUM","","","","public","","","","136"
"main","app/src/main/java/de/mkalb/etpetssim/simulations/langton/shared/LangtonRulePreset.java","de.mkalb.etpetssim.simulations.langton.shared","LangtonRulePreset","INTERFACE","","","LangtonRulePresetHexagon, LangtonRulePresetSquare, LangtonRulePresetTriangle","public","sealed","","","10"
"main","app/src/main/java/de/mkalb/etpetssim/simulations/langton/shared/LangtonRulePresetHexagon.java","de.mkalb.etpetssim.simulations.langton.shared","LangtonRulePresetHexagon","ENUM","","LangtonRulePreset","","public","","@SuppressWarnings(""SpellCheckingInspection"")","","13"
"main","app/src/main/java/de/mkalb/etpetssim/simulations/langton/shared/LangtonRulePresetSquare.java","de.mkalb.etpetssim.simulations.langton.shared","LangtonRulePresetSquare","ENUM","","LangtonRulePreset","","public","","@SuppressWarnings(""SpellCheckingInspection"")","","12"
"main","app/src/main/java/de/mkalb/etpetssim/simulations/langton/shared/LangtonRulePresetTriangle.java","de.mkalb.etpetssim.simulations.langton.shared","LangtonRulePresetTriangle","ENUM","","LangtonRulePreset","","public","","","","15"
"main","app/src/main/java/de/mkalb/etpetssim/simulations/langton/shared/LangtonUserActionContext.java","de.mkalb.etpetssim.simulations.langton.shared","LangtonUserActionContext","INTERFACE","SimulationUserActionContext","","LangtonUserActionContext.FixedAction, LangtonUserActionContext.AddAnt","public","sealed","@SuppressWarnings(""MarkerInterface"")","","9"
"main","app/src/main/java/de/mkalb/etpetssim/simulations/langton/shared/LangtonUserActionContext.java","de.mkalb.etpetssim.simulations.langton.shared","LangtonUserActionContext.FixedAction","ENUM","","LangtonUserActionContext","","public","","","","16"
"main","app/src/main/java/de/mkalb/etpetssim/simulations/langton/shared/LangtonUserActionContext.java","de.mkalb.etpetssim.simulations.langton.shared","LangtonUserActionContext.AddAnt","RECORD","","LangtonUserActionContext","","public","","","","25"
"main","app/src/main/java/de/mkalb/etpetssim/simulations/langton/view/LangtonConfigView.java","de.mkalb.etpetssim.simulations.langton.view","LangtonConfigView","CLASS","AbstractConfigView<LangtonConfig, LangtonConfigViewModel>","","","public","final","","","12"
"main","app/src/main/java/de/mkalb/etpetssim/simulations/langton/view/LangtonMainView.java","de.mkalb.etpetssim.simulations.langton.view","LangtonMainView","CLASS","AbstractDefaultMainView<LangtonEntity, LangtonCell, LangtonGridModel, LangtonConfig, LangtonStatistics, LangtonSimulationManager, LangtonUserActionContext, LangtonConfigView, LangtonObservationView>","","","public","final","","","30"
"main","app/src/main/java/de/mkalb/etpetssim/simulations/langton/view/LangtonObservationView.java","de.mkalb.etpetssim.simulations.langton.view","LangtonObservationView","CLASS","AbstractObservationView<LangtonEntity, LangtonCell, LangtonStatistics, DefaultObservationViewModel<LangtonEntity, LangtonCell, LangtonStatistics>>","","","public","final","","","12"
"main","app/src/main/java/de/mkalb/etpetssim/simulations/langton/viewmodel/LangtonConfigViewModel.java","de.mkalb.etpetssim.simulations.langton.viewmodel","LangtonConfigViewModel","CLASS","AbstractConfigViewModel<LangtonConfig>","","","public","final","","","13"
"main","app/src/main/java/de/mkalb/etpetssim/simulations/langton/viewmodel/LangtonEditToolBarViewModel.java","de.mkalb.etpetssim.simulations.langton.viewmodel","LangtonEditToolBarViewModel","CLASS","","","","public","final","","","13"
"main","app/src/main/java/de/mkalb/etpetssim/simulations/langton/viewmodel/LangtonRuleProperty.java","de.mkalb.etpetssim.simulations.langton.viewmodel","LangtonRuleProperty","CLASS","","","","public","final","","","11"
"main","app/src/main/java/de/mkalb/etpetssim/simulations/rebounding/ReboundingFactory.java","de.mkalb.etpetssim.simulations.rebounding","ReboundingFactory","CLASS","","","","public","final","","","14"
"main","app/src/main/java/de/mkalb/etpetssim/simulations/rebounding/model/ReboundingConfig.java","de.mkalb.etpetssim.simulations.rebounding.model","ReboundingConfig","RECORD","","SimulationConfig","","public","","","","24"
"main","app/src/main/java/de/mkalb/etpetssim/simulations/rebounding/model/ReboundingConstraints.java","de.mkalb.etpetssim.simulations.rebounding.model","ReboundingConstraints","CLASS","","","","public","final","","","12"
"main","app/src/main/java/de/mkalb/etpetssim/simulations/rebounding/model/ReboundingSimulationManager.java","de.mkalb.etpetssim.simulations.rebounding.model","ReboundingSimulationManager","CLASS","AbstractTimedSimulationManager<ReboundingEntity, WritableGridModel<ReboundingEntity>, ReboundingConfig, ReboundingStatistics>","","","public","final","","","15"
"main","app/src/main/java/de/mkalb/etpetssim/simulations/rebounding/model/ReboundingStatistics.java","de.mkalb.etpetssim.simulations.rebounding.model","ReboundingStatistics","CLASS","BaseTimedSimulationStatistics","","","public","final","","","11"
"main","app/src/main/java/de/mkalb/etpetssim/simulations/rebounding/model/ReboundingStepLogic.java","de.mkalb.etpetssim.simulations.rebounding.model","ReboundingStepLogic","CLASS","","AgentStepLogic<ReboundingEntity, ReboundingStatistics>","","public","final","","","9"
"main","app/src/main/java/de/mkalb/etpetssim/simulations/rebounding/model/ReboundingTerminationCondition.java","de.mkalb.etpetssim.simulations.rebounding.model","ReboundingTerminationCondition","CLASS","","SimulationTerminationCondition<ReboundingEntity, ReadableGridModel<ReboundingEntity>, ReboundingStatistics>","","public","final","","","7"
"main","app/src/main/java/de/mkalb/etpetssim/simulations/rebounding/model/ReboundingUserAction.java","de.mkalb.etpetssim.simulations.rebounding.model","ReboundingUserAction","CLASS","","SimulationUserAction<ReboundingEntity, WritableGridModel<ReboundingEntity>, ReboundingConfig, ReboundingStatistics, ReboundingSimulationManager, ReboundingUserActionContext>","","public","final","","","9"
"main","app/src/main/java/de/mkalb/etpetssim/simulations/rebounding/model/entity/EntityDescriptors.java","de.mkalb.etpetssim.simulations.rebounding.model.entity","EntityDescriptors","ENUM","","SpecBackedGridEntityDescriptorProvider","","public","","@SuppressWarnings(""SameParameterValue"")","","7"
"main","app/src/main/java/de/mkalb/etpetssim/simulations/rebounding/model/entity/Rebounder.java","de.mkalb.etpetssim.simulations.rebounding.model.entity","Rebounder","CLASS","","ReboundingEntity","","public","final","","","5"
"main","app/src/main/java/de/mkalb/etpetssim/simulations/rebounding/model/entity/ReboundingEntity.java","de.mkalb.etpetssim.simulations.rebounding.model.entity","ReboundingEntity","INTERFACE","GridEntity","","TerrainConstant, Rebounder","public","sealed","","","8"
"main","app/src/main/java/de/mkalb/etpetssim/simulations/rebounding/model/entity/TerrainConstant.java","de.mkalb.etpetssim.simulations.rebounding.model.entity","TerrainConstant","ENUM","","ReboundingEntity, ConstantGridEntity","","public","","","","10"
"main","app/src/main/java/de/mkalb/etpetssim/simulations/rebounding/shared/ReboundingUserActionContext.java","de.mkalb.etpetssim.simulations.rebounding.shared","ReboundingUserActionContext","INTERFACE","SimulationUserActionContext","","ReboundingUserActionContext.FixedAction, ReboundingUserActionContext.AddRebounder","public","sealed","@SuppressWarnings(""MarkerInterface"")","","9"
"main","app/src/main/java/de/mkalb/etpetssim/simulations/rebounding/shared/ReboundingUserActionContext.java","de.mkalb.etpetssim.simulations.rebounding.shared","ReboundingUserActionContext.FixedAction","ENUM","","ReboundingUserActionContext","","public","","","","16"
"main","app/src/main/java/de/mkalb/etpetssim/simulations/rebounding/shared/ReboundingUserActionContext.java","de.mkalb.etpetssim.simulations.rebounding.shared","ReboundingUserActionContext.AddRebounder","RECORD","","ReboundingUserActionContext","","public","","","","28"
"main","app/src/main/java/de/mkalb/etpetssim/simulations/rebounding/view/ReboundingConfigView.java","de.mkalb.etpetssim.simulations.rebounding.view","ReboundingConfigView","CLASS","AbstractConfigView<ReboundingConfig, ReboundingConfigViewModel>","","","public","final","","","10"
"main","app/src/main/java/de/mkalb/etpetssim/simulations/rebounding/view/ReboundingMainView.java","de.mkalb.etpetssim.simulations.rebounding.view","ReboundingMainView","CLASS","AbstractDefaultMainView<ReboundingEntity, GridCell<ReboundingEntity>, WritableGridModel<ReboundingEntity>, ReboundingConfig, ReboundingStatistics, ReboundingSimulationManager, ReboundingUserActionContext, ReboundingConfigView, ReboundingObservationView>","","","public","final","","","29"
"main","app/src/main/java/de/mkalb/etpetssim/simulations/rebounding/view/ReboundingObservationView.java","de.mkalb.etpetssim.simulations.rebounding.view","ReboundingObservationView","CLASS","AbstractObservationView<ReboundingEntity, GridCell<ReboundingEntity>, ReboundingStatistics, DefaultObservationViewModel<ReboundingEntity, GridCell<ReboundingEntity>, ReboundingStatistics>>","","","public","final","","","15"
"main","app/src/main/java/de/mkalb/etpetssim/simulations/rebounding/viewmodel/ReboundingConfigViewModel.java","de.mkalb.etpetssim.simulations.rebounding.viewmodel","ReboundingConfigViewModel","CLASS","AbstractConfigViewModel<ReboundingConfig>","","","public","final","","","13"
"main","app/src/main/java/de/mkalb/etpetssim/simulations/rebounding/viewmodel/ReboundingEditToolBarViewModel.java","de.mkalb.etpetssim.simulations.rebounding.viewmodel","ReboundingEditToolBarViewModel","CLASS","","","","public","final","","","12"
"main","app/src/main/java/de/mkalb/etpetssim/simulations/snake/SnakeFactory.java","de.mkalb.etpetssim.simulations.snake","SnakeFactory","CLASS","","","","public","final","","","14"
"main","app/src/main/java/de/mkalb/etpetssim/simulations/snake/model/SnakeConfig.java","de.mkalb.etpetssim.simulations.snake.model","SnakeConfig","RECORD","","SimulationConfig","","public","","","","31"
"main","app/src/main/java/de/mkalb/etpetssim/simulations/snake/model/SnakeConstraints.java","de.mkalb.etpetssim.simulations.snake.model","SnakeConstraints","CLASS","","","","public","final","","","13"
"main","app/src/main/java/de/mkalb/etpetssim/simulations/snake/model/SnakeSimulationManager.java","de.mkalb.etpetssim.simulations.snake.model","SnakeSimulationManager","CLASS","AbstractTimedSimulationManager<SnakeEntity, WritableGridModel<SnakeEntity>, SnakeConfig, SnakeStatistics>","","","public","final","","","15"
"main","app/src/main/java/de/mkalb/etpetssim/simulations/snake/model/SnakeStatistics.java","de.mkalb.etpetssim.simulations.snake.model","SnakeStatistics","CLASS","BaseTimedSimulationStatistics","","","public","final","","","11"
"main","app/src/main/java/de/mkalb/etpetssim/simulations/snake/model/SnakeStepLogic.java","de.mkalb.etpetssim.simulations.snake.model","SnakeStepLogic","CLASS","","AgentStepLogic<SnakeEntity, SnakeStatistics>","","public","final","","","12"
"main","app/src/main/java/de/mkalb/etpetssim/simulations/snake/model/SnakeTerminationCondition.java","de.mkalb.etpetssim.simulations.snake.model","SnakeTerminationCondition","CLASS","","SimulationTerminationCondition<SnakeEntity, ReadableGridModel<SnakeEntity>, SnakeStatistics>","","public","final","","","7"
"main","app/src/main/java/de/mkalb/etpetssim/simulations/snake/model/SnakeUserAction.java","de.mkalb.etpetssim.simulations.snake.model","SnakeUserAction","CLASS","","SimulationUserAction<SnakeEntity, WritableGridModel<SnakeEntity>, SnakeConfig, SnakeStatistics, SnakeSimulationManager, SnakeUserActionContext>","","public","final","","","12"
"main","app/src/main/java/de/mkalb/etpetssim/simulations/snake/model/entity/EntityDescriptors.java","de.mkalb.etpetssim.simulations.snake.model.entity","EntityDescriptors","ENUM","","SpecBackedGridEntityDescriptorProvider","","public","","@SuppressWarnings(""SameParameterValue"")","","12"
"main","app/src/main/java/de/mkalb/etpetssim/simulations/snake/model/entity/SnakeEntity.java","de.mkalb.etpetssim.simulations.snake.model.entity","SnakeEntity","INTERFACE","GridEntity","","TerrainConstant, SnakeHead","public","sealed","","","8"
"main","app/src/main/java/de/mkalb/etpetssim/simulations/snake/model/entity/SnakeHead.java","de.mkalb.etpetssim.simulations.snake.model.entity","SnakeHead","CLASS","","SnakeEntity","","public","final","","","10"
"main","app/src/main/java/de/mkalb/etpetssim/simulations/snake/model/entity/TerrainConstant.java","de.mkalb.etpetssim.simulations.snake.model.entity","TerrainConstant","ENUM","","SnakeEntity, ConstantGridEntity","","public","","","","10"
"main","app/src/main/java/de/mkalb/etpetssim/simulations/snake/model/strategy/AnonymousMoveStrategy.java","de.mkalb.etpetssim.simulations.snake.model.strategy","AnonymousMoveStrategy","INTERFACE","SnakeMoveStrategy","","","package-private","","@FunctionalInterface","","6"
"main","app/src/main/java/de/mkalb/etpetssim/simulations/snake/model/strategy/MoveContext.java","de.mkalb.etpetssim.simulations.snake.model.strategy","MoveContext","RECORD","","","","public","","","","26"
"main","app/src/main/java/de/mkalb/etpetssim/simulations/snake/model/strategy/MoveDecision.java","de.mkalb.etpetssim.simulations.snake.model.strategy","MoveDecision","INTERFACE","","","","public","","","","9"
"main","app/src/main/java/de/mkalb/etpetssim/simulations/snake/model/strategy/NamedMoveStrategy.java","de.mkalb.etpetssim.simulations.snake.model.strategy","NamedMoveStrategy","RECORD","","SnakeMoveStrategy","","package-private","","","","5"
"main","app/src/main/java/de/mkalb/etpetssim/simulations/snake/model/strategy/SnakeMoveStrategies.java","de.mkalb.etpetssim.simulations.snake.model.strategy","SnakeMoveStrategies","CLASS","","","","public","final","","","9"
"main","app/src/main/java/de/mkalb/etpetssim/simulations/snake/model/strategy/SnakeMoveStrategies.java","de.mkalb.etpetssim.simulations.snake.model.strategy","SnakeMoveStrategies.ScoredMove","RECORD","","MoveDecision","","private","","","","220"
"main","app/src/main/java/de/mkalb/etpetssim/simulations/snake/model/strategy/SnakeMoveStrategy.java","de.mkalb.etpetssim.simulations.snake.model.strategy","SnakeMoveStrategy","INTERFACE","","","","public","","","","8"
"main","app/src/main/java/de/mkalb/etpetssim/simulations/snake/shared/SnakeDeathMode.java","de.mkalb.etpetssim.simulations.snake.shared","SnakeDeathMode","ENUM","","","","public","","","","10"
"main","app/src/main/java/de/mkalb/etpetssim/simulations/snake/shared/SnakeUserActionContext.java","de.mkalb.etpetssim.simulations.snake.shared","SnakeUserActionContext","INTERFACE","SimulationUserActionContext","","SnakeUserActionContext.FixedAction, SnakeUserActionContext.AddSnake","public","sealed","@SuppressWarnings(""MarkerInterface"")","","9"
"main","app/src/main/java/de/mkalb/etpetssim/simulations/snake/shared/SnakeUserActionContext.java","de.mkalb.etpetssim.simulations.snake.shared","SnakeUserActionContext.FixedAction","ENUM","","SnakeUserActionContext","","public","","","","16"
"main","app/src/main/java/de/mkalb/etpetssim/simulations/snake/shared/SnakeUserActionContext.java","de.mkalb.etpetssim.simulations.snake.shared","SnakeUserActionContext.AddSnake","RECORD","","SnakeUserActionContext","","public","","","","29"
"main","app/src/main/java/de/mkalb/etpetssim/simulations/snake/view/SnakeConfigView.java","de.mkalb.etpetssim.simulations.snake.view","SnakeConfigView","CLASS","AbstractConfigView<SnakeConfig, SnakeConfigViewModel>","","","public","final","","","11"
"main","app/src/main/java/de/mkalb/etpetssim/simulations/snake/view/SnakeMainView.java","de.mkalb.etpetssim.simulations.snake.view","SnakeMainView","CLASS","AbstractDefaultMainView<SnakeEntity, GridCell<SnakeEntity>, WritableGridModel<SnakeEntity>, SnakeConfig, SnakeStatistics, SnakeSimulationManager, SnakeUserActionContext, SnakeConfigView, SnakeObservationView>","","","public","final","","","27"
"main","app/src/main/java/de/mkalb/etpetssim/simulations/snake/view/SnakeObservationView.java","de.mkalb.etpetssim.simulations.snake.view","SnakeObservationView","CLASS","AbstractObservationView<SnakeEntity, GridCell<SnakeEntity>, SnakeStatistics, DefaultObservationViewModel<SnakeEntity, GridCell<SnakeEntity>, SnakeStatistics>>","","","public","final","","","15"
"main","app/src/main/java/de/mkalb/etpetssim/simulations/snake/viewmodel/SnakeConfigViewModel.java","de.mkalb.etpetssim.simulations.snake.viewmodel","SnakeConfigViewModel","CLASS","AbstractConfigViewModel<SnakeConfig>","","","public","final","","","13"
"main","app/src/main/java/de/mkalb/etpetssim/simulations/snake/viewmodel/SnakeEditToolBarViewModel.java","de.mkalb.etpetssim.simulations.snake.viewmodel","SnakeEditToolBarViewModel","CLASS","","","","public","final","","","8"
"main","app/src/main/java/de/mkalb/etpetssim/simulations/start/StartFactory.java","de.mkalb.etpetssim.simulations.start","StartFactory","CLASS","","","","public","final","","","9"
"main","app/src/main/java/de/mkalb/etpetssim/simulations/start/StartMainView.java","de.mkalb.etpetssim.simulations.start","StartMainView","CLASS","","SimulationMainView, SimulationControlView","","public","final","","","23"
"main","app/src/main/java/de/mkalb/etpetssim/simulations/sugar/SugarFactory.java","de.mkalb.etpetssim.simulations.sugar","SugarFactory","CLASS","","","","public","final","","","13"
"main","app/src/main/java/de/mkalb/etpetssim/simulations/sugar/model/SugarAgentLogic.java","de.mkalb.etpetssim.simulations.sugar.model","SugarAgentLogic","CLASS","","","","public","final","","","10"
"main","app/src/main/java/de/mkalb/etpetssim/simulations/sugar/model/SugarAgentLogic.java","de.mkalb.etpetssim.simulations.sugar.model","SugarAgentLogic.AgentMoveCandidate","RECORD","","","","private","","","","199"
"main","app/src/main/java/de/mkalb/etpetssim/simulations/sugar/model/SugarBalance.java","de.mkalb.etpetssim.simulations.sugar.model","SugarBalance","CLASS","","","","public","final","","","10"
"main","app/src/main/java/de/mkalb/etpetssim/simulations/sugar/model/SugarCell.java","de.mkalb.etpetssim.simulations.sugar.model","SugarCell","RECORD","","GridCellView<SugarEntity>","","public","","","","17"
"main","app/src/main/java/de/mkalb/etpetssim/simulations/sugar/model/SugarConfig.java","de.mkalb.etpetssim.simulations.sugar.model","SugarConfig","RECORD","","SimulationConfig","","public","","","","32"
"main","app/src/main/java/de/mkalb/etpetssim/simulations/sugar/model/SugarConstraints.java","de.mkalb.etpetssim.simulations.sugar.model","SugarConstraints","CLASS","","","","public","final","","","12"
"main","app/src/main/java/de/mkalb/etpetssim/simulations/sugar/model/SugarGridModel.java","de.mkalb.etpetssim.simulations.sugar.model","SugarGridModel","RECORD","","CompositeGridModel<SugarEntity>","","public","","","","16"
"main","app/src/main/java/de/mkalb/etpetssim/simulations/sugar/model/SugarResourceLogic.java","de.mkalb.etpetssim.simulations.sugar.model","SugarResourceLogic","CLASS","","","","public","final","","","5"
"main","app/src/main/java/de/mkalb/etpetssim/simulations/sugar/model/SugarSimulationManager.java","de.mkalb.etpetssim.simulations.sugar.model","SugarSimulationManager","CLASS","AbstractTimedSimulationManager<SugarEntity, SugarGridModel, SugarConfig, SugarStatistics>","","","public","final","","","15"
"main","app/src/main/java/de/mkalb/etpetssim/simulations/sugar/model/SugarStatistics.java","de.mkalb.etpetssim.simulations.sugar.model","SugarStatistics","CLASS","BaseTimedSimulationStatistics","","","public","final","","","11"
"main","app/src/main/java/de/mkalb/etpetssim/simulations/sugar/model/SugarStepRunner.java","de.mkalb.etpetssim.simulations.sugar.model","SugarStepRunner","CLASS","","SimulationStepRunner<SugarStatistics>","","public","final","","","7"
"main","app/src/main/java/de/mkalb/etpetssim/simulations/sugar/model/SugarTerminationCondition.java","de.mkalb.etpetssim.simulations.sugar.model","SugarTerminationCondition","CLASS","","SimulationTerminationCondition<SugarEntity, SugarGridModel, SugarStatistics>","","public","final","","","14"
"main","app/src/main/java/de/mkalb/etpetssim/simulations/sugar/model/SugarUserAction.java","de.mkalb.etpetssim.simulations.sugar.model","SugarUserAction","CLASS","","SimulationUserAction<SugarEntity, SugarGridModel, SugarConfig, SugarStatistics, SugarSimulationManager, SugarUserActionContext>","","public","final","","","10"
"main","app/src/main/java/de/mkalb/etpetssim/simulations/sugar/model/entity/Agent.java","de.mkalb.etpetssim.simulations.sugar.model.entity","Agent","CLASS","","AgentEntity","","public","final","","","3"
"main","app/src/main/java/de/mkalb/etpetssim/simulations/sugar/model/entity/AgentEntity.java","de.mkalb.etpetssim.simulations.sugar.model.entity","AgentEntity","INTERFACE","SugarEntity","","Agent, NoAgent","public","sealed","","","6"
"main","app/src/main/java/de/mkalb/etpetssim/simulations/sugar/model/entity/EntityDescriptors.java","de.mkalb.etpetssim.simulations.sugar.model.entity","EntityDescriptors","ENUM","","SpecBackedGridEntityDescriptorProvider","","public","","@SuppressWarnings(""SameParameterValue"")","","12"
"main","app/src/main/java/de/mkalb/etpetssim/simulations/sugar/model/entity/NoAgent.java","de.mkalb.etpetssim.simulations.sugar.model.entity","NoAgent","ENUM","","AgentEntity, ConstantGridEntity","","public","","","","10"
"main","app/src/main/java/de/mkalb/etpetssim/simulations/sugar/model/entity/NoResource.java","de.mkalb.etpetssim.simulations.sugar.model.entity","NoResource","ENUM","","ResourceEntity, ConstantGridEntity","","public","","","","10"
"main","app/src/main/java/de/mkalb/etpetssim/simulations/sugar/model/entity/ResourceEntity.java","de.mkalb.etpetssim.simulations.sugar.model.entity","ResourceEntity","INTERFACE","SugarEntity","","Sugar, NoResource","public","sealed","","","6"
"main","app/src/main/java/de/mkalb/etpetssim/simulations/sugar/model/entity/Sugar.java","de.mkalb.etpetssim.simulations.sugar.model.entity","Sugar","CLASS","","ResourceEntity","","public","final","","","3"
"main","app/src/main/java/de/mkalb/etpetssim/simulations/sugar/model/entity/SugarEntity.java","de.mkalb.etpetssim.simulations.sugar.model.entity","SugarEntity","INTERFACE","GridEntity","","ResourceEntity, AgentEntity","public","sealed","","","8"
"main","app/src/main/java/de/mkalb/etpetssim/simulations/sugar/shared/SugarAddSugarLevel.java","de.mkalb.etpetssim.simulations.sugar.shared","SugarAddSugarLevel","ENUM","","","","public","","","","6"
"main","app/src/main/java/de/mkalb/etpetssim/simulations/sugar/shared/SugarUserActionContext.java","de.mkalb.etpetssim.simulations.sugar.shared","SugarUserActionContext","INTERFACE","SimulationUserActionContext","","SugarUserActionContext.FixedAction, SugarUserActionContext.AddSugar","public","sealed","@SuppressWarnings(""MarkerInterface"")","","8"
"main","app/src/main/java/de/mkalb/etpetssim/simulations/sugar/shared/SugarUserActionContext.java","de.mkalb.etpetssim.simulations.sugar.shared","SugarUserActionContext.FixedAction","ENUM","","SugarUserActionContext","","public","","","","15"
"main","app/src/main/java/de/mkalb/etpetssim/simulations/sugar/shared/SugarUserActionContext.java","de.mkalb.etpetssim.simulations.sugar.shared","SugarUserActionContext.AddSugar","RECORD","","SugarUserActionContext","","public","","","","24"
"main","app/src/main/java/de/mkalb/etpetssim/simulations/sugar/view/SugarConfigView.java","de.mkalb.etpetssim.simulations.sugar.view","SugarConfigView","CLASS","AbstractConfigView<SugarConfig, SugarConfigViewModel>","","","public","final","","","10"
"main","app/src/main/java/de/mkalb/etpetssim/simulations/sugar/view/SugarMainView.java","de.mkalb.etpetssim.simulations.sugar.view","SugarMainView","CLASS","AbstractDefaultMainView<SugarEntity, SugarCell, SugarGridModel, SugarConfig, SugarStatistics, SugarSimulationManager, SugarUserActionContext, SugarConfigView, SugarObservationView>","","","public","final","","","27"
"main","app/src/main/java/de/mkalb/etpetssim/simulations/sugar/view/SugarObservationView.java","de.mkalb.etpetssim.simulations.sugar.view","SugarObservationView","CLASS","AbstractObservationView<SugarEntity, SugarCell, SugarStatistics, DefaultObservationViewModel<SugarEntity, SugarCell, SugarStatistics>>","","","public","final","","","14"
"main","app/src/main/java/de/mkalb/etpetssim/simulations/sugar/viewmodel/SugarConfigViewModel.java","de.mkalb.etpetssim.simulations.sugar.viewmodel","SugarConfigViewModel","CLASS","AbstractConfigViewModel<SugarConfig>","","","public","final","","","11"
"main","app/src/main/java/de/mkalb/etpetssim/simulations/sugar/viewmodel/SugarEditToolBarViewModel.java","de.mkalb.etpetssim.simulations.sugar.viewmodel","SugarEditToolBarViewModel","CLASS","","","","public","final","","","10"
"main","app/src/main/java/de/mkalb/etpetssim/simulations/wator/WatorFactory.java","de.mkalb.etpetssim.simulations.wator","WatorFactory","CLASS","","","","public","final","","","14"
"main","app/src/main/java/de/mkalb/etpetssim/simulations/wator/model/WatorBalance.java","de.mkalb.etpetssim.simulations.wator.model","WatorBalance","CLASS","","","","public","final","","","9"
"main","app/src/main/java/de/mkalb/etpetssim/simulations/wator/model/WatorConfig.java","de.mkalb.etpetssim.simulations.wator.model","WatorConfig","RECORD","","SimulationConfig","","public","","","","34"
"main","app/src/main/java/de/mkalb/etpetssim/simulations/wator/model/WatorConstraints.java","de.mkalb.etpetssim.simulations.wator.model","WatorConstraints","CLASS","","","","public","final","","","12"
"main","app/src/main/java/de/mkalb/etpetssim/simulations/wator/model/WatorSimulationManager.java","de.mkalb.etpetssim.simulations.wator.model","WatorSimulationManager","CLASS","AbstractTimedSimulationManager<WatorEntity, WritableGridModel<WatorEntity>, WatorConfig, WatorStatistics>","","","public","final","","","14"
"main","app/src/main/java/de/mkalb/etpetssim/simulations/wator/model/WatorStatistics.java","de.mkalb.etpetssim.simulations.wator.model","WatorStatistics","CLASS","BaseTimedSimulationStatistics","","","public","final","","","11"
"main","app/src/main/java/de/mkalb/etpetssim/simulations/wator/model/WatorStepLogic.java","de.mkalb.etpetssim.simulations.wator.model","WatorStepLogic","CLASS","","AgentStepLogic<WatorEntity, WatorStatistics>","","public","final","","","11"
"main","app/src/main/java/de/mkalb/etpetssim/simulations/wator/model/WatorTerminationCondition.java","de.mkalb.etpetssim.simulations.wator.model","WatorTerminationCondition","CLASS","","SimulationTerminationCondition<WatorEntity, ReadableGridModel<WatorEntity>, WatorStatistics>","","public","final","","","7"
"main","app/src/main/java/de/mkalb/etpetssim/simulations/wator/model/WatorUserAction.java","de.mkalb.etpetssim.simulations.wator.model","WatorUserAction","CLASS","","SimulationUserAction<WatorEntity, WritableGridModel<WatorEntity>, WatorConfig, WatorStatistics, WatorSimulationManager, WatorUserActionContext>","","public","final","","","9"
"main","app/src/main/java/de/mkalb/etpetssim/simulations/wator/model/entity/CreatureBase.java","de.mkalb.etpetssim.simulations.wator.model.entity","CreatureBase","CLASS","","WatorEntity, Comparable<CreatureBase>","Fish, Shark","public","abstract sealed","","","5"
"main","app/src/main/java/de/mkalb/etpetssim/simulations/wator/model/entity/CreatureFactory.java","de.mkalb.etpetssim.simulations.wator.model.entity","CreatureFactory","CLASS","","","","public","final","","","3"
"main","app/src/main/java/de/mkalb/etpetssim/simulations/wator/model/entity/EntityDescriptors.java","de.mkalb.etpetssim.simulations.wator.model.entity","EntityDescriptors","ENUM","","SpecBackedGridEntityDescriptorProvider","","public","","@SuppressWarnings(""SameParameterValue"")","","12"
"main","app/src/main/java/de/mkalb/etpetssim/simulations/wator/model/entity/Fish.java","de.mkalb.etpetssim.simulations.wator.model.entity","Fish","CLASS","CreatureBase","","","public","final","","","3"
"main","app/src/main/java/de/mkalb/etpetssim/simulations/wator/model/entity/Shark.java","de.mkalb.etpetssim.simulations.wator.model.entity","Shark","CLASS","CreatureBase","","","public","final","","","3"
"main","app/src/main/java/de/mkalb/etpetssim/simulations/wator/model/entity/TerrainConstant.java","de.mkalb.etpetssim.simulations.wator.model.entity","TerrainConstant","ENUM","","WatorEntity, ConstantGridEntity","","public","","","","10"
"main","app/src/main/java/de/mkalb/etpetssim/simulations/wator/model/entity/WatorEntity.java","de.mkalb.etpetssim.simulations.wator.model.entity","WatorEntity","INTERFACE","GridEntity","","CreatureBase, TerrainConstant","public","sealed","","","8"
"main","app/src/main/java/de/mkalb/etpetssim/simulations/wator/shared/WatorUserActionContext.java","de.mkalb.etpetssim.simulations.wator.shared","WatorUserActionContext","ENUM","","SimulationUserActionContext","","public","","","","8"
"main","app/src/main/java/de/mkalb/etpetssim/simulations/wator/view/WatorConfigView.java","de.mkalb.etpetssim.simulations.wator.view","WatorConfigView","CLASS","AbstractConfigView<WatorConfig, WatorConfigViewModel>","","","public","final","@SuppressWarnings(""SpellCheckingInspection"")","","11"
"main","app/src/main/java/de/mkalb/etpetssim/simulations/wator/view/WatorMainView.java","de.mkalb.etpetssim.simulations.wator.view","WatorMainView","CLASS","AbstractDefaultMainView<WatorEntity, GridCell<WatorEntity>, WritableGridModel<WatorEntity>, WatorConfig, WatorStatistics, WatorSimulationManager, WatorUserActionContext, WatorConfigView, WatorObservationView>","","","public","final","","","19"
"main","app/src/main/java/de/mkalb/etpetssim/simulations/wator/view/WatorObservationView.java","de.mkalb.etpetssim.simulations.wator.view","WatorObservationView","CLASS","AbstractObservationView<WatorEntity, GridCell<WatorEntity>, WatorStatistics, DefaultObservationViewModel<WatorEntity, GridCell<WatorEntity>, WatorStatistics>>","","","public","final","","","15"
"main","app/src/main/java/de/mkalb/etpetssim/simulations/wator/viewmodel/WatorConfigViewModel.java","de.mkalb.etpetssim.simulations.wator.viewmodel","WatorConfigViewModel","CLASS","AbstractConfigViewModel<WatorConfig>","","","public","final","","","13"
"main","app/src/main/java/de/mkalb/etpetssim/ui/CellDimension.java","de.mkalb.etpetssim.ui","CellDimension","RECORD","","","","public","","","","29"
"main","app/src/main/java/de/mkalb/etpetssim/ui/CellShapeSide.java","de.mkalb.etpetssim.ui","CellShapeSide","ENUM","","","","public","","","","15"
"main","app/src/main/java/de/mkalb/etpetssim/ui/FXComponentFactory.java","de.mkalb.etpetssim.ui","FXComponentFactory","CLASS","","","","public","final","@SuppressWarnings(""MagicNumber"")","","20"
"main","app/src/main/java/de/mkalb/etpetssim/ui/FXComponentFactory.java","de.mkalb.etpetssim.ui","FXComponentFactory.LabeledControl","RECORD","","","","public","","","R extends Region","775"
"main","app/src/main/java/de/mkalb/etpetssim/ui/FXGridCanvasPainter.java","de.mkalb.etpetssim.ui","FXGridCanvasPainter","CLASS","","","","public","final","@SuppressWarnings(""MagicNumber"")","","21"
"main","app/src/main/java/de/mkalb/etpetssim/ui/FXPaintFactory.java","de.mkalb.etpetssim.ui","FXPaintFactory","CLASS","","","","public","final","@SuppressWarnings({""MagicNumber""})","","13"
"main","app/src/main/java/de/mkalb/etpetssim/ui/FXStyleClasses.java","de.mkalb.etpetssim.ui","FXStyleClasses","CLASS","","","","public","final","@SuppressWarnings(""SpellCheckingInspection"")","","12"
"main","app/src/main/java/de/mkalb/etpetssim/ui/GridGeometry.java","de.mkalb.etpetssim.ui","GridGeometry","CLASS","","","","public","final","","","11"
"main","app/src/main/java/de/mkalb/etpetssim/ui/InputChoiceProperty.java","de.mkalb.etpetssim.ui","InputChoiceProperty","RECORD","","","","public","","","T","25"
"main","app/src/main/java/de/mkalb/etpetssim/ui/InputDoubleProperty.java","de.mkalb.etpetssim.ui","InputDoubleProperty","RECORD","","","","public","","","","19"
"main","app/src/main/java/de/mkalb/etpetssim/ui/InputDoublePropertyIntRange.java","de.mkalb.etpetssim.ui","InputDoublePropertyIntRange","RECORD","","","","public","","","","20"
"main","app/src/main/java/de/mkalb/etpetssim/ui/InputEnumProperty.java","de.mkalb.etpetssim.ui","InputEnumProperty","RECORD","","","","public","","","E extends Enum<E>","25"
"main","app/src/main/java/de/mkalb/etpetssim/ui/InputIntegerProperty.java","de.mkalb.etpetssim.ui","InputIntegerProperty","RECORD","","","","public","","","","21"
"main","app/src/main/java/de/mkalb/etpetssim/ui/SimulationTimer.java","de.mkalb.etpetssim.ui","SimulationTimer","CLASS","","","","public","final","","","20"
"test","app/src/test/java/de/mkalb/FxTestSupport.java","de.mkalb","FxTestSupport","CLASS","","","","public","final","","","20"
"test","app/src/test/java/de/mkalb/FxTestSupportTest.java","de.mkalb","FxTestSupportTest","CLASS","","","","package-private","final","@Execution(ExecutionMode.SAME_THREAD)","","11"
"test","app/src/test/java/de/mkalb/etpetssim/ExtraterrestrialPetsSimulationTest.java","de.mkalb.etpetssim","ExtraterrestrialPetsSimulationTest","CLASS","","","","package-private","final","@Execution(ExecutionMode.SAME_THREAD)","","20"
"test","app/src/test/java/de/mkalb/etpetssim/ExtraterrestrialPetsSimulationTest.java","de.mkalb.etpetssim","ExtraterrestrialPetsSimulationTest.TerminationAwaitOutcome","ENUM","","","","private","","","","192"
"test","app/src/test/java/de/mkalb/etpetssim/ExtraterrestrialPetsSimulationTest.java","de.mkalb.etpetssim","ExtraterrestrialPetsSimulationTest.CountingMainView","CLASS","","SimulationMainView","","private","static final","","","199"
"test","app/src/test/java/de/mkalb/etpetssim/ExtraterrestrialPetsSimulationTest.java","de.mkalb.etpetssim","ExtraterrestrialPetsSimulationTest.CountingTermination","CLASS","","SimulationTermination","","private","static final","","","233"
"test","app/src/test/java/de/mkalb/etpetssim/SimulationTypeTest.java","de.mkalb.etpetssim","SimulationTypeTest","CLASS","","","","package-private","final","@Execution(ExecutionMode.SAME_THREAD) | @SuppressWarnings(""SpellCheckingInspection"")","","12"
"test","app/src/test/java/de/mkalb/etpetssim/core/AppArgsTest.java","de.mkalb.etpetssim.core","AppArgsTest","CLASS","","","","package-private","final","@Execution(ExecutionMode.SAME_THREAD) | @SuppressWarnings(""MagicNumber"")","","10"
"test","app/src/test/java/de/mkalb/etpetssim/core/AppLocalizationTest.java","de.mkalb.etpetssim.core","AppLocalizationTest","CLASS","","","","package-private","final","@Execution(ExecutionMode.SAME_THREAD)","","11"
"test","app/src/test/java/de/mkalb/etpetssim/core/AppLoggerTest.java","de.mkalb.etpetssim.core","AppLoggerTest","CLASS","","","","package-private","final","@Execution(ExecutionMode.SAME_THREAD)","","14"
"test","app/src/test/java/de/mkalb/etpetssim/core/AppResourcesTest.java","de.mkalb.etpetssim.core","AppResourcesTest","CLASS","","","","package-private","final","@Execution(ExecutionMode.SAME_THREAD)","","16"
"test","app/src/test/java/de/mkalb/etpetssim/core/AppStorageTest.java","de.mkalb.etpetssim.core","AppStorageTest","CLASS","","","","package-private","final","@Execution(ExecutionMode.SAME_THREAD)","","13"
"test","app/src/test/java/de/mkalb/etpetssim/engine/CellShapeTest.java","de.mkalb.etpetssim.engine","CellShapeTest","CLASS","","","","package-private","final","","","7"
"test","app/src/test/java/de/mkalb/etpetssim/engine/EdgeBehaviorTest.java","de.mkalb.etpetssim.engine","EdgeBehaviorTest","CLASS","","","","package-private","final","","","7"
"test","app/src/test/java/de/mkalb/etpetssim/engine/GridCoordinateTest.java","de.mkalb.etpetssim.engine","GridCoordinateTest","CLASS","","","","package-private","final","@SuppressWarnings(""MagicNumber"")","","7"
"test","app/src/test/java/de/mkalb/etpetssim/engine/GridEdgeBehaviorTest.java","de.mkalb.etpetssim.engine","GridEdgeBehaviorTest","CLASS","","","","package-private","final","","","7"
"test","app/src/test/java/de/mkalb/etpetssim/engine/GridOffsetTest.java","de.mkalb.etpetssim.engine","GridOffsetTest","CLASS","","","","package-private","final","@SuppressWarnings(""MagicNumber"")","","7"
"test","app/src/test/java/de/mkalb/etpetssim/engine/GridSizeTest.java","de.mkalb.etpetssim.engine","GridSizeTest","CLASS","","","","package-private","final","@SuppressWarnings(""MagicNumber"")","","7"
"test","app/src/test/java/de/mkalb/etpetssim/engine/GridStructureTest.java","de.mkalb.etpetssim.engine","GridStructureTest","CLASS","","","","package-private","final","@SuppressWarnings(""MagicNumber"")","","9"
"test","app/src/test/java/de/mkalb/etpetssim/engine/GridTopologyTest.java","de.mkalb.etpetssim.engine","GridTopologyTest","CLASS","","","","package-private","final","","","7"
"test","app/src/test/java/de/mkalb/etpetssim/engine/executor/StepExecutionResultTest.java","de.mkalb.etpetssim.engine.executor","StepExecutionResultTest","CLASS","","","","package-private","final","","","7"
"test","app/src/test/java/de/mkalb/etpetssim/engine/executor/StepTimingStatisticsTest.java","de.mkalb.etpetssim.engine.executor","StepTimingStatisticsTest","CLASS","","","","package-private","final","","","7"
"test","app/src/test/java/de/mkalb/etpetssim/engine/model/ArrayGridModelTest.java","de.mkalb.etpetssim.engine.model","ArrayGridModelTest","CLASS","","","","package-private","final","@SuppressWarnings(""MagicNumber"")","","12"
"test","app/src/test/java/de/mkalb/etpetssim/engine/model/GridCellTest.java","de.mkalb.etpetssim.engine.model","GridCellTest","CLASS","","","","package-private","final","","","8"
"test","app/src/test/java/de/mkalb/etpetssim/engine/model/GridModelTestSupport.java","de.mkalb.etpetssim.engine.model","GridModelTestSupport","CLASS","","","","package-private","final","","","8"
"test","app/src/test/java/de/mkalb/etpetssim/engine/model/GridModelTestSupport.java","de.mkalb.etpetssim.engine.model","GridModelTestSupport.TestEntity","ENUM","","GridEntity","","package-private","","","","21"
"test","app/src/test/java/de/mkalb/etpetssim/engine/model/SparseGridModelTest.java","de.mkalb.etpetssim.engine.model","SparseGridModelTest","CLASS","","","","package-private","final","@SuppressWarnings(""MagicNumber"")","","12"
"test","app/src/test/java/de/mkalb/etpetssim/engine/model/WritableGridModelDefaultMethodsTest.java","de.mkalb.etpetssim.engine.model","WritableGridModelDefaultMethodsTest","CLASS","","","","package-private","final","","","18"
"test","app/src/test/java/de/mkalb/etpetssim/engine/model/entity/GridEntityDescriptorRegistryTest.java","de.mkalb.etpetssim.engine.model.entity","GridEntityDescriptorRegistryTest","CLASS","","","","package-private","final","@Execution(ExecutionMode.SAME_THREAD)","","13"
"test","app/src/test/java/de/mkalb/etpetssim/engine/model/entity/GridEntityDescriptorRegistryTest.java","de.mkalb.etpetssim.engine.model.entity","GridEntityDescriptorRegistryTest.TestDescriptorProvider","RECORD","","GridEntityDescriptorProvider","","private","","","","117"
"test","app/src/test/java/de/mkalb/etpetssim/engine/model/entity/GridEntityDescriptorSpecTest.java","de.mkalb.etpetssim.engine.model.entity","GridEntityDescriptorSpecTest","CLASS","","","","package-private","final","","","8"
"test","app/src/test/java/de/mkalb/etpetssim/engine/model/entity/GridEntityDescriptorTest.java","de.mkalb.etpetssim.engine.model.entity","GridEntityDescriptorTest","CLASS","","","","package-private","final","","","8"
"test","app/src/test/java/de/mkalb/etpetssim/engine/model/entity/GridEntityTest.java","de.mkalb.etpetssim.engine.model.entity","GridEntityTest","CLASS","","","","package-private","final","","","7"
"test","app/src/test/java/de/mkalb/etpetssim/engine/model/entity/GridEntityTest.java","de.mkalb.etpetssim.engine.model.entity","GridEntityTest.TestEntity","RECORD","","GridEntity","","private","","@SuppressWarnings(""SameParameterValue"")","","27"
"test","app/src/test/java/de/mkalb/etpetssim/engine/model/entity/GridEntityTest.java","de.mkalb.etpetssim.engine.model.entity","GridEntityTest.TestConstantEntity","RECORD","","ConstantGridEntity","","private","","@SuppressWarnings(""SameParameterValue"")","","37"
"test","app/src/test/java/de/mkalb/etpetssim/engine/model/entity/SpecBackedGridEntityDescriptorProviderTest.java","de.mkalb.etpetssim.engine.model.entity","SpecBackedGridEntityDescriptorProviderTest","CLASS","","","","package-private","final","","","8"
"test","app/src/test/java/de/mkalb/etpetssim/engine/model/entity/SpecBackedGridEntityDescriptorProviderTest.java","de.mkalb.etpetssim.engine.model.entity","SpecBackedGridEntityDescriptorProviderTest.TestSpecBackedProvider","RECORD","","SpecBackedGridEntityDescriptorProvider","","private","","","","54"
"test","app/src/test/java/de/mkalb/etpetssim/engine/model/entity/SpecBackedGridEntityDescriptorProviderTest.java","de.mkalb.etpetssim.engine.model.entity","SpecBackedGridEntityDescriptorProviderTest.TestConstantSpecBackedProvider","RECORD","","ConstantGridEntityDescriptorProvider","","private","","","","58"
"test","app/src/test/java/de/mkalb/etpetssim/engine/neighborhood/CellConnectionTypeTest.java","de.mkalb.etpetssim.engine.neighborhood","CellConnectionTypeTest","CLASS","","","","package-private","final","","","7"
"test","app/src/test/java/de/mkalb/etpetssim/engine/neighborhood/CellNeighborTest.java","de.mkalb.etpetssim.engine.neighborhood","CellNeighborTest","CLASS","","","","package-private","final","","","8"
"test","app/src/test/java/de/mkalb/etpetssim/engine/neighborhood/CellNeighborWithEdgeBehaviorTest.java","de.mkalb.etpetssim.engine.neighborhood","CellNeighborWithEdgeBehaviorTest","CLASS","","","","package-private","final","","","8"
"test","app/src/test/java/de/mkalb/etpetssim/engine/neighborhood/CellNeighborhoodsTest.java","de.mkalb.etpetssim.engine.neighborhood","CellNeighborhoodsTest","CLASS","","","","package-private","final","@SuppressWarnings({""MagicNumber"", ""DuplicateExpressions""})","","11"
"test","app/src/test/java/de/mkalb/etpetssim/engine/neighborhood/CompassDirectionTest.java","de.mkalb.etpetssim.engine.neighborhood","CompassDirectionTest","CLASS","","","","package-private","final","@SuppressWarnings(""MagicNumber"")","","9"
"test","app/src/test/java/de/mkalb/etpetssim/engine/neighborhood/EdgeBehaviorActionTest.java","de.mkalb.etpetssim.engine.neighborhood","EdgeBehaviorActionTest","CLASS","","","","package-private","final","","","7"
"test","app/src/test/java/de/mkalb/etpetssim/engine/neighborhood/EdgeBehaviorResultTest.java","de.mkalb.etpetssim.engine.neighborhood","EdgeBehaviorResultTest","CLASS","","","","package-private","final","","","8"
"test","app/src/test/java/de/mkalb/etpetssim/engine/neighborhood/NeighborhoodModeTest.java","de.mkalb.etpetssim.engine.neighborhood","NeighborhoodModeTest","CLASS","","","","package-private","final","","","7"
"test","app/src/test/java/de/mkalb/etpetssim/engine/neighborhood/RadiusRingCellTest.java","de.mkalb.etpetssim.engine.neighborhood","RadiusRingCellTest","CLASS","","","","package-private","final","","","10"
"test","app/src/test/java/de/mkalb/etpetssim/engine/support/GridInitializersTest.java","de.mkalb.etpetssim.engine.support","GridInitializersTest","CLASS","","","","package-private","final","@SuppressWarnings(""MagicNumber"")","","13"
"test","app/src/test/java/de/mkalb/etpetssim/engine/support/GridInitializersTest.java","de.mkalb.etpetssim.engine.support","GridInitializersTest.TestEntity","ENUM","","GridEntity","","private","","","","72"
"test","app/src/test/java/de/mkalb/etpetssim/engine/support/GridInitializersTest.java","de.mkalb.etpetssim.engine.support","GridInitializersTest.TrackingRandom","CLASS","Random","","","private","static final","","","82"
"test","app/src/test/java/de/mkalb/etpetssim/engine/support/WorkCheckpointsTest.java","de.mkalb.etpetssim.engine.support","WorkCheckpointsTest","CLASS","","","","package-private","final","","","7"
"test","app/src/test/java/de/mkalb/etpetssim/simulations/conway/model/ConwayConfigTest.java","de.mkalb.etpetssim.simulations.conway.model","ConwayConfigTest","CLASS","","","","package-private","final","","","13"
"test","app/src/test/java/de/mkalb/etpetssim/simulations/conway/model/ConwayPatternChoiceTest.java","de.mkalb.etpetssim.simulations.conway.model","ConwayPatternChoiceTest","CLASS","","","","package-private","final","","","14"
"test","app/src/test/java/de/mkalb/etpetssim/simulations/conway/model/ConwayPatternsTest.java","de.mkalb.etpetssim.simulations.conway.model","ConwayPatternsTest","CLASS","","","","package-private","final","@SuppressWarnings(""MagicNumber"")","","13"
"test","app/src/test/java/de/mkalb/etpetssim/simulations/conway/model/ConwayPatternsTest.java","de.mkalb.etpetssim.simulations.conway.model","ConwayPatternsTest.PatternExpectation","RECORD","","","","private","","","","297"
"test","app/src/test/java/de/mkalb/etpetssim/simulations/conway/model/ConwayUserActionContextTest.java","de.mkalb.etpetssim.simulations.conway.model","ConwayUserActionContextTest","CLASS","","","","package-private","final","","","8"
"test","app/src/test/java/de/mkalb/etpetssim/simulations/conway/model/ConwayUserActionTest.java","de.mkalb.etpetssim.simulations.conway.model","ConwayUserActionTest","CLASS","","","","package-private","final","@SuppressWarnings(""SameParameterValue"")","","10"
"test","app/src/test/java/de/mkalb/etpetssim/simulations/conway/shared/ConwayTransitionRulesTest.java","de.mkalb.etpetssim.simulations.conway.shared","ConwayTransitionRulesTest","CLASS","","","","package-private","final","","","9"
"test","app/src/test/java/de/mkalb/etpetssim/simulations/core/SimulationFactoryTest.java","de.mkalb.etpetssim.simulations.core","SimulationFactoryTest","CLASS","","","","package-private","final","@Execution(ExecutionMode.SAME_THREAD)","","28"
"test","app/src/test/java/de/mkalb/etpetssim/simulations/core/SimulationInstanceTest.java","de.mkalb.etpetssim.simulations.core","SimulationInstanceTest","CLASS","","","","package-private","final","@Execution(ExecutionMode.SAME_THREAD)","","16"
"test","app/src/test/java/de/mkalb/etpetssim/simulations/core/SimulationInstanceTest.java","de.mkalb.etpetssim.simulations.core","SimulationInstanceTest.StubMainView","RECORD","","SimulationMainView","","private","","","","202"
"test","app/src/test/java/de/mkalb/etpetssim/simulations/core/SimulationTerminationTest.java","de.mkalb.etpetssim.simulations.core","SimulationTerminationTest","CLASS","","","","package-private","final","","","9"
"test","app/src/test/java/de/mkalb/etpetssim/simulations/core/model/ExtremaGoldenValueAnalyzer.java","de.mkalb.etpetssim.simulations.core.model","ExtremaGoldenValueAnalyzer","CLASS","","","","public","final","@SuppressWarnings(""HardcodedLineSeparator"")","","24"
"test","app/src/test/java/de/mkalb/etpetssim/simulations/core/model/NoUserActionTest.java","de.mkalb.etpetssim.simulations.core.model","NoUserActionTest","CLASS","","","","package-private","final","","","12"
"test","app/src/test/java/de/mkalb/etpetssim/simulations/core/model/SimulationConfigTest.java","de.mkalb.etpetssim.simulations.core.model","SimulationConfigTest","CLASS","","","","package-private","final","","","12"
"test","app/src/test/java/de/mkalb/etpetssim/simulations/core/model/SimulationConfigTest.java","de.mkalb.etpetssim.simulations.core.model","SimulationConfigTest.TestSimulationConfig","RECORD","","SimulationConfig","","private","","@SuppressWarnings(""SameParameterValue"")","","161"
"test","app/src/test/java/de/mkalb/etpetssim/simulations/core/model/SimulationInitializationCancellationTest.java","de.mkalb.etpetssim.simulations.core.model","SimulationInitializationCancellationTest","CLASS","","","","package-private","final","","","7"
"test","app/src/test/java/de/mkalb/etpetssim/simulations/core/model/StatisticChartGroupTest.java","de.mkalb.etpetssim.simulations.core.model","StatisticChartGroupTest","CLASS","","","","package-private","final","","","7"
"test","app/src/test/java/de/mkalb/etpetssim/simulations/core/model/StatisticExtremaModeTest.java","de.mkalb.etpetssim.simulations.core.model","StatisticExtremaModeTest","CLASS","","","","package-private","final","","","7"
"test","app/src/test/java/de/mkalb/etpetssim/simulations/core/model/StatisticExtremaTest.java","de.mkalb.etpetssim.simulations.core.model","StatisticExtremaTest","CLASS","","","","package-private","final","@SuppressWarnings(""MagicNumber"")","","9"
"test","app/src/test/java/de/mkalb/etpetssim/simulations/core/model/StatisticExtremaTrackerTest.java","de.mkalb.etpetssim.simulations.core.model","StatisticExtremaTrackerTest","CLASS","","","","package-private","final","@SuppressWarnings(""MagicNumber"")","","9"
"test","app/src/test/java/de/mkalb/etpetssim/simulations/core/model/StatisticExtremumTest.java","de.mkalb.etpetssim.simulations.core.model","StatisticExtremumTest","CLASS","","","","package-private","final","@SuppressWarnings(""MagicNumber"")","","7"
"test","app/src/test/java/de/mkalb/etpetssim/simulations/core/model/StatisticHistoryTest.java","de.mkalb.etpetssim.simulations.core.model","StatisticHistoryTest","CLASS","","","","package-private","final","","","10"
"test","app/src/test/java/de/mkalb/etpetssim/simulations/core/model/StatisticMetricLabelKeyTest.java","de.mkalb.etpetssim.simulations.core.model","StatisticMetricLabelKeyTest","CLASS","","","","package-private","final","","","21"
"test","app/src/test/java/de/mkalb/etpetssim/simulations/core/model/StatisticMetricRowTest.java","de.mkalb.etpetssim.simulations.core.model","StatisticMetricRowTest","CLASS","","","","package-private","final","@SuppressWarnings(""MagicNumber"")","","18"
"test","app/src/test/java/de/mkalb/etpetssim/simulations/core/model/StatisticMetricRowTest.java","de.mkalb.etpetssim.simulations.core.model","StatisticMetricRowTest.ExpectedMetric","RECORD","","","","private","","","","177"
"test","app/src/test/java/de/mkalb/etpetssim/simulations/core/model/StatisticMetricTest.java","de.mkalb.etpetssim.simulations.core.model","StatisticMetricTest","CLASS","","","","package-private","final","@SuppressWarnings(""MagicNumber"")","","8"
"test","app/src/test/java/de/mkalb/etpetssim/simulations/core/model/StatisticMetricTest.java","de.mkalb.etpetssim.simulations.core.model","StatisticMetricTest.TestStatistics","RECORD","","SimulationStatistics","","private","","","","123"
"test","app/src/test/java/de/mkalb/etpetssim/simulations/core/model/StatisticSampleTest.java","de.mkalb.etpetssim.simulations.core.model","StatisticSampleTest","CLASS","","","","package-private","final","@SuppressWarnings(""MagicNumber"")","","10"
"test","app/src/test/java/de/mkalb/etpetssim/simulations/core/model/TimedStatisticsTrackingTest.java","de.mkalb.etpetssim.simulations.core.model","TimedStatisticsTrackingTest","CLASS","","","","package-private","final","@SuppressWarnings(""MagicNumber"")","","21"
"test","app/src/test/java/de/mkalb/etpetssim/simulations/core/shared/NoUserActionContextTest.java","de.mkalb.etpetssim.simulations.core.shared","NoUserActionContextTest","CLASS","","","","package-private","final","","","7"
"test","app/src/test/java/de/mkalb/etpetssim/simulations/core/shared/SimulationStateTest.java","de.mkalb.etpetssim.simulations.core.shared","SimulationStateTest","CLASS","","","","package-private","final","@SuppressWarnings(""MagicNumber"")","","9"
"test","app/src/test/java/de/mkalb/etpetssim/simulations/core/view/AbstractMainViewTest.java","de.mkalb.etpetssim.simulations.core.view","AbstractMainViewTest","CLASS","","","","package-private","final","@SuppressWarnings(""MagicNumber"") | @Execution(ExecutionMode.SAME_THREAD)","","20"
"test","app/src/test/java/de/mkalb/etpetssim/simulations/core/view/StatisticHistoryChartViewTest.java","de.mkalb.etpetssim.simulations.core.view","StatisticHistoryChartViewTest","CLASS","","","","package-private","final","@SuppressWarnings(""MagicNumber"") | @Execution(ExecutionMode.SAME_THREAD) | @TestInstance(TestInstance.Lifecycle.PER_CLASS)","","18"
"test","app/src/test/java/de/mkalb/etpetssim/simulations/core/viewmodel/DefaultControlViewModelTest.java","de.mkalb.etpetssim.simulations.core.viewmodel","DefaultControlViewModelTest","CLASS","","","","package-private","final","@SuppressWarnings(""MagicNumber"") | @Execution(ExecutionMode.SAME_THREAD)","","13"
"test","app/src/test/java/de/mkalb/etpetssim/simulations/core/viewmodel/DefaultMainViewModelTest.java","de.mkalb.etpetssim.simulations.core.viewmodel","DefaultMainViewModelTest","CLASS","","","","package-private","final","@SuppressWarnings(""MagicNumber"") | @Execution(ExecutionMode.SAME_THREAD)","","25"
"test","app/src/test/java/de/mkalb/etpetssim/simulations/core/viewmodel/DefaultMainViewModelTest.java","de.mkalb.etpetssim.simulations.core.viewmodel","DefaultMainViewModelTest.Fixture","RECORD","","","","private","","","","452"
"test","app/src/test/java/de/mkalb/etpetssim/simulations/core/viewmodel/DefaultObservationViewModelTest.java","de.mkalb.etpetssim.simulations.core.viewmodel","DefaultObservationViewModelTest","CLASS","","","","package-private","final","@SuppressWarnings(""MagicNumber"") | @Execution(ExecutionMode.SAME_THREAD)","","19"
"test","app/src/test/java/de/mkalb/etpetssim/simulations/core/viewmodel/DefaultObservationViewModelTest.java","de.mkalb.etpetssim.simulations.core.viewmodel","DefaultObservationViewModelTest.Fixture","RECORD","","","","private","","","","235"
"test","app/src/test/java/de/mkalb/etpetssim/simulations/core/viewmodel/DefaultObservationViewModelTest.java","de.mkalb.etpetssim.simulations.core.viewmodel","DefaultObservationViewModelTest.TestStatistics","RECORD","","SimulationStatistics","","private","","","","240"
"test","app/src/test/java/de/mkalb/etpetssim/simulations/etpets/model/EtpetsConfigTest.java","de.mkalb.etpetssim.simulations.etpets.model","EtpetsConfigTest","CLASS","","","","package-private","final","@SuppressWarnings(""MagicNumber"")","","10"
"test","app/src/test/java/de/mkalb/etpetssim/simulations/etpets/model/EtpetsScoreTuningRunner.java","de.mkalb.etpetssim.simulations.etpets.model","EtpetsScoreTuningRunner","CLASS","","","","public","final","@SuppressWarnings(""MagicNumber"")","","11"
"test","app/src/test/java/de/mkalb/etpetssim/simulations/etpets/model/EtpetsUserActionTest.java","de.mkalb.etpetssim.simulations.etpets.model","EtpetsUserActionTest","CLASS","","","","package-private","final","@SuppressWarnings(""MagicNumber"")","","12"
"test","app/src/test/java/de/mkalb/etpetssim/simulations/etpets/shared/EtpetsUserActionContextTest.java","de.mkalb.etpetssim.simulations.etpets.shared","EtpetsUserActionContextTest","CLASS","","","","package-private","final","","","8"
"test","app/src/test/java/de/mkalb/etpetssim/simulations/forest/model/ForestConfigTest.java","de.mkalb.etpetssim.simulations.forest.model","ForestConfigTest","CLASS","","","","package-private","final","","","10"
"test","app/src/test/java/de/mkalb/etpetssim/simulations/forest/model/ForestUserActionTest.java","de.mkalb.etpetssim.simulations.forest.model","ForestUserActionTest","CLASS","","","","package-private","final","","","11"
"test","app/src/test/java/de/mkalb/etpetssim/simulations/lab/model/LabConfigTest.java","de.mkalb.etpetssim.simulations.lab.model","LabConfigTest","CLASS","","","","package-private","final","","","11"
"test","app/src/test/java/de/mkalb/etpetssim/simulations/langton/model/LangtonConfigTest.java","de.mkalb.etpetssim.simulations.langton.model","LangtonConfigTest","CLASS","","","","package-private","final","","","11"
"test","app/src/test/java/de/mkalb/etpetssim/simulations/langton/model/LangtonUserActionTest.java","de.mkalb.etpetssim.simulations.langton.model","LangtonUserActionTest","CLASS","","","","package-private","final","","","11"
"test","app/src/test/java/de/mkalb/etpetssim/simulations/langton/shared/LangtonUserActionContextTest.java","de.mkalb.etpetssim.simulations.langton.shared","LangtonUserActionContextTest","CLASS","","","","package-private","final","","","9"
"test","app/src/test/java/de/mkalb/etpetssim/simulations/langton/viewmodel/LangtonEditToolBarViewModelTest.java","de.mkalb.etpetssim.simulations.langton.viewmodel","LangtonEditToolBarViewModelTest","CLASS","","","","package-private","final","","","11"
"test","app/src/test/java/de/mkalb/etpetssim/simulations/rebounding/model/ReboundingConfigTest.java","de.mkalb.etpetssim.simulations.rebounding.model","ReboundingConfigTest","CLASS","","","","package-private","final","","","10"
"test","app/src/test/java/de/mkalb/etpetssim/simulations/rebounding/model/ReboundingUserActionTest.java","de.mkalb.etpetssim.simulations.rebounding.model","ReboundingUserActionTest","CLASS","","","","package-private","final","@SuppressWarnings(""MagicNumber"")","","12"
"test","app/src/test/java/de/mkalb/etpetssim/simulations/rebounding/shared/ReboundingUserActionContextTest.java","de.mkalb.etpetssim.simulations.rebounding.shared","ReboundingUserActionContextTest","CLASS","","","","package-private","final","","","9"
"test","app/src/test/java/de/mkalb/etpetssim/simulations/snake/model/SnakeConfigTest.java","de.mkalb.etpetssim.simulations.snake.model","SnakeConfigTest","CLASS","","","","package-private","final","","","11"
"test","app/src/test/java/de/mkalb/etpetssim/simulations/snake/model/SnakeUserActionTest.java","de.mkalb.etpetssim.simulations.snake.model","SnakeUserActionTest","CLASS","","","","package-private","final","@SuppressWarnings(""MagicNumber"")","","13"
"test","app/src/test/java/de/mkalb/etpetssim/simulations/snake/shared/SnakeUserActionContextTest.java","de.mkalb.etpetssim.simulations.snake.shared","SnakeUserActionContextTest","CLASS","","","","package-private","final","","","9"
"test","app/src/test/java/de/mkalb/etpetssim/simulations/sugar/model/SugarConfigTest.java","de.mkalb.etpetssim.simulations.sugar.model","SugarConfigTest","CLASS","","","","package-private","final","","","10"
"test","app/src/test/java/de/mkalb/etpetssim/simulations/sugar/model/SugarUserActionTest.java","de.mkalb.etpetssim.simulations.sugar.model","SugarUserActionTest","CLASS","","","","package-private","final","","","10"
"test","app/src/test/java/de/mkalb/etpetssim/simulations/sugar/shared/SugarUserActionContextTest.java","de.mkalb.etpetssim.simulations.sugar.shared","SugarUserActionContextTest","CLASS","","","","package-private","final","","","8"
"test","app/src/test/java/de/mkalb/etpetssim/simulations/wator/model/WatorConfigTest.java","de.mkalb.etpetssim.simulations.wator.model","WatorConfigTest","CLASS","","","","package-private","final","","","10"
"test","app/src/test/java/de/mkalb/etpetssim/simulations/wator/model/WatorUserActionTest.java","de.mkalb.etpetssim.simulations.wator.model","WatorUserActionTest","CLASS","","","","package-private","final","","","11"
"test","app/src/test/java/de/mkalb/etpetssim/simulations/wator/shared/WatorUserActionContextTest.java","de.mkalb.etpetssim.simulations.wator.shared","WatorUserActionContextTest","CLASS","","","","package-private","final","","","8"
"test","app/src/test/java/de/mkalb/etpetssim/skills/I18nConsistencyCheckTest.java","de.mkalb.etpetssim.skills","I18nConsistencyCheckTest","CLASS","","","","package-private","final","@Tag(""skill"") | @SuppressWarnings({""MagicNumber"", ""HardcodedLineSeparator"", ""SpellCheckingInspection""})","","13"
"test","app/src/test/java/de/mkalb/etpetssim/skills/I18nConsistencyCheckTest.java","de.mkalb.etpetssim.skills","I18nConsistencyCheckTest.ProcessResult","RECORD","","","","private","","","","729"
"test","app/src/test/java/de/mkalb/etpetssim/skills/JavaCodeInventoryTest.java","de.mkalb.etpetssim.skills","JavaCodeInventoryTest","CLASS","","","","package-private","final","@Tag(""skill"") | @SuppressWarnings({""MagicNumber"", ""HardcodedLineSeparator""})","","14"
"test","app/src/test/java/de/mkalb/etpetssim/skills/JavaCodeInventoryTest.java","de.mkalb.etpetssim.skills","JavaCodeInventoryTest.ProcessResult","RECORD","","","","private","","","","519"
"test","app/src/test/java/de/mkalb/etpetssim/ui/CellDimensionAnalyzer.java","de.mkalb.etpetssim.ui","CellDimensionAnalyzer","CLASS","","","","public","final","@SuppressWarnings(""MagicNumber"")","","13"
"test","app/src/test/java/de/mkalb/etpetssim/ui/CellDimensionTest.java","de.mkalb.etpetssim.ui","CellDimensionTest","CLASS","","","","package-private","final","","","11"
"test","app/src/test/java/de/mkalb/etpetssim/ui/CellShapeSideTest.java","de.mkalb.etpetssim.ui","CellShapeSideTest","CLASS","","","","package-private","final","","","7"
"test","app/src/test/java/de/mkalb/etpetssim/ui/FXComponentFactoryTest.java","de.mkalb.etpetssim.ui","FXComponentFactoryTest","CLASS","","","","package-private","final","@Execution(ExecutionMode.SAME_THREAD) | @SuppressWarnings(""MagicNumber"")","","17"
"test","app/src/test/java/de/mkalb/etpetssim/ui/FXComponentFactoryTest.java","de.mkalb.etpetssim.ui","FXComponentFactoryTest.TestMode","ENUM","","","","private","","","","367"
"test","app/src/test/java/de/mkalb/etpetssim/ui/FXComponentFactoryTest.java","de.mkalb.etpetssim.ui","FXComponentFactoryTest.TestToggle","ENUM","","","","private","","","","373"
"test","app/src/test/java/de/mkalb/etpetssim/ui/FXGridCanvasPainterTest.java","de.mkalb.etpetssim.ui","FXGridCanvasPainterTest","CLASS","","","","package-private","final","@Execution(ExecutionMode.SAME_THREAD) | @SuppressWarnings(""MagicNumber"")","","17"
"test","app/src/test/java/de/mkalb/etpetssim/ui/FXPaintFactoryTest.java","de.mkalb.etpetssim.ui","FXPaintFactoryTest","CLASS","","","","package-private","final","@SuppressWarnings(""MagicNumber"")","","10"
"test","app/src/test/java/de/mkalb/etpetssim/ui/FXStyleClassesTest.java","de.mkalb.etpetssim.ui","FXStyleClassesTest","CLASS","","","","package-private","final","","","10"
"test","app/src/test/java/de/mkalb/etpetssim/ui/GridGeometryTest.java","de.mkalb.etpetssim.ui","GridGeometryTest","CLASS","","","","package-private","final","@Execution(ExecutionMode.SAME_THREAD) | @SuppressWarnings(""MagicNumber"")","","10"
"test","app/src/test/java/de/mkalb/etpetssim/ui/InputChoicePropertyTest.java","de.mkalb.etpetssim.ui","InputChoicePropertyTest","CLASS","","","","package-private","final","@Execution(ExecutionMode.SAME_THREAD)","","12"
"test","app/src/test/java/de/mkalb/etpetssim/ui/InputChoicePropertyTest.java","de.mkalb.etpetssim.ui","InputChoicePropertyTest.TestMode","ENUM","","","","private","","","","161"
"test","app/src/test/java/de/mkalb/etpetssim/ui/InputDoublePropertyIntRangeTest.java","de.mkalb.etpetssim.ui","InputDoublePropertyIntRangeTest","CLASS","","","","package-private","final","@Execution(ExecutionMode.SAME_THREAD)","","10"
"test","app/src/test/java/de/mkalb/etpetssim/ui/InputDoublePropertyTest.java","de.mkalb.etpetssim.ui","InputDoublePropertyTest","CLASS","","","","package-private","final","@Execution(ExecutionMode.SAME_THREAD)","","10"
"test","app/src/test/java/de/mkalb/etpetssim/ui/InputEnumPropertyTest.java","de.mkalb.etpetssim.ui","InputEnumPropertyTest","CLASS","","","","package-private","final","@Execution(ExecutionMode.SAME_THREAD)","","12"
"test","app/src/test/java/de/mkalb/etpetssim/ui/InputEnumPropertyTest.java","de.mkalb.etpetssim.ui","InputEnumPropertyTest.TestMode","ENUM","","","","private","","","","158"
"test","app/src/test/java/de/mkalb/etpetssim/ui/InputIntegerPropertyTest.java","de.mkalb.etpetssim.ui","InputIntegerPropertyTest","CLASS","","","","package-private","final","@Execution(ExecutionMode.SAME_THREAD)","","10"
"test","app/src/test/java/de/mkalb/etpetssim/ui/SimulationTimerTest.java","de.mkalb.etpetssim.ui","SimulationTimerTest","CLASS","","","","package-private","final","@Execution(ExecutionMode.SAME_THREAD)","","13"
